REF_AREA,DATA_TYPE,SEX,AGE,TIME_PERIOD,OBS_VALUE,OBS_STATUS
IT,ACT_R,1,Y15-24,2018,29.737717,
IT,ACT_R,1,Y15-24,2019,29.569701,
IT,ACT_R,1,Y15-24,2020,28.234143,
IT,ACT_R,1,Y15-24,2021,29.394735,
IT,ACT_R,1,Y15-24,2022,30.121388,
IT,ACT_R,1,Y15-24,2023,30.823516,
IT,ACT_R,1,Y15-24,2024,29.697463,
IT,ACT_R,1,Y15-24,2025,26.364641,
IT,ACT_R,1,Y15-64,2018,75.01317,
IT,ACT_R,1,Y15-64,2019,74.927566,
IT,ACT_R,1,Y15-64,2020,72.947398,
IT,ACT_R,1,Y15-64,2021,73.612099,
IT,ACT_R,1,Y15-64,2022,74.628396,
IT,ACT_R,1,Y15-64,2023,75.679119,
IT,ACT_R,1,Y15-64,2024,75.627095,
IT,ACT_R,1,Y15-64,2025,75.620535,
IT,ACT_R,1,Y15-89,2018,59.62514,
IT,ACT_R,1,Y15-89,2019,59.453607,
IT,ACT_R,1,Y15-89,2020,57.656966,
IT,ACT_R,1,Y15-89,2021,58.151361,
IT,ACT_R,1,Y15-89,2022,58.632257,
IT,ACT_R,1,Y15-89,2023,59.348384,
IT,ACT_R,1,Y15-89,2024,59.289581,
IT,ACT_R,1,Y15-89,2025,59.294738,
IT,ACT_R,1,Y18-29,2018,55.904501,
IT,ACT_R,1,Y18-29,2019,55.822034,
IT,ACT_R,1,Y18-29,2020,53.474281,
IT,ACT_R,1,Y18-29,2021,55.669865,
IT,ACT_R,1,Y18-29,2022,56.930516,
IT,ACT_R,1,Y18-29,2023,58.229306,
IT,ACT_R,1,Y18-29,2024,56.515261,
IT,ACT_R,1,Y18-29,2025,53.583168,
IT,ACT_R,1,Y25-34,2018,81.700568,
IT,ACT_R,1,Y25-34,2019,81.814505,
IT,ACT_R,1,Y25-34,2020,78.899959,
IT,ACT_R,1,Y25-34,2021,81.65254,
IT,ACT_R,1,Y25-34,2022,82.985364,
IT,ACT_R,1,Y25-34,2023,84.345817,
IT,ACT_R,1,Y25-34,2024,83.158244,
IT,ACT_R,1,Y25-34,2025,83.159107,
IT,ACT_R,1,Y35-44,2018,91.245256,
IT,ACT_R,1,Y35-44,2019,91.534285,
IT,ACT_R,1,Y35-44,2020,89.501532,
IT,ACT_R,1,Y35-44,2021,89.979278,
IT,ACT_R,1,Y35-44,2022,91.050107,
IT,ACT_R,1,Y35-44,2023,92.098627,
IT,ACT_R,1,Y35-44,2024,91.682342,
IT,ACT_R,1,Y35-44,2025,92.469828,
IT,ACT_R,1,Y35-49,2018,91.203964,
IT,ACT_R,1,Y35-49,2019,91.343229,
IT,ACT_R,1,Y35-49,2020,89.416397,
IT,ACT_R,1,Y35-49,2021,90.039067,
IT,ACT_R,1,Y35-49,2022,91.193101,
IT,ACT_R,1,Y35-49,2023,91.825557,
IT,ACT_R,1,Y35-49,2024,91.829896,
IT,ACT_R,1,Y35-49,2025,92.338389,
IT,ACT_R,1,Y45-54,2018,90.450671,
IT,ACT_R,1,Y45-54,2019,90.362156,
IT,ACT_R,1,Y45-54,2020,88.865473,
IT,ACT_R,1,Y45-54,2021,89.10912,
IT,ACT_R,1,Y45-54,2022,90.431265,
IT,ACT_R,1,Y45-54,2023,90.865947,
IT,ACT_R,1,Y45-54,2024,91.241939,
IT,ACT_R,1,Y45-54,2025,91.586284,
IT,ACT_R,1,Y55-64,2018,68.27248,
IT,ACT_R,1,Y55-64,2019,68.330476,
IT,ACT_R,1,Y55-64,2020,66.921489,
IT,ACT_R,1,Y55-64,2021,67.180818,
IT,ACT_R,1,Y55-64,2022,68.649768,
IT,ACT_R,1,Y55-64,2023,71.016898,
IT,ACT_R,1,Y55-64,2024,72.698537,
IT,ACT_R,1,Y55-64,2025,74.527454,
IT,ACT_R,2,Y15-24,2018,21.884157,
IT,ACT_R,2,Y15-24,2019,22.009081,
IT,ACT_R,2,Y15-24,2020,18.809272,
IT,ACT_R,2,Y15-24,2021,20.134208,
IT,ACT_R,2,Y15-24,2022,21.528715,
IT,ACT_R,2,Y15-24,2023,21.639671,
IT,ACT_R,2,Y15-24,2024,19.418535,
IT,ACT_R,2,Y15-24,2025,18.497881,
IT,ACT_R,2,Y15-64,2018,56.22394,
IT,ACT_R,2,Y15-64,2019,56.515033,
IT,ACT_R,2,Y15-64,2020,54.147471,
IT,ACT_R,2,Y15-64,2021,55.391873,
IT,ACT_R,2,Y15-64,2022,56.449805,
IT,ACT_R,2,Y15-64,2023,57.652482,
IT,ACT_R,2,Y15-64,2024,57.55167,
IT,ACT_R,2,Y15-64,2025,57.756351,
IT,ACT_R,2,Y15-89,2018,41.827904,
IT,ACT_R,2,Y15-89,2019,42.016026,
IT,ACT_R,2,Y15-89,2020,40.183243,
IT,ACT_R,2,Y15-89,2021,40.948831,
IT,ACT_R,2,Y15-89,2022,41.567919,
IT,ACT_R,2,Y15-89,2023,42.410192,
IT,ACT_R,2,Y15-89,2024,42.380992,
IT,ACT_R,2,Y15-89,2025,42.502625,
IT,ACT_R,2,Y18-29,2018,44.18439,
IT,ACT_R,2,Y18-29,2019,44.236062,
IT,ACT_R,2,Y18-29,2020,40.014498,
IT,ACT_R,2,Y18-29,2021,42.52374,
IT,ACT_R,2,Y18-29,2022,44.625661,
IT,ACT_R,2,Y18-29,2023,44.465056,
IT,ACT_R,2,Y18-29,2024,42.863338,
IT,ACT_R,2,Y18-29,2025,41.646981,
IT,ACT_R,2,Y25-34,2018,65.116406,
IT,ACT_R,2,Y25-34,2019,65.101248,
IT,ACT_R,2,Y25-34,2020,61.346598,
IT,ACT_R,2,Y25-34,2021,63.894491,
IT,ACT_R,2,Y25-34,2022,65.952538,
IT,ACT_R,2,Y25-34,2023,67.20003,
IT,ACT_R,2,Y25-34,2024,67.599594,
IT,ACT_R,2,Y25-34,2025,66.908356,
IT,ACT_R,2,Y35-44,2018,70.748822,
IT,ACT_R,2,Y35-44,2019,70.342776,
IT,ACT_R,2,Y35-44,2020,68.19119,
IT,ACT_R,2,Y35-44,2021,69.254723,
IT,ACT_R,2,Y35-44,2022,70.454876,
IT,ACT_R,2,Y35-44,2023,71.895635,
IT,ACT_R,2,Y35-44,2024,71.122855,
IT,ACT_R,2,Y35-44,2025,70.690122,
IT,ACT_R,2,Y35-49,2018,70.11024,
IT,ACT_R,2,Y35-49,2019,70.317018,
IT,ACT_R,2,Y35-49,2020,67.931601,
IT,ACT_R,2,Y35-49,2021,69.364004,
IT,ACT_R,2,Y35-49,2022,70.553807,
IT,ACT_R,2,Y35-49,2023,72.099355,
IT,ACT_R,2,Y35-49,2024,71.969765,
IT,ACT_R,2,Y35-49,2025,71.683997,
IT,ACT_R,2,Y45-54,2018,66.519967,
IT,ACT_R,2,Y45-54,2019,67.813421,
IT,ACT_R,2,Y45-54,2020,65.983658,
IT,ACT_R,2,Y45-54,2021,67.857202,
IT,ACT_R,2,Y45-54,2022,68.743603,
IT,ACT_R,2,Y45-54,2023,70.251786,
IT,ACT_R,2,Y45-54,2024,70.955323,
IT,ACT_R,2,Y45-54,2025,71.283123,
IT,ACT_R,2,Y55-64,2018,45.897682,
IT,ACT_R,2,Y55-64,2019,46.768105,
IT,ACT_R,2,Y55-64,2020,45.969818,
IT,ACT_R,2,Y55-64,2021,46.509367,
IT,ACT_R,2,Y55-64,2022,47.553967,
IT,ACT_R,2,Y55-64,2023,49.612207,
IT,ACT_R,2,Y55-64,2024,50.470959,
IT,ACT_R,2,Y55-64,2025,52.813609,
IT,ACT_R,9,Y15-24,2018,25.949706,
IT,ACT_R,9,Y15-24,2019,25.921499,
IT,ACT_R,9,Y15-24,2020,23.681387,
IT,ACT_R,9,Y15-24,2021,24.923726,
IT,ACT_R,9,Y15-24,2022,25.974121,
IT,ACT_R,9,Y15-24,2023,26.389906,
IT,ACT_R,9,Y15-24,2024,24.740304,
IT,ACT_R,9,Y15-24,2025,22.577865,
IT,ACT_R,9,Y15-64,2018,65.58374,
IT,ACT_R,9,Y15-64,2019,65.693465,
IT,ACT_R,9,Y15-64,2020,63.520449,
IT,ACT_R,9,Y15-64,2021,64.482208,
IT,ACT_R,9,Y15-64,2022,65.532722,
IT,ACT_R,9,Y15-64,2023,66.678371,
IT,ACT_R,9,Y15-64,2024,66.607275,
IT,ACT_R,9,Y15-64,2025,66.722937,
IT,ACT_R,9,Y15-89,2018,50.458108,
IT,ACT_R,9,Y15-89,2019,50.480057,
IT,ACT_R,9,Y15-89,2020,48.668193,
IT,ACT_R,9,Y15-89,2021,49.306817,
IT,ACT_R,9,Y15-89,2022,49.869769,
IT,ACT_R,9,Y15-89,2023,50.669599,
IT,ACT_R,9,Y15-89,2024,50.630107,
IT,ACT_R,9,Y15-89,2025,50.708714,
IT,ACT_R,9,Y18-29,2018,50.203188,
IT,ACT_R,9,Y18-29,2019,50.192935,
IT,ACT_R,9,Y18-29,2020,46.93462,
IT,ACT_R,9,Y18-29,2021,49.293339,
IT,ACT_R,9,Y18-29,2022,50.973828,
IT,ACT_R,9,Y18-29,2023,51.577906,
IT,ACT_R,9,Y18-29,2024,49.937257,
IT,ACT_R,9,Y18-29,2025,47.855263,
IT,ACT_R,9,Y25-34,2018,73.484682,
IT,ACT_R,9,Y25-34,2019,73.552114,
IT,ACT_R,9,Y25-34,2020,70.232072,
IT,ACT_R,9,Y25-34,2021,72.90687,
IT,ACT_R,9,Y25-34,2022,74.624687,
IT,ACT_R,9,Y25-34,2023,75.964125,
IT,ACT_R,9,Y25-34,2024,75.578737,
IT,ACT_R,9,Y25-34,2025,75.289667,
IT,ACT_R,9,Y35-44,2018,80.970184,
IT,ACT_R,9,Y35-44,2019,80.921917,
IT,ACT_R,9,Y35-44,2020,78.830297,
IT,ACT_R,9,Y35-44,2021,79.602979,
IT,ACT_R,9,Y35-44,2022,80.75029,
IT,ACT_R,9,Y35-44,2023,82.016774,
IT,ACT_R,9,Y35-44,2024,81.43002,
IT,ACT_R,9,Y35-44,2025,81.631757,
IT,ACT_R,9,Y35-49,2018,80.601542,
IT,ACT_R,9,Y35-49,2019,80.783991,
IT,ACT_R,9,Y35-49,2020,78.628194,
IT,ACT_R,9,Y35-49,2021,79.658974,
IT,ACT_R,9,Y35-49,2022,80.842404,
IT,ACT_R,9,Y35-49,2023,81.95135,
IT,ACT_R,9,Y35-49,2024,81.892418,
IT,ACT_R,9,Y35-49,2025,82.019012,
IT,ACT_R,9,Y45-54,2018,78.333551,
IT,ACT_R,9,Y45-54,2019,78.95271,
IT,ACT_R,9,Y45-54,2020,77.288389,
IT,ACT_R,9,Y45-54,2021,78.357985,
IT,ACT_R,9,Y45-54,2022,79.471406,
IT,ACT_R,9,Y45-54,2023,80.46666,
IT,ACT_R,9,Y45-54,2024,81.002928,
IT,ACT_R,9,Y45-54,2025,81.343988,
IT,ACT_R,9,Y55-64,2018,56.71955,
IT,ACT_R,9,Y55-64,2019,57.205946,
IT,ACT_R,9,Y55-64,2020,56.125551,
IT,ACT_R,9,Y55-64,2021,56.541492,
IT,ACT_R,9,Y55-64,2022,57.814459,
IT,ACT_R,9,Y55-64,2023,60.055532,
IT,ACT_R,9,Y55-64,2024,61.309305,
IT,ACT_R,9,Y55-64,2025,63.408343,
IT108,ACT_R,1,Y15-24,2018,28.827113,
IT108,ACT_R,1,Y15-24,2019,28.410126,
IT108,ACT_R,1,Y15-24,2020,21.753994,
IT108,ACT_R,1,Y15-24,2021,24.564815,
IT108,ACT_R,1,Y15-24,2022,29.856888,
IT108,ACT_R,1,Y15-24,2023,23.007117,
IT108,ACT_R,1,Y15-24,2024,21.374222,
IT108,ACT_R,1,Y15-24,2025,24.899525,
IT108,ACT_R,1,Y15-64,2018,79.779555,
IT108,ACT_R,1,Y15-64,2019,80.818028,
IT108,ACT_R,1,Y15-64,2020,76.255579,
IT108,ACT_R,1,Y15-64,2021,76.781679,
IT108,ACT_R,1,Y15-64,2022,78.954608,
IT108,ACT_R,1,Y15-64,2023,77.972379,
IT108,ACT_R,1,Y15-64,2024,78.633717,
IT108,ACT_R,1,Y15-64,2025,75.858218,
IT108,ACT_R,1,Y15-89,2018,63.837244,
IT108,ACT_R,1,Y15-89,2019,64.467411,
IT108,ACT_R,1,Y15-89,2020,60.30147,
IT108,ACT_R,1,Y15-89,2021,60.695372,
IT108,ACT_R,1,Y15-89,2022,61.992653,
IT108,ACT_R,1,Y15-89,2023,61.063635,
IT108,ACT_R,1,Y15-89,2024,61.440577,
IT108,ACT_R,1,Y15-89,2025,58.608841,
IT108,ACT_R,1,Y18-29,2018,58.675341,
IT108,ACT_R,1,Y18-29,2019,60.172941,
IT108,ACT_R,1,Y18-29,2020,52.911477,
IT108,ACT_R,1,Y18-29,2021,54.564455,
IT108,ACT_R,1,Y18-29,2022,58.097324,
IT108,ACT_R,1,Y18-29,2023,53.998773,
IT108,ACT_R,1,Y18-29,2024,53.675892,
IT108,ACT_R,1,Y18-29,2025,49.5634,
IT108,ACT_R,1,Y25-34,2018,87.495841,
IT108,ACT_R,1,Y25-34,2019,91.930394,
IT108,ACT_R,1,Y25-34,2020,86.768035,
IT108,ACT_R,1,Y25-34,2021,89.820211,
IT108,ACT_R,1,Y25-34,2022,85.999955,
IT108,ACT_R,1,Y25-34,2023,90.725445,
IT108,ACT_R,1,Y25-34,2024,92.457085,
IT108,ACT_R,1,Y25-34,2025,84.243768,
IT108,ACT_R,1,Y35-44,2018,95.742083,
IT108,ACT_R,1,Y35-44,2019,96.605706,
IT108,ACT_R,1,Y35-44,2020,95.35287,
IT108,ACT_R,1,Y35-44,2021,95.543696,
IT108,ACT_R,1,Y35-44,2022,96.325989,
IT108,ACT_R,1,Y35-44,2023,98.761457,
IT108,ACT_R,1,Y35-44,2024,99.228723,
IT108,ACT_R,1,Y35-44,2025,100,
IT108,ACT_R,1,Y35-49,2018,95.704132,
IT108,ACT_R,1,Y35-49,2019,96.718703,
IT108,ACT_R,1,Y35-49,2020,94.576355,
IT108,ACT_R,1,Y35-49,2021,94.3807,
IT108,ACT_R,1,Y35-49,2022,96.28455,
IT108,ACT_R,1,Y35-49,2023,97.80912,
IT108,ACT_R,1,Y35-49,2024,99.118182,
IT108,ACT_R,1,Y35-49,2025,99.657875,
IT108,ACT_R,1,Y45-54,2018,95.790404,
IT108,ACT_R,1,Y45-54,2019,95.627902,
IT108,ACT_R,1,Y45-54,2020,95.164568,
IT108,ACT_R,1,Y45-54,2021,93.792633,
IT108,ACT_R,1,Y45-54,2022,95.56522,
IT108,ACT_R,1,Y45-54,2023,93.37679,
IT108,ACT_R,1,Y45-54,2024,97.689004,
IT108,ACT_R,1,Y45-54,2025,98.984165,
IT108,ACT_R,1,Y55-64,2018,69.526588,
IT108,ACT_R,1,Y55-64,2019,75.000864,
IT108,ACT_R,1,Y55-64,2020,66.771958,
IT108,ACT_R,1,Y55-64,2021,65.494171,
IT108,ACT_R,1,Y55-64,2022,72.744098,
IT108,ACT_R,1,Y55-64,2023,73.514818,
IT108,ACT_R,1,Y55-64,2024,70.45143,
IT108,ACT_R,1,Y55-64,2025,69.001673,
IT108,ACT_R,2,Y15-24,2018,16.219127,
IT108,ACT_R,2,Y15-24,2019,16.576833,
IT108,ACT_R,2,Y15-24,2020,21.25229,
IT108,ACT_R,2,Y15-24,2021,25.003014,
IT108,ACT_R,2,Y15-24,2022,21.247929,
IT108,ACT_R,2,Y15-24,2023,23.130847,
IT108,ACT_R,2,Y15-24,2024,18.681445,
IT108,ACT_R,2,Y15-24,2025,17.939748,
IT108,ACT_R,2,Y15-64,2018,63.83156,
IT108,ACT_R,2,Y15-64,2019,66.070649,
IT108,ACT_R,2,Y15-64,2020,66.061038,
IT108,ACT_R,2,Y15-64,2021,68.248251,
IT108,ACT_R,2,Y15-64,2022,66.523087,
IT108,ACT_R,2,Y15-64,2023,68.691104,
IT108,ACT_R,2,Y15-64,2024,67.785942,
IT108,ACT_R,2,Y15-64,2025,64.721408,
IT108,ACT_R,2,Y15-89,2018,48.021948,
IT108,ACT_R,2,Y15-89,2019,49.049357,
IT108,ACT_R,2,Y15-89,2020,48.754054,
IT108,ACT_R,2,Y15-89,2021,50.454577,
IT108,ACT_R,2,Y15-89,2022,49.616026,
IT108,ACT_R,2,Y15-89,2023,51.181306,
IT108,ACT_R,2,Y15-89,2024,50.123593,
IT108,ACT_R,2,Y15-89,2025,47.693212,
IT108,ACT_R,2,Y18-29,2018,43.294564,
IT108,ACT_R,2,Y18-29,2019,42.919591,
IT108,ACT_R,2,Y18-29,2020,48.841216,
IT108,ACT_R,2,Y18-29,2021,52.107329,
IT108,ACT_R,2,Y18-29,2022,51.468122,
IT108,ACT_R,2,Y18-29,2023,51.580497,
IT108,ACT_R,2,Y18-29,2024,51.788296,
IT108,ACT_R,2,Y18-29,2025,46.888418,
IT108,ACT_R,2,Y25-34,2018,77.141037,
IT108,ACT_R,2,Y25-34,2019,75.310062,
IT108,ACT_R,2,Y25-34,2020,76.082053,
IT108,ACT_R,2,Y25-34,2021,71.883242,
IT108,ACT_R,2,Y25-34,2022,79.877974,
IT108,ACT_R,2,Y25-34,2023,81.36465,
IT108,ACT_R,2,Y25-34,2024,81.695738,
IT108,ACT_R,2,Y25-34,2025,74.78815,
IT108,ACT_R,2,Y35-44,2018,83.971748,
IT108,ACT_R,2,Y35-44,2019,82.960292,
IT108,ACT_R,2,Y35-44,2020,82.98228,
IT108,ACT_R,2,Y35-44,2021,90.1764,
IT108,ACT_R,2,Y35-44,2022,82.53488,
IT108,ACT_R,2,Y35-44,2023,85.107348,
IT108,ACT_R,2,Y35-44,2024,83.016506,
IT108,ACT_R,2,Y35-44,2025,78.691674,
IT108,ACT_R,2,Y35-49,2018,84.800329,
IT108,ACT_R,2,Y35-49,2019,84.992017,
IT108,ACT_R,2,Y35-49,2020,82.516952,
IT108,ACT_R,2,Y35-49,2021,88.365358,
IT108,ACT_R,2,Y35-49,2022,82.116756,
IT108,ACT_R,2,Y35-49,2023,84.813609,
IT108,ACT_R,2,Y35-49,2024,85.650995,
IT108,ACT_R,2,Y35-49,2025,79.767139,
IT108,ACT_R,2,Y45-54,2018,80.572714,
IT108,ACT_R,2,Y45-54,2019,82.793438,
IT108,ACT_R,2,Y45-54,2020,80.245028,
IT108,ACT_R,2,Y45-54,2021,80.789173,
IT108,ACT_R,2,Y45-54,2022,78.787674,
IT108,ACT_R,2,Y45-54,2023,84.150922,
IT108,ACT_R,2,Y45-54,2024,86.533055,
IT108,ACT_R,2,Y45-54,2025,82.512006,
IT108,ACT_R,2,Y55-64,2018,45.825463,
IT108,ACT_R,2,Y55-64,2019,56.032588,
IT108,ACT_R,2,Y55-64,2020,57.348324,
IT108,ACT_R,2,Y55-64,2021,60.181841,
IT108,ACT_R,2,Y55-64,2022,59.010567,
IT108,ACT_R,2,Y55-64,2023,59.747076,
IT108,ACT_R,2,Y55-64,2024,58.95218,
IT108,ACT_R,2,Y55-64,2025,56.203465,
IT108,ACT_R,9,Y15-24,2018,22.449409,
IT108,ACT_R,9,Y15-24,2019,22.612119,
IT108,ACT_R,9,Y15-24,2020,21.510328,
IT108,ACT_R,9,Y15-24,2021,24.782084,
IT108,ACT_R,9,Y15-24,2022,25.689383,
IT108,ACT_R,9,Y15-24,2023,23.066088,
IT108,ACT_R,9,Y15-24,2024,20.025163,
IT108,ACT_R,9,Y15-24,2025,21.863791,
IT108,ACT_R,9,Y15-64,2018,71.830884,
IT108,ACT_R,9,Y15-64,2019,73.471663,
IT108,ACT_R,9,Y15-64,2020,71.178315,
IT108,ACT_R,9,Y15-64,2021,72.535946,
IT108,ACT_R,9,Y15-64,2022,72.778569,
IT108,ACT_R,9,Y15-64,2023,73.36026,
IT108,ACT_R,9,Y15-64,2024,73.243586,
IT108,ACT_R,9,Y15-64,2025,70.335795,
IT108,ACT_R,9,Y15-89,2018,55.745738,
IT108,ACT_R,9,Y15-89,2019,56.580394,
IT108,ACT_R,9,Y15-89,2020,54.395252,
IT108,ACT_R,9,Y15-89,2021,55.458337,
IT108,ACT_R,9,Y15-89,2022,55.677102,
IT108,ACT_R,9,Y15-89,2023,56.027451,
IT108,ACT_R,9,Y15-89,2024,55.673208,
IT108,ACT_R,9,Y15-89,2025,53.051852,
IT108,ACT_R,9,Y18-29,2018,51.414248,
IT108,ACT_R,9,Y18-29,2019,51.87409,
IT108,ACT_R,9,Y18-29,2020,50.920128,
IT108,ACT_R,9,Y18-29,2021,53.424712,
IT108,ACT_R,9,Y18-29,2022,54.837844,
IT108,ACT_R,9,Y18-29,2023,52.819469,
IT108,ACT_R,9,Y18-29,2024,52.813714,
IT108,ACT_R,9,Y18-29,2025,48.270884,
IT108,ACT_R,9,Y25-34,2018,82.299806,
IT108,ACT_R,9,Y25-34,2019,83.561348,
IT108,ACT_R,9,Y25-34,2020,81.385993,
IT108,ACT_R,9,Y25-34,2021,81.766528,
IT108,ACT_R,9,Y25-34,2022,83.068365,
IT108,ACT_R,9,Y25-34,2023,85.826808,
IT108,ACT_R,9,Y25-34,2024,87.377856,
IT108,ACT_R,9,Y25-34,2025,79.415435,
IT108,ACT_R,9,Y35-44,2018,90.093196,
IT108,ACT_R,9,Y35-44,2019,89.851708,
IT108,ACT_R,9,Y35-44,2020,89.023086,
IT108,ACT_R,9,Y35-44,2021,92.702232,
IT108,ACT_R,9,Y35-44,2022,89.323104,
IT108,ACT_R,9,Y35-44,2023,92.475885,
IT108,ACT_R,9,Y35-44,2024,91.430716,
IT108,ACT_R,9,Y35-44,2025,89.537675,
IT108,ACT_R,9,Y35-49,2018,90.406644,
IT108,ACT_R,9,Y35-49,2019,90.962483,
IT108,ACT_R,9,Y35-49,2020,88.612586,
IT108,ACT_R,9,Y35-49,2021,91.286521,
IT108,ACT_R,9,Y35-49,2022,89.139062,
IT108,ACT_R,9,Y35-49,2023,91.470115,
IT108,ACT_R,9,Y35-49,2024,92.369952,
IT108,ACT_R,9,Y35-49,2025,89.496335,
IT108,ACT_R,9,Y45-54,2018,88.32663,
IT108,ACT_R,9,Y45-54,2019,89.32103,
IT108,ACT_R,9,Y45-54,2020,88.114387,
IT108,ACT_R,9,Y45-54,2021,87.468825,
IT108,ACT_R,9,Y45-54,2022,87.332882,
IT108,ACT_R,9,Y45-54,2023,88.669028,
IT108,ACT_R,9,Y45-54,2024,91.820418,
IT108,ACT_R,9,Y45-54,2025,89.995827,
IT108,ACT_R,9,Y55-64,2018,57.169843,
IT108,ACT_R,9,Y55-64,2019,65.304105,
IT108,ACT_R,9,Y55-64,2020,61.886633,
IT108,ACT_R,9,Y55-64,2021,62.742806,
IT108,ACT_R,9,Y55-64,2022,65.661026,
IT108,ACT_R,9,Y55-64,2023,66.523392,
IT108,ACT_R,9,Y55-64,2024,64.771511,
IT108,ACT_R,9,Y55-64,2025,62.77847,
ITC4,ACT_R,1,Y15-24,2018,34.040315,
ITC4,ACT_R,1,Y15-24,2019,33.171135,
ITC4,ACT_R,1,Y15-24,2020,29.262158,
ITC4,ACT_R,1,Y15-24,2021,32.216422,
ITC4,ACT_R,1,Y15-24,2022,33.736334,
ITC4,ACT_R,1,Y15-24,2023,33.019491,
ITC4,ACT_R,1,Y15-24,2024,32.189428,
ITC4,ACT_R,1,Y15-24,2025,28.954161,
ITC4,ACT_R,1,Y15-64,2018,79.784648,
ITC4,ACT_R,1,Y15-64,2019,79.975404,
ITC4,ACT_R,1,Y15-64,2020,77.077136,
ITC4,ACT_R,1,Y15-64,2021,77.65007,
ITC4,ACT_R,1,Y15-64,2022,78.869291,
ITC4,ACT_R,1,Y15-64,2023,79.18108,
ITC4,ACT_R,1,Y15-64,2024,78.886338,
ITC4,ACT_R,1,Y15-64,2025,78.849223,
ITC4,ACT_R,1,Y15-89,2018,63.579875,
ITC4,ACT_R,1,Y15-89,2019,63.706878,
ITC4,ACT_R,1,Y15-89,2020,61.319861,
ITC4,ACT_R,1,Y15-89,2021,61.813315,
ITC4,ACT_R,1,Y15-89,2022,62.401775,
ITC4,ACT_R,1,Y15-89,2023,62.577011,
ITC4,ACT_R,1,Y15-89,2024,62.392053,
ITC4,ACT_R,1,Y15-89,2025,62.255188,
ITC4,ACT_R,1,Y18-29,2018,63.729059,
ITC4,ACT_R,1,Y18-29,2019,63.023879,
ITC4,ACT_R,1,Y18-29,2020,57.905772,
ITC4,ACT_R,1,Y18-29,2021,61.703508,
ITC4,ACT_R,1,Y18-29,2022,63.419098,
ITC4,ACT_R,1,Y18-29,2023,62.981435,
ITC4,ACT_R,1,Y18-29,2024,61.859635,
ITC4,ACT_R,1,Y18-29,2025,58.779891,
ITC4,ACT_R,1,Y25-34,2018,90.065342,
ITC4,ACT_R,1,Y25-34,2019,90.433411,
ITC4,ACT_R,1,Y25-34,2020,86.93474,
ITC4,ACT_R,1,Y25-34,2021,89.223064,
ITC4,ACT_R,1,Y25-34,2022,90.333273,
ITC4,ACT_R,1,Y25-34,2023,90.282793,
ITC4,ACT_R,1,Y25-34,2024,89.278684,
ITC4,ACT_R,1,Y25-34,2025,89.210809,
ITC4,ACT_R,1,Y35-44,2018,96.314428,
ITC4,ACT_R,1,Y35-44,2019,96.392991,
ITC4,ACT_R,1,Y35-44,2020,94.67848,
ITC4,ACT_R,1,Y35-44,2021,95.14748,
ITC4,ACT_R,1,Y35-44,2022,96.18956,
ITC4,ACT_R,1,Y35-44,2023,96.13309,
ITC4,ACT_R,1,Y35-44,2024,96.316952,
ITC4,ACT_R,1,Y35-44,2025,96.381191,
ITC4,ACT_R,1,Y35-49,2018,96.017405,
ITC4,ACT_R,1,Y35-49,2019,96.24481,
ITC4,ACT_R,1,Y35-49,2020,94.147919,
ITC4,ACT_R,1,Y35-49,2021,94.806277,
ITC4,ACT_R,1,Y35-49,2022,96.210549,
ITC4,ACT_R,1,Y35-49,2023,95.83081,
ITC4,ACT_R,1,Y35-49,2024,96.187902,
ITC4,ACT_R,1,Y35-49,2025,96.598389,
ITC4,ACT_R,1,Y45-54,2018,94.791236,
ITC4,ACT_R,1,Y45-54,2019,95.45227,
ITC4,ACT_R,1,Y45-54,2020,93.204278,
ITC4,ACT_R,1,Y45-54,2021,93.901412,
ITC4,ACT_R,1,Y45-54,2022,95.426765,
ITC4,ACT_R,1,Y45-54,2023,94.728731,
ITC4,ACT_R,1,Y45-54,2024,95.225406,
ITC4,ACT_R,1,Y45-54,2025,96.244648,
ITC4,ACT_R,1,Y55-64,2018,67.475501,
ITC4,ACT_R,1,Y55-64,2019,69.03083,
ITC4,ACT_R,1,Y55-64,2020,66.704631,
ITC4,ACT_R,1,Y55-64,2021,65.68603,
ITC4,ACT_R,1,Y55-64,2022,67.903936,
ITC4,ACT_R,1,Y55-64,2023,71.698409,
ITC4,ACT_R,1,Y55-64,2024,71.515226,
ITC4,ACT_R,1,Y55-64,2025,73.396064,
ITC4,ACT_R,2,Y15-24,2018,23.943223,
ITC4,ACT_R,2,Y15-24,2019,25.596869,
ITC4,ACT_R,2,Y15-24,2020,23.079758,
ITC4,ACT_R,2,Y15-24,2021,22.216085,
ITC4,ACT_R,2,Y15-24,2022,24.913603,
ITC4,ACT_R,2,Y15-24,2023,26.823078,
ITC4,ACT_R,2,Y15-24,2024,23.427802,
ITC4,ACT_R,2,Y15-24,2025,22.162262,
ITC4,ACT_R,2,Y15-64,2018,64.218257,
ITC4,ACT_R,2,Y15-64,2019,64.854277,
ITC4,ACT_R,2,Y15-64,2020,62.429822,
ITC4,ACT_R,2,Y15-64,2021,63.71798,
ITC4,ACT_R,2,Y15-64,2022,64.442336,
ITC4,ACT_R,2,Y15-64,2023,65.062274,
ITC4,ACT_R,2,Y15-64,2024,65.086728,
ITC4,ACT_R,2,Y15-64,2025,64.356437,
ITC4,ACT_R,2,Y15-89,2018,47.522151,
ITC4,ACT_R,2,Y15-89,2019,47.966176,
ITC4,ACT_R,2,Y15-89,2020,46.231138,
ITC4,ACT_R,2,Y15-89,2021,47.130205,
ITC4,ACT_R,2,Y15-89,2022,47.531425,
ITC4,ACT_R,2,Y15-89,2023,48.081714,
ITC4,ACT_R,2,Y15-89,2024,48.101715,
ITC4,ACT_R,2,Y15-89,2025,47.505967,
ITC4,ACT_R,2,Y18-29,2018,52.370187,
ITC4,ACT_R,2,Y18-29,2019,51.840315,
ITC4,ACT_R,2,Y18-29,2020,49.525553,
ITC4,ACT_R,2,Y18-29,2021,49.213176,
ITC4,ACT_R,2,Y18-29,2022,52.418253,
ITC4,ACT_R,2,Y18-29,2023,53.466803,
ITC4,ACT_R,2,Y18-29,2024,51.527068,
ITC4,ACT_R,2,Y18-29,2025,48.364781,
ITC4,ACT_R,2,Y25-34,2018,77.226635,
ITC4,ACT_R,2,Y25-34,2019,76.758277,
ITC4,ACT_R,2,Y25-34,2020,74.143767,
ITC4,ACT_R,2,Y25-34,2021,74.607036,
ITC4,ACT_R,2,Y25-34,2022,76.962782,
ITC4,ACT_R,2,Y25-34,2023,77.607072,
ITC4,ACT_R,2,Y25-34,2024,78.555995,
ITC4,ACT_R,2,Y25-34,2025,74.810117,
ITC4,ACT_R,2,Y35-44,2018,79.671025,
ITC4,ACT_R,2,Y35-44,2019,79.71482,
ITC4,ACT_R,2,Y35-44,2020,77.531535,
ITC4,ACT_R,2,Y35-44,2021,79.828745,
ITC4,ACT_R,2,Y35-44,2022,79.914748,
ITC4,ACT_R,2,Y35-44,2023,80.058813,
ITC4,ACT_R,2,Y35-44,2024,80.16604,
ITC4,ACT_R,2,Y35-44,2025,76.981646,
ITC4,ACT_R,2,Y35-49,2018,79.414784,
ITC4,ACT_R,2,Y35-49,2019,80.340569,
ITC4,ACT_R,2,Y35-49,2020,76.899939,
ITC4,ACT_R,2,Y35-49,2021,79.318164,
ITC4,ACT_R,2,Y35-49,2022,80.909645,
ITC4,ACT_R,2,Y35-49,2023,80.719078,
ITC4,ACT_R,2,Y35-49,2024,80.749929,
ITC4,ACT_R,2,Y35-49,2025,78.978867,
ITC4,ACT_R,2,Y45-54,2018,75.938441,
ITC4,ACT_R,2,Y45-54,2019,78.180644,
ITC4,ACT_R,2,Y45-54,2020,75.277756,
ITC4,ACT_R,2,Y45-54,2021,78.104977,
ITC4,ACT_R,2,Y45-54,2022,79.654344,
ITC4,ACT_R,2,Y45-54,2023,78.502924,
ITC4,ACT_R,2,Y45-54,2024,79.050186,
ITC4,ACT_R,2,Y45-54,2025,81.165656,
ITC4,ACT_R,2,Y55-64,2018,50.332395,
ITC4,ACT_R,2,Y55-64,2019,50.923697,
ITC4,ACT_R,2,Y55-64,2020,50.262786,
ITC4,ACT_R,2,Y55-64,2021,52.07138,
ITC4,ACT_R,2,Y55-64,2022,51.241636,
ITC4,ACT_R,2,Y55-64,2023,54.321697,
ITC4,ACT_R,2,Y55-64,2024,55.583167,
ITC4,ACT_R,2,Y55-64,2025,56.931741,
ITC4,ACT_R,9,Y15-24,2018,29.179359,
ITC4,ACT_R,9,Y15-24,2019,29.525553,
ITC4,ACT_R,9,Y15-24,2020,26.283285,
ITC4,ACT_R,9,Y15-24,2021,27.400462,
ITC4,ACT_R,9,Y15-24,2022,29.490481,
ITC4,ACT_R,9,Y15-24,2023,30.036644,
ITC4,ACT_R,9,Y15-24,2024,27.979183,
ITC4,ACT_R,9,Y15-24,2025,25.700965,
ITC4,ACT_R,9,Y15-64,2018,72.055115,
ITC4,ACT_R,9,Y15-64,2019,72.474158,
ITC4,ACT_R,9,Y15-64,2020,69.811216,
ITC4,ACT_R,9,Y15-64,2021,70.743512,
ITC4,ACT_R,9,Y15-64,2022,71.729992,
ITC4,ACT_R,9,Y15-64,2023,72.203506,
ITC4,ACT_R,9,Y15-64,2024,72.071025,
ITC4,ACT_R,9,Y15-64,2025,71.70653,
ITC4,ACT_R,9,Y15-89,2018,55.362927,
ITC4,ACT_R,9,Y15-89,2019,55.662606,
ITC4,ACT_R,9,Y15-89,2020,53.612113,
ITC4,ACT_R,9,Y15-89,2021,54.31755,
ITC4,ACT_R,9,Y15-89,2022,54.821775,
ITC4,ACT_R,9,Y15-89,2023,55.202131,
ITC4,ACT_R,9,Y15-89,2024,55.126234,
ITC4,ACT_R,9,Y15-89,2025,54.770455,
ITC4,ACT_R,9,Y18-29,2018,58.203813,
ITC4,ACT_R,9,Y18-29,2019,57.592951,
ITC4,ACT_R,9,Y18-29,2020,53.837603,
ITC4,ACT_R,9,Y18-29,2021,55.653102,
ITC4,ACT_R,9,Y18-29,2022,58.104448,
ITC4,ACT_R,9,Y18-29,2023,58.391775,
ITC4,ACT_R,9,Y18-29,2024,56.892424,
ITC4,ACT_R,9,Y18-29,2025,53.806375,
ITC4,ACT_R,9,Y25-34,2018,83.706094,
ITC4,ACT_R,9,Y25-34,2019,83.677026,
ITC4,ACT_R,9,Y25-34,2020,80.618476,
ITC4,ACT_R,9,Y25-34,2021,82.02216,
ITC4,ACT_R,9,Y25-34,2022,83.770476,
ITC4,ACT_R,9,Y25-34,2023,84.086489,
ITC4,ACT_R,9,Y25-34,2024,84.054061,
ITC4,ACT_R,9,Y25-34,2025,82.237123,
ITC4,ACT_R,9,Y35-44,2018,88.081656,
ITC4,ACT_R,9,Y35-44,2019,88.144258,
ITC4,ACT_R,9,Y35-44,2020,86.190182,
ITC4,ACT_R,9,Y35-44,2021,87.55967,
ITC4,ACT_R,9,Y35-44,2022,88.141631,
ITC4,ACT_R,9,Y35-44,2023,88.183536,
ITC4,ACT_R,9,Y35-44,2024,88.330206,
ITC4,ACT_R,9,Y35-44,2025,86.800142,
ITC4,ACT_R,9,Y35-49,2018,87.811313,
ITC4,ACT_R,9,Y35-49,2019,88.383783,
ITC4,ACT_R,9,Y35-49,2020,85.617254,
ITC4,ACT_R,9,Y35-49,2021,87.139025,
ITC4,ACT_R,9,Y35-49,2022,88.642744,
ITC4,ACT_R,9,Y35-49,2023,88.355507,
ITC4,ACT_R,9,Y35-49,2024,88.551223,
ITC4,ACT_R,9,Y35-49,2025,87.888509,
ITC4,ACT_R,9,Y45-54,2018,85.446279,
ITC4,ACT_R,9,Y45-54,2019,86.897945,
ITC4,ACT_R,9,Y45-54,2020,84.322982,
ITC4,ACT_R,9,Y45-54,2021,86.072505,
ITC4,ACT_R,9,Y45-54,2022,87.614332,
ITC4,ACT_R,9,Y45-54,2023,86.693216,
ITC4,ACT_R,9,Y45-54,2024,87.209682,
ITC4,ACT_R,9,Y45-54,2025,88.771268,
ITC4,ACT_R,9,Y55-64,2018,58.706439,
ITC4,ACT_R,9,Y55-64,2019,59.786827,
ITC4,ACT_R,9,Y55-64,2020,58.331606,
ITC4,ACT_R,9,Y55-64,2021,58.770156,
ITC4,ACT_R,9,Y55-64,2022,59.463506,
ITC4,ACT_R,9,Y55-64,2023,62.923705,
ITC4,ACT_R,9,Y55-64,2024,63.470268,
ITC4,ACT_R,9,Y55-64,2025,65.095151,
ITC41,ACT_R,1,Y15-24,2018,35.212953,
ITC41,ACT_R,1,Y15-24,2019,30.167286,
ITC41,ACT_R,1,Y15-24,2020,28.055665,
ITC41,ACT_R,1,Y15-24,2021,33.773475,
ITC41,ACT_R,1,Y15-24,2022,38.297472,
ITC41,ACT_R,1,Y15-24,2023,33.393484,
ITC41,ACT_R,1,Y15-24,2024,32.77797,
ITC41,ACT_R,1,Y15-24,2025,32.061408,
ITC41,ACT_R,1,Y15-64,2018,79.454284,
ITC41,ACT_R,1,Y15-64,2019,77.603715,
ITC41,ACT_R,1,Y15-64,2020,76.728189,
ITC41,ACT_R,1,Y15-64,2021,77.260512,
ITC41,ACT_R,1,Y15-64,2022,78.109271,
ITC41,ACT_R,1,Y15-64,2023,79.360799,
ITC41,ACT_R,1,Y15-64,2024,78.456773,
ITC41,ACT_R,1,Y15-64,2025,80.960883,
ITC41,ACT_R,1,Y15-89,2018,61.767034,
ITC41,ACT_R,1,Y15-89,2019,61.096533,
ITC41,ACT_R,1,Y15-89,2020,59.628663,
ITC41,ACT_R,1,Y15-89,2021,59.475495,
ITC41,ACT_R,1,Y15-89,2022,60.009564,
ITC41,ACT_R,1,Y15-89,2023,61.319586,
ITC41,ACT_R,1,Y15-89,2024,61.735243,
ITC41,ACT_R,1,Y15-89,2025,63.203537,
ITC41,ACT_R,1,Y18-29,2018,70.180884,
ITC41,ACT_R,1,Y18-29,2019,62.493796,
ITC41,ACT_R,1,Y18-29,2020,57.785029,
ITC41,ACT_R,1,Y18-29,2021,62.582898,
ITC41,ACT_R,1,Y18-29,2022,66.53768,
ITC41,ACT_R,1,Y18-29,2023,64.893005,
ITC41,ACT_R,1,Y18-29,2024,65.812314,
ITC41,ACT_R,1,Y18-29,2025,67.963909,
ITC41,ACT_R,1,Y25-34,2018,93.041716,
ITC41,ACT_R,1,Y25-34,2019,92.638497,
ITC41,ACT_R,1,Y25-34,2020,88.540473,
ITC41,ACT_R,1,Y25-34,2021,88.850993,
ITC41,ACT_R,1,Y25-34,2022,88.05513,
ITC41,ACT_R,1,Y25-34,2023,93.317506,
ITC41,ACT_R,1,Y25-34,2024,92.228199,
ITC41,ACT_R,1,Y25-34,2025,97.681561,
ITC41,ACT_R,1,Y35-44,2018,96.580891,
ITC41,ACT_R,1,Y35-44,2019,95.58839,
ITC41,ACT_R,1,Y35-44,2020,96.400764,
ITC41,ACT_R,1,Y35-44,2021,95.146366,
ITC41,ACT_R,1,Y35-44,2022,96.476432,
ITC41,ACT_R,1,Y35-44,2023,95.515184,
ITC41,ACT_R,1,Y35-44,2024,95.792449,
ITC41,ACT_R,1,Y35-44,2025,94.993205,
ITC41,ACT_R,1,Y35-49,2018,96.553831,
ITC41,ACT_R,1,Y35-49,2019,96.250898,
ITC41,ACT_R,1,Y35-49,2020,96.127684,
ITC41,ACT_R,1,Y35-49,2021,95.169316,
ITC41,ACT_R,1,Y35-49,2022,97.232927,
ITC41,ACT_R,1,Y35-49,2023,94.64616,
ITC41,ACT_R,1,Y35-49,2024,94.620041,
ITC41,ACT_R,1,Y35-49,2025,95.946518,
ITC41,ACT_R,1,Y45-54,2018,95.903523,
ITC41,ACT_R,1,Y45-54,2019,96.215906,
ITC41,ACT_R,1,Y45-54,2020,93.186391,
ITC41,ACT_R,1,Y45-54,2021,93.413597,
ITC41,ACT_R,1,Y45-54,2022,95.068457,
ITC41,ACT_R,1,Y45-54,2023,92.856068,
ITC41,ACT_R,1,Y45-54,2024,92.46074,
ITC41,ACT_R,1,Y45-54,2025,98.21323,
ITC41,ACT_R,1,Y55-64,2018,61.466692,
ITC41,ACT_R,1,Y55-64,2019,60.163261,
ITC41,ACT_R,1,Y55-64,2020,61.445824,
ITC41,ACT_R,1,Y55-64,2021,62.745466,
ITC41,ACT_R,1,Y55-64,2022,61.997217,
ITC41,ACT_R,1,Y55-64,2023,69.342874,
ITC41,ACT_R,1,Y55-64,2024,68.817655,
ITC41,ACT_R,1,Y55-64,2025,74.699071,
ITC41,ACT_R,2,Y15-24,2018,29.452106,
ITC41,ACT_R,2,Y15-24,2019,24.467947,
ITC41,ACT_R,2,Y15-24,2020,23.478971,
ITC41,ACT_R,2,Y15-24,2021,30.385216,
ITC41,ACT_R,2,Y15-24,2022,27.754067,
ITC41,ACT_R,2,Y15-24,2023,28.346127,
ITC41,ACT_R,2,Y15-24,2024,22.666476,
ITC41,ACT_R,2,Y15-24,2025,21.809658,
ITC41,ACT_R,2,Y15-64,2018,64.463227,
ITC41,ACT_R,2,Y15-64,2019,63.513714,
ITC41,ACT_R,2,Y15-64,2020,59.904204,
ITC41,ACT_R,2,Y15-64,2021,64.416204,
ITC41,ACT_R,2,Y15-64,2022,62.889092,
ITC41,ACT_R,2,Y15-64,2023,64.949797,
ITC41,ACT_R,2,Y15-64,2024,64.528716,
ITC41,ACT_R,2,Y15-64,2025,62.946114,
ITC41,ACT_R,2,Y15-89,2018,47.251704,
ITC41,ACT_R,2,Y15-89,2019,46.806916,
ITC41,ACT_R,2,Y15-89,2020,43.56268,
ITC41,ACT_R,2,Y15-89,2021,46.326829,
ITC41,ACT_R,2,Y15-89,2022,45.077881,
ITC41,ACT_R,2,Y15-89,2023,46.711679,
ITC41,ACT_R,2,Y15-89,2024,46.716623,
ITC41,ACT_R,2,Y15-89,2025,45.803387,
ITC41,ACT_R,2,Y18-29,2018,54.595278,
ITC41,ACT_R,2,Y18-29,2019,47.227816,
ITC41,ACT_R,2,Y18-29,2020,47.527218,
ITC41,ACT_R,2,Y18-29,2021,57.440428,
ITC41,ACT_R,2,Y18-29,2022,53.031856,
ITC41,ACT_R,2,Y18-29,2023,53.710518,
ITC41,ACT_R,2,Y18-29,2024,48.517424,
ITC41,ACT_R,2,Y18-29,2025,44.635727,
ITC41,ACT_R,2,Y25-34,2018,72.734785,
ITC41,ACT_R,2,Y25-34,2019,70.679227,
ITC41,ACT_R,2,Y25-34,2020,75.057446,
ITC41,ACT_R,2,Y25-34,2021,77.174345,
ITC41,ACT_R,2,Y25-34,2022,79.641816,
ITC41,ACT_R,2,Y25-34,2023,78.598633,
ITC41,ACT_R,2,Y25-34,2024,77.271262,
ITC41,ACT_R,2,Y25-34,2025,73.469254,
ITC41,ACT_R,2,Y35-44,2018,79.237267,
ITC41,ACT_R,2,Y35-44,2019,81.14637,
ITC41,ACT_R,2,Y35-44,2020,71.964777,
ITC41,ACT_R,2,Y35-44,2021,80.257414,
ITC41,ACT_R,2,Y35-44,2022,74.302427,
ITC41,ACT_R,2,Y35-44,2023,76.056507,
ITC41,ACT_R,2,Y35-44,2024,79.582765,
ITC41,ACT_R,2,Y35-44,2025,75.561555,
ITC41,ACT_R,2,Y35-49,2018,78.824771,
ITC41,ACT_R,2,Y35-49,2019,81.095992,
ITC41,ACT_R,2,Y35-49,2020,72.511483,
ITC41,ACT_R,2,Y35-49,2021,77.737206,
ITC41,ACT_R,2,Y35-49,2022,73.929899,
ITC41,ACT_R,2,Y35-49,2023,77.915581,
ITC41,ACT_R,2,Y35-49,2024,79.45282,
ITC41,ACT_R,2,Y35-49,2025,79.278987,
ITC41,ACT_R,2,Y45-54,2018,74.781168,
ITC41,ACT_R,2,Y45-54,2019,76.451453,
ITC41,ACT_R,2,Y45-54,2020,74.230579,
ITC41,ACT_R,2,Y45-54,2021,74.015312,
ITC41,ACT_R,2,Y45-54,2022,73.412112,
ITC41,ACT_R,2,Y45-54,2023,77.956685,
ITC41,ACT_R,2,Y45-54,2024,80.453921,
ITC41,ACT_R,2,Y45-54,2025,81.297699,
ITC41,ACT_R,2,Y55-64,2018,54.687885,
ITC41,ACT_R,2,Y55-64,2019,50.565737,
ITC41,ACT_R,2,Y55-64,2020,45.733085,
ITC41,ACT_R,2,Y55-64,2021,51.535548,
ITC41,ACT_R,2,Y55-64,2022,53.44422,
ITC41,ACT_R,2,Y55-64,2023,57.59736,
ITC41,ACT_R,2,Y55-64,2024,55.2404,
ITC41,ACT_R,2,Y55-64,2025,56.091604,
ITC41,ACT_R,9,Y15-24,2018,32.358701,
ITC41,ACT_R,9,Y15-24,2019,27.473106,
ITC41,ACT_R,9,Y15-24,2020,25.741721,
ITC41,ACT_R,9,Y15-24,2021,32.173218,
ITC41,ACT_R,9,Y15-24,2022,33.122224,
ITC41,ACT_R,9,Y15-24,2023,30.827183,
ITC41,ACT_R,9,Y15-24,2024,27.807399,
ITC41,ACT_R,9,Y15-24,2025,26.907799,
ITC41,ACT_R,9,Y15-64,2018,71.974231,
ITC41,ACT_R,9,Y15-64,2019,70.576219,
ITC41,ACT_R,9,Y15-64,2020,68.339175,
ITC41,ACT_R,9,Y15-64,2021,70.858012,
ITC41,ACT_R,9,Y15-64,2022,70.531307,
ITC41,ACT_R,9,Y15-64,2023,72.195427,
ITC41,ACT_R,9,Y15-64,2024,71.53151,
ITC41,ACT_R,9,Y15-64,2025,72.02282,
ITC41,ACT_R,9,Y15-89,2018,54.311552,
ITC41,ACT_R,9,Y15-89,2019,53.749293,
ITC41,ACT_R,9,Y15-89,2020,51.368937,
ITC41,ACT_R,9,Y15-89,2021,52.707985,
ITC41,ACT_R,9,Y15-89,2022,52.333851,
ITC41,ACT_R,9,Y15-89,2023,53.834625,
ITC41,ACT_R,9,Y15-89,2024,54.040288,
ITC41,ACT_R,9,Y15-89,2025,54.306491,
ITC41,ACT_R,9,Y18-29,2018,62.448703,
ITC41,ACT_R,9,Y18-29,2019,54.877054,
ITC41,ACT_R,9,Y18-29,2020,52.833974,
ITC41,ACT_R,9,Y18-29,2021,60.053031,
ITC41,ACT_R,9,Y18-29,2022,59.945973,
ITC41,ACT_R,9,Y18-29,2023,59.681256,
ITC41,ACT_R,9,Y18-29,2024,57.266482,
ITC41,ACT_R,9,Y18-29,2025,56.704985,
ITC41,ACT_R,9,Y25-34,2018,84.146705,
ITC41,ACT_R,9,Y25-34,2019,81.584308,
ITC41,ACT_R,9,Y25-34,2020,82.175968,
ITC41,ACT_R,9,Y25-34,2021,82.947147,
ITC41,ACT_R,9,Y25-34,2022,83.843375,
ITC41,ACT_R,9,Y25-34,2023,85.990811,
ITC41,ACT_R,9,Y25-34,2024,84.866721,
ITC41,ACT_R,9,Y25-34,2025,85.701662,
ITC41,ACT_R,9,Y35-44,2018,87.335206,
ITC41,ACT_R,9,Y35-44,2019,88.627881,
ITC41,ACT_R,9,Y35-44,2020,83.664659,
ITC41,ACT_R,9,Y35-44,2021,87.6828,
ITC41,ACT_R,9,Y35-44,2022,85.992788,
ITC41,ACT_R,9,Y35-44,2023,86.705265,
ITC41,ACT_R,9,Y35-44,2024,88.011266,
ITC41,ACT_R,9,Y35-44,2025,85.724735,
ITC41,ACT_R,9,Y35-49,2018,87.327414,
ITC41,ACT_R,9,Y35-49,2019,88.696173,
ITC41,ACT_R,9,Y35-49,2020,84.3445,
ITC41,ACT_R,9,Y35-49,2021,86.498587,
ITC41,ACT_R,9,Y35-49,2022,85.785346,
ITC41,ACT_R,9,Y35-49,2023,86.570453,
ITC41,ACT_R,9,Y35-49,2024,87.146164,
ITC41,ACT_R,9,Y35-49,2025,87.902236,
ITC41,ACT_R,9,Y45-54,2018,85.32154,
ITC41,ACT_R,9,Y45-54,2019,85.980257,
ITC41,ACT_R,9,Y45-54,2020,83.986692,
ITC41,ACT_R,9,Y45-54,2021,83.954413,
ITC41,ACT_R,9,Y45-54,2022,84.197704,
ITC41,ACT_R,9,Y45-54,2023,85.354293,
ITC41,ACT_R,9,Y45-54,2024,86.623488,
ITC41,ACT_R,9,Y45-54,2025,89.571334,
ITC41,ACT_R,9,Y55-64,2018,57.979151,
ITC41,ACT_R,9,Y55-64,2019,55.323106,
ITC41,ACT_R,9,Y55-64,2020,53.454806,
ITC41,ACT_R,9,Y55-64,2021,56.900857,
ITC41,ACT_R,9,Y55-64,2022,57.58385,
ITC41,ACT_R,9,Y55-64,2023,63.226627,
ITC41,ACT_R,9,Y55-64,2024,61.625287,
ITC41,ACT_R,9,Y55-64,2025,65.547271,
ITC42,ACT_R,1,Y15-24,2018,38.502187,
ITC42,ACT_R,1,Y15-24,2019,33.066337,
ITC42,ACT_R,1,Y15-24,2020,23.038519,
ITC42,ACT_R,1,Y15-24,2021,31.884106,
ITC42,ACT_R,1,Y15-24,2022,36.78874,
ITC42,ACT_R,1,Y15-24,2023,27.349101,
ITC42,ACT_R,1,Y15-24,2024,32.852865,
ITC42,ACT_R,1,Y15-24,2025,29.334434,
ITC42,ACT_R,1,Y15-64,2018,80.564222,
ITC42,ACT_R,1,Y15-64,2019,79.94689,
ITC42,ACT_R,1,Y15-64,2020,75.881451,
ITC42,ACT_R,1,Y15-64,2021,76.872826,
ITC42,ACT_R,1,Y15-64,2022,77.956269,
ITC42,ACT_R,1,Y15-64,2023,77.643375,
ITC42,ACT_R,1,Y15-64,2024,77.305467,
ITC42,ACT_R,1,Y15-64,2025,78.042129,
ITC42,ACT_R,1,Y15-89,2018,64.24508,
ITC42,ACT_R,1,Y15-89,2019,64.097614,
ITC42,ACT_R,1,Y15-89,2020,60.632102,
ITC42,ACT_R,1,Y15-89,2021,60.140394,
ITC42,ACT_R,1,Y15-89,2022,61.257134,
ITC42,ACT_R,1,Y15-89,2023,62.02846,
ITC42,ACT_R,1,Y15-89,2024,61.372997,
ITC42,ACT_R,1,Y15-89,2025,62.137499,
ITC42,ACT_R,1,Y18-29,2018,70.206406,
ITC42,ACT_R,1,Y18-29,2019,62.987709,
ITC42,ACT_R,1,Y18-29,2020,52.197756,
ITC42,ACT_R,1,Y18-29,2021,60.558892,
ITC42,ACT_R,1,Y18-29,2022,69.15864,
ITC42,ACT_R,1,Y18-29,2023,61.923292,
ITC42,ACT_R,1,Y18-29,2024,60.664321,
ITC42,ACT_R,1,Y18-29,2025,61.545631,
ITC42,ACT_R,1,Y25-34,2018,94.852423,
ITC42,ACT_R,1,Y25-34,2019,90.2838,
ITC42,ACT_R,1,Y25-34,2020,84.457103,
ITC42,ACT_R,1,Y25-34,2021,88.125171,
ITC42,ACT_R,1,Y25-34,2022,93.572522,
ITC42,ACT_R,1,Y25-34,2023,94.367561,
ITC42,ACT_R,1,Y25-34,2024,89.509994,
ITC42,ACT_R,1,Y25-34,2025,93.384856,
ITC42,ACT_R,1,Y35-44,2018,97.034828,
ITC42,ACT_R,1,Y35-44,2019,98.345755,
ITC42,ACT_R,1,Y35-44,2020,94.670869,
ITC42,ACT_R,1,Y35-44,2021,95.158313,
ITC42,ACT_R,1,Y35-44,2022,94.378668,
ITC42,ACT_R,1,Y35-44,2023,94.1572,
ITC42,ACT_R,1,Y35-44,2024,95.969648,
ITC42,ACT_R,1,Y35-44,2025,95.067593,
ITC42,ACT_R,1,Y35-49,2018,96.763485,
ITC42,ACT_R,1,Y35-49,2019,96.342369,
ITC42,ACT_R,1,Y35-49,2020,93.955602,
ITC42,ACT_R,1,Y35-49,2021,94.775622,
ITC42,ACT_R,1,Y35-49,2022,92.422529,
ITC42,ACT_R,1,Y35-49,2023,95.372907,
ITC42,ACT_R,1,Y35-49,2024,95.385749,
ITC42,ACT_R,1,Y35-49,2025,95.184392,
ITC42,ACT_R,1,Y45-54,2018,94.761159,
ITC42,ACT_R,1,Y45-54,2019,93.617778,
ITC42,ACT_R,1,Y45-54,2020,92.94707,
ITC42,ACT_R,1,Y45-54,2021,94.618495,
ITC42,ACT_R,1,Y45-54,2022,89.876244,
ITC42,ACT_R,1,Y45-54,2023,93.931769,
ITC42,ACT_R,1,Y45-54,2024,94.803551,
ITC42,ACT_R,1,Y45-54,2025,92.748553,
ITC42,ACT_R,1,Y55-64,2018,60.969588,
ITC42,ACT_R,1,Y55-64,2019,68.74761,
ITC42,ACT_R,1,Y55-64,2020,69.414876,
ITC42,ACT_R,1,Y55-64,2021,66.544373,
ITC42,ACT_R,1,Y55-64,2022,68.062268,
ITC42,ACT_R,1,Y55-64,2023,69.109836,
ITC42,ACT_R,1,Y55-64,2024,67.947522,
ITC42,ACT_R,1,Y55-64,2025,72.571725,
ITC42,ACT_R,2,Y15-24,2018,19.876807,
ITC42,ACT_R,2,Y15-24,2019,19.487328,
ITC42,ACT_R,2,Y15-24,2020,19.856764,
ITC42,ACT_R,2,Y15-24,2021,28.101189,
ITC42,ACT_R,2,Y15-24,2022,34.112375,
ITC42,ACT_R,2,Y15-24,2023,30.565142,
ITC42,ACT_R,2,Y15-24,2024,26.427276,
ITC42,ACT_R,2,Y15-24,2025,18.648387,
ITC42,ACT_R,2,Y15-64,2018,63.591699,
ITC42,ACT_R,2,Y15-64,2019,63.678655,
ITC42,ACT_R,2,Y15-64,2020,61.040827,
ITC42,ACT_R,2,Y15-64,2021,64.287784,
ITC42,ACT_R,2,Y15-64,2022,65.130143,
ITC42,ACT_R,2,Y15-64,2023,65.815863,
ITC42,ACT_R,2,Y15-64,2024,65.060093,
ITC42,ACT_R,2,Y15-64,2025,61.279333,
ITC42,ACT_R,2,Y15-89,2018,47.158692,
ITC42,ACT_R,2,Y15-89,2019,47.249909,
ITC42,ACT_R,2,Y15-89,2020,45.126604,
ITC42,ACT_R,2,Y15-89,2021,47.232851,
ITC42,ACT_R,2,Y15-89,2022,47.782857,
ITC42,ACT_R,2,Y15-89,2023,48.745023,
ITC42,ACT_R,2,Y15-89,2024,47.585672,
ITC42,ACT_R,2,Y15-89,2025,44.678536,
ITC42,ACT_R,2,Y18-29,2018,51.918082,
ITC42,ACT_R,2,Y18-29,2019,48.360631,
ITC42,ACT_R,2,Y18-29,2020,46.500104,
ITC42,ACT_R,2,Y18-29,2021,56.098511,
ITC42,ACT_R,2,Y18-29,2022,62.006815,
ITC42,ACT_R,2,Y18-29,2023,57.99483,
ITC42,ACT_R,2,Y18-29,2024,58.08935,
ITC42,ACT_R,2,Y18-29,2025,48.159829,
ITC42,ACT_R,2,Y25-34,2018,82.244898,
ITC42,ACT_R,2,Y25-34,2019,82.521287,
ITC42,ACT_R,2,Y25-34,2020,79.226884,
ITC42,ACT_R,2,Y25-34,2021,80.858795,
ITC42,ACT_R,2,Y25-34,2022,77.806214,
ITC42,ACT_R,2,Y25-34,2023,80.668373,
ITC42,ACT_R,2,Y25-34,2024,81.136663,
ITC42,ACT_R,2,Y25-34,2025,74.687954,
ITC42,ACT_R,2,Y35-44,2018,81.134296,
ITC42,ACT_R,2,Y35-44,2019,78.915709,
ITC42,ACT_R,2,Y35-44,2020,78.098683,
ITC42,ACT_R,2,Y35-44,2021,77.563939,
ITC42,ACT_R,2,Y35-44,2022,81.714148,
ITC42,ACT_R,2,Y35-44,2023,78.543689,
ITC42,ACT_R,2,Y35-44,2024,81.461704,
ITC42,ACT_R,2,Y35-44,2025,77.88532,
ITC42,ACT_R,2,Y35-49,2018,81.33613,
ITC42,ACT_R,2,Y35-49,2019,80.66855,
ITC42,ACT_R,2,Y35-49,2020,77.115129,
ITC42,ACT_R,2,Y35-49,2021,79.257664,
ITC42,ACT_R,2,Y35-49,2022,80.827662,
ITC42,ACT_R,2,Y35-49,2023,78.84056,
ITC42,ACT_R,2,Y35-49,2024,78.796337,
ITC42,ACT_R,2,Y35-49,2025,77.115056,
ITC42,ACT_R,2,Y45-54,2018,74.833452,
ITC42,ACT_R,2,Y45-54,2019,76.040108,
ITC42,ACT_R,2,Y45-54,2020,70.569186,
ITC42,ACT_R,2,Y45-54,2021,75.917845,
ITC42,ACT_R,2,Y45-54,2022,80.236052,
ITC42,ACT_R,2,Y45-54,2023,77.362868,
ITC42,ACT_R,2,Y45-54,2024,73.179655,
ITC42,ACT_R,2,Y45-54,2025,76.263202,
ITC42,ACT_R,2,Y55-64,2018,47.30955,
ITC42,ACT_R,2,Y55-64,2019,49.342768,
ITC42,ACT_R,2,Y55-64,2020,49.135021,
ITC42,ACT_R,2,Y55-64,2021,51.190868,
ITC42,ACT_R,2,Y55-64,2022,47.139,
ITC42,ACT_R,2,Y55-64,2023,56.656777,
ITC42,ACT_R,2,Y55-64,2024,57.120824,
ITC42,ACT_R,2,Y55-64,2025,52.063441,
ITC42,ACT_R,9,Y15-24,2018,29.43363,
ITC42,ACT_R,9,Y15-24,2019,26.359399,
ITC42,ACT_R,9,Y15-24,2020,21.485741,
ITC42,ACT_R,9,Y15-24,2021,30.125071,
ITC42,ACT_R,9,Y15-24,2022,35.520612,
ITC42,ACT_R,9,Y15-24,2023,28.90436,
ITC42,ACT_R,9,Y15-24,2024,29.796228,
ITC42,ACT_R,9,Y15-24,2025,24.318086,
ITC42,ACT_R,9,Y15-64,2018,72.151498,
ITC42,ACT_R,9,Y15-64,2019,71.890923,
ITC42,ACT_R,9,Y15-64,2020,68.537808,
ITC42,ACT_R,9,Y15-64,2021,70.650971,
ITC42,ACT_R,9,Y15-64,2022,71.616023,
ITC42,ACT_R,9,Y15-64,2023,71.807857,
ITC42,ACT_R,9,Y15-64,2024,71.269069,
ITC42,ACT_R,9,Y15-64,2025,69.789238,
ITC42,ACT_R,9,Y15-89,2018,55.506473,
ITC42,ACT_R,9,Y15-89,2019,55.503145,
ITC42,ACT_R,9,Y15-89,2020,52.743858,
ITC42,ACT_R,9,Y15-89,2021,53.582958,
ITC42,ACT_R,9,Y15-89,2022,54.416503,
ITC42,ACT_R,9,Y15-89,2023,55.280251,
ITC42,ACT_R,9,Y15-89,2024,54.363607,
ITC42,ACT_R,9,Y15-89,2025,53.26803,
ITC42,ACT_R,9,Y18-29,2018,61.322177,
ITC42,ACT_R,9,Y18-29,2019,55.853891,
ITC42,ACT_R,9,Y18-29,2020,49.441091,
ITC42,ACT_R,9,Y18-29,2021,58.396281,
ITC42,ACT_R,9,Y18-29,2022,65.672251,
ITC42,ACT_R,9,Y18-29,2023,60.017586,
ITC42,ACT_R,9,Y18-29,2024,59.432245,
ITC42,ACT_R,9,Y18-29,2025,55.033151,
ITC42,ACT_R,9,Y25-34,2018,88.887899,
ITC42,ACT_R,9,Y25-34,2019,86.639169,
ITC42,ACT_R,9,Y25-34,2020,81.960574,
ITC42,ACT_R,9,Y25-34,2021,84.558379,
ITC42,ACT_R,9,Y25-34,2022,85.806423,
ITC42,ACT_R,9,Y25-34,2023,88.184118,
ITC42,ACT_R,9,Y25-34,2024,85.420481,
ITC42,ACT_R,9,Y25-34,2025,84.271836,
ITC42,ACT_R,9,Y35-44,2018,89.063844,
ITC42,ACT_R,9,Y35-44,2019,88.690167,
ITC42,ACT_R,9,Y35-44,2020,86.737273,
ITC42,ACT_R,9,Y35-44,2021,86.359378,
ITC42,ACT_R,9,Y35-44,2022,87.704099,
ITC42,ACT_R,9,Y35-44,2023,85.405943,
ITC42,ACT_R,9,Y35-44,2024,88.19978,
ITC42,ACT_R,9,Y35-44,2025,86.649814,
ITC42,ACT_R,9,Y35-49,2018,89.020424,
ITC42,ACT_R,9,Y35-49,2019,88.518378,
ITC42,ACT_R,9,Y35-49,2020,85.587954,
ITC42,ACT_R,9,Y35-49,2021,86.993302,
ITC42,ACT_R,9,Y35-49,2022,86.642452,
ITC42,ACT_R,9,Y35-49,2023,86.870418,
ITC42,ACT_R,9,Y35-49,2024,87.159231,
ITC42,ACT_R,9,Y35-49,2025,86.170364,
ITC42,ACT_R,9,Y45-54,2018,85.135559,
ITC42,ACT_R,9,Y45-54,2019,84.752889,
ITC42,ACT_R,9,Y45-54,2020,81.146347,
ITC42,ACT_R,9,Y45-54,2021,85.127293,
ITC42,ACT_R,9,Y45-54,2022,85.394919,
ITC42,ACT_R,9,Y45-54,2023,86.124205,
ITC42,ACT_R,9,Y45-54,2024,84.416606,
ITC42,ACT_R,9,Y45-54,2025,84.715341,
ITC42,ACT_R,9,Y55-64,2018,53.69661,
ITC42,ACT_R,9,Y55-64,2019,58.985825,
ITC42,ACT_R,9,Y55-64,2020,59.46878,
ITC42,ACT_R,9,Y55-64,2021,58.911361,
ITC42,ACT_R,9,Y55-64,2022,57.219455,
ITC42,ACT_R,9,Y55-64,2023,62.828787,
ITC42,ACT_R,9,Y55-64,2024,62.666477,
ITC42,ACT_R,9,Y55-64,2025,61.980777,
ITC43,ACT_R,1,Y15-24,2018,35.850678,
ITC43,ACT_R,1,Y15-24,2019,37.20836,
ITC43,ACT_R,1,Y15-24,2020,40.640264,
ITC43,ACT_R,1,Y15-24,2021,34.445913,
ITC43,ACT_R,1,Y15-24,2022,35.341981,
ITC43,ACT_R,1,Y15-24,2023,41.764343,
ITC43,ACT_R,1,Y15-24,2024,25.626096,
ITC43,ACT_R,1,Y15-24,2025,28.724971,
ITC43,ACT_R,1,Y15-64,2018,78.982541,
ITC43,ACT_R,1,Y15-64,2019,79.975068,
ITC43,ACT_R,1,Y15-64,2020,79.8435,
ITC43,ACT_R,1,Y15-64,2021,77.456214,
ITC43,ACT_R,1,Y15-64,2022,76.272669,
ITC43,ACT_R,1,Y15-64,2023,77.9048,
ITC43,ACT_R,1,Y15-64,2024,76.776735,
ITC43,ACT_R,1,Y15-64,2025,73.188392,
ITC43,ACT_R,1,Y15-89,2018,62.921797,
ITC43,ACT_R,1,Y15-89,2019,63.091996,
ITC43,ACT_R,1,Y15-89,2020,62.334509,
ITC43,ACT_R,1,Y15-89,2021,59.765302,
ITC43,ACT_R,1,Y15-89,2022,59.239911,
ITC43,ACT_R,1,Y15-89,2023,60.389274,
ITC43,ACT_R,1,Y15-89,2024,59.498388,
ITC43,ACT_R,1,Y15-89,2025,56.177237,
ITC43,ACT_R,1,Y18-29,2018,65.195246,
ITC43,ACT_R,1,Y18-29,2019,64.903085,
ITC43,ACT_R,1,Y18-29,2020,68.234443,
ITC43,ACT_R,1,Y18-29,2021,62.35353,
ITC43,ACT_R,1,Y18-29,2022,61.456985,
ITC43,ACT_R,1,Y18-29,2023,65.732381,
ITC43,ACT_R,1,Y18-29,2024,60.962847,
ITC43,ACT_R,1,Y18-29,2025,54.306864,
ITC43,ACT_R,1,Y25-34,2018,88.354971,
ITC43,ACT_R,1,Y25-34,2019,91.009921,
ITC43,ACT_R,1,Y25-34,2020,91.622974,
ITC43,ACT_R,1,Y25-34,2021,90.311834,
ITC43,ACT_R,1,Y25-34,2022,85.53595,
ITC43,ACT_R,1,Y25-34,2023,87.530208,
ITC43,ACT_R,1,Y25-34,2024,90.935228,
ITC43,ACT_R,1,Y25-34,2025,85.678104,
ITC43,ACT_R,1,Y35-44,2018,97.950121,
ITC43,ACT_R,1,Y35-44,2019,96.230934,
ITC43,ACT_R,1,Y35-44,2020,94.416356,
ITC43,ACT_R,1,Y35-44,2021,97.703205,
ITC43,ACT_R,1,Y35-44,2022,96.888,
ITC43,ACT_R,1,Y35-44,2023,97.494317,
ITC43,ACT_R,1,Y35-44,2024,99.110367,
ITC43,ACT_R,1,Y35-44,2025,96.539631,
ITC43,ACT_R,1,Y35-49,2018,96.261939,
ITC43,ACT_R,1,Y35-49,2019,96.625869,
ITC43,ACT_R,1,Y35-49,2020,95.177211,
ITC43,ACT_R,1,Y35-49,2021,97.408824,
ITC43,ACT_R,1,Y35-49,2022,95.067893,
ITC43,ACT_R,1,Y35-49,2023,96.25232,
ITC43,ACT_R,1,Y35-49,2024,95.904975,
ITC43,ACT_R,1,Y35-49,2025,95.319259,
ITC43,ACT_R,1,Y45-54,2018,95.155046,
ITC43,ACT_R,1,Y45-54,2019,97.251363,
ITC43,ACT_R,1,Y45-54,2020,97.273342,
ITC43,ACT_R,1,Y45-54,2021,94.998717,
ITC43,ACT_R,1,Y45-54,2022,92.655304,
ITC43,ACT_R,1,Y45-54,2023,92.646821,
ITC43,ACT_R,1,Y45-54,2024,92.844537,
ITC43,ACT_R,1,Y45-54,2025,92.735225,
ITC43,ACT_R,1,Y55-64,2018,63.740764,
ITC43,ACT_R,1,Y55-64,2019,67.397789,
ITC43,ACT_R,1,Y55-64,2020,66.033203,
ITC43,ACT_R,1,Y55-64,2021,63.964836,
ITC43,ACT_R,1,Y55-64,2022,65.424859,
ITC43,ACT_R,1,Y55-64,2023,65.627803,
ITC43,ACT_R,1,Y55-64,2024,65.648298,
ITC43,ACT_R,1,Y55-64,2025,59.886147,
ITC43,ACT_R,2,Y15-24,2018,26.031825,
ITC43,ACT_R,2,Y15-24,2019,25.288941,
ITC43,ACT_R,2,Y15-24,2020,21.376835,
ITC43,ACT_R,2,Y15-24,2021,23.619864,
ITC43,ACT_R,2,Y15-24,2022,26.25204,
ITC43,ACT_R,2,Y15-24,2023,25.22906,
ITC43,ACT_R,2,Y15-24,2024,24.523864,
ITC43,ACT_R,2,Y15-24,2025,16.765543,
ITC43,ACT_R,2,Y15-64,2018,64.823022,
ITC43,ACT_R,2,Y15-64,2019,65.350699,
ITC43,ACT_R,2,Y15-64,2020,64.754695,
ITC43,ACT_R,2,Y15-64,2021,61.592698,
ITC43,ACT_R,2,Y15-64,2022,61.773963,
ITC43,ACT_R,2,Y15-64,2023,62.257221,
ITC43,ACT_R,2,Y15-64,2024,62.130877,
ITC43,ACT_R,2,Y15-64,2025,61.090542,
ITC43,ACT_R,2,Y15-89,2018,47.365267,
ITC43,ACT_R,2,Y15-89,2019,47.522709,
ITC43,ACT_R,2,Y15-89,2020,47.102061,
ITC43,ACT_R,2,Y15-89,2021,44.303806,
ITC43,ACT_R,2,Y15-89,2022,44.419323,
ITC43,ACT_R,2,Y15-89,2023,44.942858,
ITC43,ACT_R,2,Y15-89,2024,44.713435,
ITC43,ACT_R,2,Y15-89,2025,43.94107,
ITC43,ACT_R,2,Y18-29,2018,54.443513,
ITC43,ACT_R,2,Y18-29,2019,58.574949,
ITC43,ACT_R,2,Y18-29,2020,54.332704,
ITC43,ACT_R,2,Y18-29,2021,50.089831,
ITC43,ACT_R,2,Y18-29,2022,54.660792,
ITC43,ACT_R,2,Y18-29,2023,52.924603,
ITC43,ACT_R,2,Y18-29,2024,47.178983,
ITC43,ACT_R,2,Y18-29,2025,39.591548,
ITC43,ACT_R,2,Y25-34,2018,85.506824,
ITC43,ACT_R,2,Y25-34,2019,87.523735,
ITC43,ACT_R,2,Y25-34,2020,84.053073,
ITC43,ACT_R,2,Y25-34,2021,77.711677,
ITC43,ACT_R,2,Y25-34,2022,81.837581,
ITC43,ACT_R,2,Y25-34,2023,74.579085,
ITC43,ACT_R,2,Y25-34,2024,74.736083,
ITC43,ACT_R,2,Y25-34,2025,74.514323,
ITC43,ACT_R,2,Y35-44,2018,83.110306,
ITC43,ACT_R,2,Y35-44,2019,81.348103,
ITC43,ACT_R,2,Y35-44,2020,79.668396,
ITC43,ACT_R,2,Y35-44,2021,76.025967,
ITC43,ACT_R,2,Y35-44,2022,77.884401,
ITC43,ACT_R,2,Y35-44,2023,87.816979,
ITC43,ACT_R,2,Y35-44,2024,82.223077,
ITC43,ACT_R,2,Y35-44,2025,73.653761,
ITC43,ACT_R,2,Y35-49,2018,82.579697,
ITC43,ACT_R,2,Y35-49,2019,80.737508,
ITC43,ACT_R,2,Y35-49,2020,80.455391,
ITC43,ACT_R,2,Y35-49,2021,75.94141,
ITC43,ACT_R,2,Y35-49,2022,78.475749,
ITC43,ACT_R,2,Y35-49,2023,82.654723,
ITC43,ACT_R,2,Y35-49,2024,79.084475,
ITC43,ACT_R,2,Y35-49,2025,76.07396,
ITC43,ACT_R,2,Y45-54,2018,77.148739,
ITC43,ACT_R,2,Y45-54,2019,77.902622,
ITC43,ACT_R,2,Y45-54,2020,80.390101,
ITC43,ACT_R,2,Y45-54,2021,78.925741,
ITC43,ACT_R,2,Y45-54,2022,76.485838,
ITC43,ACT_R,2,Y45-54,2023,78.135527,
ITC43,ACT_R,2,Y45-54,2024,77.405126,
ITC43,ACT_R,2,Y45-54,2025,81.771502,
ITC43,ACT_R,2,Y55-64,2018,43.780047,
ITC43,ACT_R,2,Y55-64,2019,44.518783,
ITC43,ACT_R,2,Y55-64,2020,48.719388,
ITC43,ACT_R,2,Y55-64,2021,43.24395,
ITC43,ACT_R,2,Y55-64,2022,45.278266,
ITC43,ACT_R,2,Y55-64,2023,46.982123,
ITC43,ACT_R,2,Y55-64,2024,52.308085,
ITC43,ACT_R,2,Y55-64,2025,56.033196,
ITC43,ACT_R,9,Y15-24,2018,30.974517,
ITC43,ACT_R,9,Y15-24,2019,31.624615,
ITC43,ACT_R,9,Y15-24,2020,31.418929,
ITC43,ACT_R,9,Y15-24,2021,29.396896,
ITC43,ACT_R,9,Y15-24,2022,30.939714,
ITC43,ACT_R,9,Y15-24,2023,33.323271,
ITC43,ACT_R,9,Y15-24,2024,25.051642,
ITC43,ACT_R,9,Y15-24,2025,22.994941,
ITC43,ACT_R,9,Y15-64,2018,72.009716,
ITC43,ACT_R,9,Y15-64,2019,72.777159,
ITC43,ACT_R,9,Y15-64,2020,72.408252,
ITC43,ACT_R,9,Y15-64,2021,69.635096,
ITC43,ACT_R,9,Y15-64,2022,69.122793,
ITC43,ACT_R,9,Y15-64,2023,70.199199,
ITC43,ACT_R,9,Y15-64,2024,69.567057,
ITC43,ACT_R,9,Y15-64,2025,67.247276,
ITC43,ACT_R,9,Y15-89,2018,55.049702,
ITC43,ACT_R,9,Y15-89,2019,55.191858,
ITC43,ACT_R,9,Y15-89,2020,54.599517,
ITC43,ACT_R,9,Y15-89,2021,51.920068,
ITC43,ACT_R,9,Y15-89,2022,51.727316,
ITC43,ACT_R,9,Y15-89,2023,52.556812,
ITC43,ACT_R,9,Y15-89,2024,52.025663,
ITC43,ACT_R,9,Y15-89,2025,50.043175,
ITC43,ACT_R,9,Y18-29,2018,59.947329,
ITC43,ACT_R,9,Y18-29,2019,61.831692,
ITC43,ACT_R,9,Y18-29,2020,61.670274,
ITC43,ACT_R,9,Y18-29,2021,56.297686,
ITC43,ACT_R,9,Y18-29,2022,58.229857,
ITC43,ACT_R,9,Y18-29,2023,60.053988,
ITC43,ACT_R,9,Y18-29,2024,54.358492,
ITC43,ACT_R,9,Y18-29,2025,47.132016,
ITC43,ACT_R,9,Y25-34,2018,86.959757,
ITC43,ACT_R,9,Y25-34,2019,89.178263,
ITC43,ACT_R,9,Y25-34,2020,87.91256,
ITC43,ACT_R,9,Y25-34,2021,84.126392,
ITC43,ACT_R,9,Y25-34,2022,83.704331,
ITC43,ACT_R,9,Y25-34,2023,81.376803,
ITC43,ACT_R,9,Y25-34,2024,83.601009,
ITC43,ACT_R,9,Y25-34,2025,80.338706,
ITC43,ACT_R,9,Y35-44,2018,90.660946,
ITC43,ACT_R,9,Y35-44,2019,89.410667,
ITC43,ACT_R,9,Y35-44,2020,87.199819,
ITC43,ACT_R,9,Y35-44,2021,86.668977,
ITC43,ACT_R,9,Y35-44,2022,87.536367,
ITC43,ACT_R,9,Y35-44,2023,93.011378,
ITC43,ACT_R,9,Y35-44,2024,90.870602,
ITC43,ACT_R,9,Y35-44,2025,84.139612,
ITC43,ACT_R,9,Y35-49,2018,89.645126,
ITC43,ACT_R,9,Y35-49,2019,88.995229,
ITC43,ACT_R,9,Y35-49,2020,87.90086,
ITC43,ACT_R,9,Y35-49,2021,86.641546,
ITC43,ACT_R,9,Y35-49,2022,86.944833,
ITC43,ACT_R,9,Y35-49,2023,89.652162,
ITC43,ACT_R,9,Y35-49,2024,87.654103,
ITC43,ACT_R,9,Y35-49,2025,85.755573,
ITC43,ACT_R,9,Y45-54,2018,86.308126,
ITC43,ACT_R,9,Y45-54,2019,87.321984,
ITC43,ACT_R,9,Y45-54,2020,88.816394,
ITC43,ACT_R,9,Y45-54,2021,86.964734,
ITC43,ACT_R,9,Y45-54,2022,84.735486,
ITC43,ACT_R,9,Y45-54,2023,85.274804,
ITC43,ACT_R,9,Y45-54,2024,85.435963,
ITC43,ACT_R,9,Y45-54,2025,88.043943,
ITC43,ACT_R,9,Y55-64,2018,53.898932,
ITC43,ACT_R,9,Y55-64,2019,56.128946,
ITC43,ACT_R,9,Y55-64,2020,57.405733,
ITC43,ACT_R,9,Y55-64,2021,53.789501,
ITC43,ACT_R,9,Y55-64,2022,55.332007,
ITC43,ACT_R,9,Y55-64,2023,56.358751,
ITC43,ACT_R,9,Y55-64,2024,58.798556,
ITC43,ACT_R,9,Y55-64,2025,57.849206,
ITC44,ACT_R,1,Y15-24,2018,42.797092,
ITC44,ACT_R,1,Y15-24,2019,42.371157,
ITC44,ACT_R,1,Y15-24,2020,47.034211,
ITC44,ACT_R,1,Y15-24,2021,42.837838,
ITC44,ACT_R,1,Y15-24,2022,28.607931,
ITC44,ACT_R,1,Y15-24,2023,37.703876,
ITC44,ACT_R,1,Y15-24,2024,31.933487,
ITC44,ACT_R,1,Y15-24,2025,35.6027,
ITC44,ACT_R,1,Y15-64,2018,77.469698,
ITC44,ACT_R,1,Y15-64,2019,78.037163,
ITC44,ACT_R,1,Y15-64,2020,76.089129,
ITC44,ACT_R,1,Y15-64,2021,75.151953,
ITC44,ACT_R,1,Y15-64,2022,75.162217,
ITC44,ACT_R,1,Y15-64,2023,76.260996,
ITC44,ACT_R,1,Y15-64,2024,78.085054,
ITC44,ACT_R,1,Y15-64,2025,77.584192,
ITC44,ACT_R,1,Y15-89,2018,61.258758,
ITC44,ACT_R,1,Y15-89,2019,61.253413,
ITC44,ACT_R,1,Y15-89,2020,59.093629,
ITC44,ACT_R,1,Y15-89,2021,57.939223,
ITC44,ACT_R,1,Y15-89,2022,58.153147,
ITC44,ACT_R,1,Y15-89,2023,59.266317,
ITC44,ACT_R,1,Y15-89,2024,60.163666,
ITC44,ACT_R,1,Y15-89,2025,58.815313,
ITC44,ACT_R,1,Y18-29,2018,71.306894,
ITC44,ACT_R,1,Y18-29,2019,80.553464,
ITC44,ACT_R,1,Y18-29,2020,73.817833,
ITC44,ACT_R,1,Y18-29,2021,65.815838,
ITC44,ACT_R,1,Y18-29,2022,53.901561,
ITC44,ACT_R,1,Y18-29,2023,67.047672,
ITC44,ACT_R,1,Y18-29,2024,72.398805,
ITC44,ACT_R,1,Y18-29,2025,60.102546,
ITC44,ACT_R,1,Y25-34,2018,86.57739,
ITC44,ACT_R,1,Y25-34,2019,99.344195,
ITC44,ACT_R,1,Y25-34,2020,89.321149,
ITC44,ACT_R,1,Y25-34,2021,86.463757,
ITC44,ACT_R,1,Y25-34,2022,87.423004,
ITC44,ACT_R,1,Y25-34,2023,90.293081,
ITC44,ACT_R,1,Y25-34,2024,93.576408,
ITC44,ACT_R,1,Y25-34,2025,95.381655,
ITC44,ACT_R,1,Y35-44,2018,94.914952,
ITC44,ACT_R,1,Y35-44,2019,95.700099,
ITC44,ACT_R,1,Y35-44,2020,95.057105,
ITC44,ACT_R,1,Y35-44,2021,94.587112,
ITC44,ACT_R,1,Y35-44,2022,95.745294,
ITC44,ACT_R,1,Y35-44,2023,94.754721,
ITC44,ACT_R,1,Y35-44,2024,99.389634,
ITC44,ACT_R,1,Y35-44,2025,98.409022,
ITC44,ACT_R,1,Y35-49,2018,96.607499,
ITC44,ACT_R,1,Y35-49,2019,96.342468,
ITC44,ACT_R,1,Y35-49,2020,94.374214,
ITC44,ACT_R,1,Y35-49,2021,95.33514,
ITC44,ACT_R,1,Y35-49,2022,96.305878,
ITC44,ACT_R,1,Y35-49,2023,95.470741,
ITC44,ACT_R,1,Y35-49,2024,97.49772,
ITC44,ACT_R,1,Y35-49,2025,98.04894,
ITC44,ACT_R,1,Y45-54,2018,96.688224,
ITC44,ACT_R,1,Y45-54,2019,95.477387,
ITC44,ACT_R,1,Y45-54,2020,90.808073,
ITC44,ACT_R,1,Y45-54,2021,92.626309,
ITC44,ACT_R,1,Y45-54,2022,95.638126,
ITC44,ACT_R,1,Y45-54,2023,94.644471,
ITC44,ACT_R,1,Y45-54,2024,95.671685,
ITC44,ACT_R,1,Y45-54,2025,94.361947,
ITC44,ACT_R,1,Y55-64,2018,59.609588,
ITC44,ACT_R,1,Y55-64,2019,49.960064,
ITC44,ACT_R,1,Y55-64,2020,52.908095,
ITC44,ACT_R,1,Y55-64,2021,56.890981,
ITC44,ACT_R,1,Y55-64,2022,61.292659,
ITC44,ACT_R,1,Y55-64,2023,63.061518,
ITC44,ACT_R,1,Y55-64,2024,63.516018,
ITC44,ACT_R,1,Y55-64,2025,67.085939,
ITC44,ACT_R,2,Y15-24,2018,30.073157,
ITC44,ACT_R,2,Y15-24,2019,35.885113,
ITC44,ACT_R,2,Y15-24,2020,32.801437,
ITC44,ACT_R,2,Y15-24,2021,30.163043,
ITC44,ACT_R,2,Y15-24,2022,37.086439,
ITC44,ACT_R,2,Y15-24,2023,32.622413,
ITC44,ACT_R,2,Y15-24,2024,25.471078,
ITC44,ACT_R,2,Y15-24,2025,32.226541,
ITC44,ACT_R,2,Y15-64,2018,62.030637,
ITC44,ACT_R,2,Y15-64,2019,63.037639,
ITC44,ACT_R,2,Y15-64,2020,60.993829,
ITC44,ACT_R,2,Y15-64,2021,61.754524,
ITC44,ACT_R,2,Y15-64,2022,64.350847,
ITC44,ACT_R,2,Y15-64,2023,62.538756,
ITC44,ACT_R,2,Y15-64,2024,57.935154,
ITC44,ACT_R,2,Y15-64,2025,58.158293,
ITC44,ACT_R,2,Y15-89,2018,45.218465,
ITC44,ACT_R,2,Y15-89,2019,46.343309,
ITC44,ACT_R,2,Y15-89,2020,44.454562,
ITC44,ACT_R,2,Y15-89,2021,44.872458,
ITC44,ACT_R,2,Y15-89,2022,46.942437,
ITC44,ACT_R,2,Y15-89,2023,45.277702,
ITC44,ACT_R,2,Y15-89,2024,42.041991,
ITC44,ACT_R,2,Y15-89,2025,41.866739,
ITC44,ACT_R,2,Y18-29,2018,53.690234,
ITC44,ACT_R,2,Y18-29,2019,61.257458,
ITC44,ACT_R,2,Y18-29,2020,57.69499,
ITC44,ACT_R,2,Y18-29,2021,62.779776,
ITC44,ACT_R,2,Y18-29,2022,65.469118,
ITC44,ACT_R,2,Y18-29,2023,54.839609,
ITC44,ACT_R,2,Y18-29,2024,46.166195,
ITC44,ACT_R,2,Y18-29,2025,53.415113,
ITC44,ACT_R,2,Y25-34,2018,74.572728,
ITC44,ACT_R,2,Y25-34,2019,77.038766,
ITC44,ACT_R,2,Y25-34,2020,74.614044,
ITC44,ACT_R,2,Y25-34,2021,79.416939,
ITC44,ACT_R,2,Y25-34,2022,73.94334,
ITC44,ACT_R,2,Y25-34,2023,72.684787,
ITC44,ACT_R,2,Y25-34,2024,59.696526,
ITC44,ACT_R,2,Y25-34,2025,57.655382,
ITC44,ACT_R,2,Y35-44,2018,78.822015,
ITC44,ACT_R,2,Y35-44,2019,78.775715,
ITC44,ACT_R,2,Y35-44,2020,77.132111,
ITC44,ACT_R,2,Y35-44,2021,71.684867,
ITC44,ACT_R,2,Y35-44,2022,78.895141,
ITC44,ACT_R,2,Y35-44,2023,81.153765,
ITC44,ACT_R,2,Y35-44,2024,73.114925,
ITC44,ACT_R,2,Y35-44,2025,77.882407,
ITC44,ACT_R,2,Y35-49,2018,78.621264,
ITC44,ACT_R,2,Y35-49,2019,78.259286,
ITC44,ACT_R,2,Y35-49,2020,77.242553,
ITC44,ACT_R,2,Y35-49,2021,76.285305,
ITC44,ACT_R,2,Y35-49,2022,79.636301,
ITC44,ACT_R,2,Y35-49,2023,79.978281,
ITC44,ACT_R,2,Y35-49,2024,71.957198,
ITC44,ACT_R,2,Y35-49,2025,74.40891,
ITC44,ACT_R,2,Y45-54,2018,76.446047,
ITC44,ACT_R,2,Y45-54,2019,75.813922,
ITC44,ACT_R,2,Y45-54,2020,74.979787,
ITC44,ACT_R,2,Y45-54,2021,77.328123,
ITC44,ACT_R,2,Y45-54,2022,79.352671,
ITC44,ACT_R,2,Y45-54,2023,76.867776,
ITC44,ACT_R,2,Y45-54,2024,67.120865,
ITC44,ACT_R,2,Y45-54,2025,69.427785,
ITC44,ACT_R,2,Y55-64,2018,44.646221,
ITC44,ACT_R,2,Y55-64,2019,44.791049,
ITC44,ACT_R,2,Y55-64,2020,46.891174,
ITC44,ACT_R,2,Y55-64,2021,46.730109,
ITC44,ACT_R,2,Y55-64,2022,48.06036,
ITC44,ACT_R,2,Y55-64,2023,47.935705,
ITC44,ACT_R,2,Y55-64,2024,59.617744,
ITC44,ACT_R,2,Y55-64,2025,51.90076,
ITC44,ACT_R,9,Y15-24,2018,36.405269,
ITC44,ACT_R,9,Y15-24,2019,39.146009,
ITC44,ACT_R,9,Y15-24,2020,39.374645,
ITC44,ACT_R,9,Y15-24,2021,36.652445,
ITC44,ACT_R,9,Y15-24,2022,32.321726,
ITC44,ACT_R,9,Y15-24,2023,35.387273,
ITC44,ACT_R,9,Y15-24,2024,28.53688,
ITC44,ACT_R,9,Y15-24,2025,34.031792,
ITC44,ACT_R,9,Y15-64,2018,69.805373,
ITC44,ACT_R,9,Y15-64,2019,70.585137,
ITC44,ACT_R,9,Y15-64,2020,68.596603,
ITC44,ACT_R,9,Y15-64,2021,68.513252,
ITC44,ACT_R,9,Y15-64,2022,69.810527,
ITC44,ACT_R,9,Y15-64,2023,69.477119,
ITC44,ACT_R,9,Y15-64,2024,68.13635,
ITC44,ACT_R,9,Y15-64,2025,68.017973,
ITC44,ACT_R,9,Y15-89,2018,53.06287,
ITC44,ACT_R,9,Y15-89,2019,53.658808,
ITC44,ACT_R,9,Y15-89,2020,51.641586,
ITC44,ACT_R,9,Y15-89,2021,51.312363,
ITC44,ACT_R,9,Y15-89,2022,52.47145,
ITC44,ACT_R,9,Y15-89,2023,52.181462,
ITC44,ACT_R,9,Y15-89,2024,51.015692,
ITC44,ACT_R,9,Y15-89,2025,50.274217,
ITC44,ACT_R,9,Y18-29,2018,62.890372,
ITC44,ACT_R,9,Y18-29,2019,70.783958,
ITC44,ACT_R,9,Y18-29,2020,66.28994,
ITC44,ACT_R,9,Y18-29,2021,64.401731,
ITC44,ACT_R,9,Y18-29,2022,59.624895,
ITC44,ACT_R,9,Y18-29,2023,60.945343,
ITC44,ACT_R,9,Y18-29,2024,59.564534,
ITC44,ACT_R,9,Y18-29,2025,56.961792,
ITC44,ACT_R,9,Y25-34,2018,81.08747,
ITC44,ACT_R,9,Y25-34,2019,89.497482,
ITC44,ACT_R,9,Y25-34,2020,83.270157,
ITC44,ACT_R,9,Y25-34,2021,83.339834,
ITC44,ACT_R,9,Y25-34,2022,80.744218,
ITC44,ACT_R,9,Y25-34,2023,81.966641,
ITC44,ACT_R,9,Y25-34,2024,78.453498,
ITC44,ACT_R,9,Y25-34,2025,78.089172,
ITC44,ACT_R,9,Y35-44,2018,86.45644,
ITC44,ACT_R,9,Y35-44,2019,86.51262,
ITC44,ACT_R,9,Y35-44,2020,86.118409,
ITC44,ACT_R,9,Y35-44,2021,83.252134,
ITC44,ACT_R,9,Y35-44,2022,87.58607,
ITC44,ACT_R,9,Y35-44,2023,88.143246,
ITC44,ACT_R,9,Y35-44,2024,87.96223,
ITC44,ACT_R,9,Y35-44,2025,88.819143,
ITC44,ACT_R,9,Y35-49,2018,87.575821,
ITC44,ACT_R,9,Y35-49,2019,87.056183,
ITC44,ACT_R,9,Y35-49,2020,85.578156,
ITC44,ACT_R,9,Y35-49,2021,85.495357,
ITC44,ACT_R,9,Y35-49,2022,87.75947,
ITC44,ACT_R,9,Y35-49,2023,87.511379,
ITC44,ACT_R,9,Y35-49,2024,85.033994,
ITC44,ACT_R,9,Y35-49,2025,85.947702,
ITC44,ACT_R,9,Y45-54,2018,86.541665,
ITC44,ACT_R,9,Y45-54,2019,86.104347,
ITC44,ACT_R,9,Y45-54,2020,82.77931,
ITC44,ACT_R,9,Y45-54,2021,84.461968,
ITC44,ACT_R,9,Y45-54,2022,87.570909,
ITC44,ACT_R,9,Y45-54,2023,85.464079,
ITC44,ACT_R,9,Y45-54,2024,80.687758,
ITC44,ACT_R,9,Y45-54,2025,81.158933,
ITC44,ACT_R,9,Y55-64,2018,52.313913,
ITC44,ACT_R,9,Y55-64,2019,47.276781,
ITC44,ACT_R,9,Y55-64,2020,49.796472,
ITC44,ACT_R,9,Y55-64,2021,51.857366,
ITC44,ACT_R,9,Y55-64,2022,54.163418,
ITC44,ACT_R,9,Y55-64,2023,55.284905,
ITC44,ACT_R,9,Y55-64,2024,61.542736,
ITC44,ACT_R,9,Y55-64,2025,59.295124,
ITC45,ACT_R,1,Y15-24,2018,30.040362,
ITC45,ACT_R,1,Y15-24,2019,29.116948,
ITC45,ACT_R,1,Y15-24,2020,24.740185,
ITC45,ACT_R,1,Y15-24,2021,30.793631,
ITC45,ACT_R,1,Y15-24,2022,27.962835,
ITC45,ACT_R,1,Y15-24,2023,29.132723,
ITC45,ACT_R,1,Y15-24,2024,31.779518,
ITC45,ACT_R,1,Y15-24,2025,22.746106,
ITC45,ACT_R,1,Y15-64,2018,79.465571,
ITC45,ACT_R,1,Y15-64,2019,80.208958,
ITC45,ACT_R,1,Y15-64,2020,76.723377,
ITC45,ACT_R,1,Y15-64,2021,77.877662,
ITC45,ACT_R,1,Y15-64,2022,79.508987,
ITC45,ACT_R,1,Y15-64,2023,80.152262,
ITC45,ACT_R,1,Y15-64,2024,80.394308,
ITC45,ACT_R,1,Y15-64,2025,79.586507,
ITC45,ACT_R,1,Y15-89,2018,63.48288,
ITC45,ACT_R,1,Y15-89,2019,64.144786,
ITC45,ACT_R,1,Y15-89,2020,61.644461,
ITC45,ACT_R,1,Y15-89,2021,62.839632,
ITC45,ACT_R,1,Y15-89,2022,63.598744,
ITC45,ACT_R,1,Y15-89,2023,63.867015,
ITC45,ACT_R,1,Y15-89,2024,64.428958,
ITC45,ACT_R,1,Y15-89,2025,64.031,
ITC45,ACT_R,1,Y18-29,2018,59.72877,
ITC45,ACT_R,1,Y18-29,2019,60.582437,
ITC45,ACT_R,1,Y18-29,2020,53.867811,
ITC45,ACT_R,1,Y18-29,2021,60.110156,
ITC45,ACT_R,1,Y18-29,2022,60.0832,
ITC45,ACT_R,1,Y18-29,2023,60.509757,
ITC45,ACT_R,1,Y18-29,2024,59.118544,
ITC45,ACT_R,1,Y18-29,2025,51.031421,
ITC45,ACT_R,1,Y25-34,2018,88.878071,
ITC45,ACT_R,1,Y25-34,2019,90.507634,
ITC45,ACT_R,1,Y25-34,2020,85.827698,
ITC45,ACT_R,1,Y25-34,2021,88.564549,
ITC45,ACT_R,1,Y25-34,2022,89.558888,
ITC45,ACT_R,1,Y25-34,2023,89.628874,
ITC45,ACT_R,1,Y25-34,2024,87.224945,
ITC45,ACT_R,1,Y25-34,2025,86.690264,
ITC45,ACT_R,1,Y35-44,2018,95.231705,
ITC45,ACT_R,1,Y35-44,2019,95.502955,
ITC45,ACT_R,1,Y35-44,2020,93.693866,
ITC45,ACT_R,1,Y35-44,2021,95.146836,
ITC45,ACT_R,1,Y35-44,2022,96.018404,
ITC45,ACT_R,1,Y35-44,2023,95.825636,
ITC45,ACT_R,1,Y35-44,2024,96.388658,
ITC45,ACT_R,1,Y35-44,2025,97.089107,
ITC45,ACT_R,1,Y35-49,2018,95.061248,
ITC45,ACT_R,1,Y35-49,2019,95.745784,
ITC45,ACT_R,1,Y35-49,2020,92.851642,
ITC45,ACT_R,1,Y35-49,2021,94.363624,
ITC45,ACT_R,1,Y35-49,2022,96.208213,
ITC45,ACT_R,1,Y35-49,2023,95.68732,
ITC45,ACT_R,1,Y35-49,2024,96.080118,
ITC45,ACT_R,1,Y35-49,2025,96.916718,
ITC45,ACT_R,1,Y45-54,2018,94.012443,
ITC45,ACT_R,1,Y45-54,2019,95.613573,
ITC45,ACT_R,1,Y45-54,2020,91.901578,
ITC45,ACT_R,1,Y45-54,2021,93.46241,
ITC45,ACT_R,1,Y45-54,2022,95.717542,
ITC45,ACT_R,1,Y45-54,2023,95.612055,
ITC45,ACT_R,1,Y45-54,2024,95.840146,
ITC45,ACT_R,1,Y45-54,2025,95.631471,
ITC45,ACT_R,1,Y55-64,2018,70.707579,
ITC45,ACT_R,1,Y55-64,2019,71.210274,
ITC45,ACT_R,1,Y55-64,2020,70.031806,
ITC45,ACT_R,1,Y55-64,2021,68.735871,
ITC45,ACT_R,1,Y55-64,2022,73.496566,
ITC45,ACT_R,1,Y55-64,2023,76.705417,
ITC45,ACT_R,1,Y55-64,2024,78.349325,
ITC45,ACT_R,1,Y55-64,2025,81.507495,
ITC45,ACT_R,2,Y15-24,2018,20.833125,
ITC45,ACT_R,2,Y15-24,2019,22.747001,
ITC45,ACT_R,2,Y15-24,2020,22.636585,
ITC45,ACT_R,2,Y15-24,2021,18.945856,
ITC45,ACT_R,2,Y15-24,2022,25.780296,
ITC45,ACT_R,2,Y15-24,2023,27.225998,
ITC45,ACT_R,2,Y15-24,2024,21.825045,
ITC45,ACT_R,2,Y15-24,2025,20.67141,
ITC45,ACT_R,2,Y15-64,2018,69.301663,
ITC45,ACT_R,2,Y15-64,2019,70.027577,
ITC45,ACT_R,2,Y15-64,2020,67.40803,
ITC45,ACT_R,2,Y15-64,2021,67.505824,
ITC45,ACT_R,2,Y15-64,2022,68.869143,
ITC45,ACT_R,2,Y15-64,2023,69.335471,
ITC45,ACT_R,2,Y15-64,2024,70.045435,
ITC45,ACT_R,2,Y15-64,2025,70.506052,
ITC45,ACT_R,2,Y15-89,2018,51.106574,
ITC45,ACT_R,2,Y15-89,2019,51.559596,
ITC45,ACT_R,2,Y15-89,2020,49.681948,
ITC45,ACT_R,2,Y15-89,2021,49.944887,
ITC45,ACT_R,2,Y15-89,2022,51.009594,
ITC45,ACT_R,2,Y15-89,2023,51.50157,
ITC45,ACT_R,2,Y15-89,2024,52.208146,
ITC45,ACT_R,2,Y15-89,2025,52.613817,
ITC45,ACT_R,2,Y18-29,2018,51.822933,
ITC45,ACT_R,2,Y18-29,2019,51.06151,
ITC45,ACT_R,2,Y18-29,2020,51.149745,
ITC45,ACT_R,2,Y18-29,2021,48.064886,
ITC45,ACT_R,2,Y18-29,2022,53.761539,
ITC45,ACT_R,2,Y18-29,2023,54.88214,
ITC45,ACT_R,2,Y18-29,2024,52.522154,
ITC45,ACT_R,2,Y18-29,2025,48.992534,
ITC45,ACT_R,2,Y25-34,2018,82.572562,
ITC45,ACT_R,2,Y25-34,2019,82.787425,
ITC45,ACT_R,2,Y25-34,2020,77.879147,
ITC45,ACT_R,2,Y25-34,2021,77.385275,
ITC45,ACT_R,2,Y25-34,2022,80.990498,
ITC45,ACT_R,2,Y25-34,2023,84.251378,
ITC45,ACT_R,2,Y25-34,2024,84.393364,
ITC45,ACT_R,2,Y25-34,2025,79.391082,
ITC45,ACT_R,2,Y35-44,2018,85.068475,
ITC45,ACT_R,2,Y35-44,2019,84.088665,
ITC45,ACT_R,2,Y35-44,2020,81.24698,
ITC45,ACT_R,2,Y35-44,2021,82.487579,
ITC45,ACT_R,2,Y35-44,2022,84.093988,
ITC45,ACT_R,2,Y35-44,2023,82.16319,
ITC45,ACT_R,2,Y35-44,2024,85.037903,
ITC45,ACT_R,2,Y35-44,2025,81.599908,
ITC45,ACT_R,2,Y35-49,2018,83.699913,
ITC45,ACT_R,2,Y35-49,2019,84.52961,
ITC45,ACT_R,2,Y35-49,2020,79.637559,
ITC45,ACT_R,2,Y35-49,2021,82.054819,
ITC45,ACT_R,2,Y35-49,2022,85.202842,
ITC45,ACT_R,2,Y35-49,2023,83.914669,
ITC45,ACT_R,2,Y35-49,2024,85.302433,
ITC45,ACT_R,2,Y35-49,2025,83.608159,
ITC45,ACT_R,2,Y45-54,2018,80.515943,
ITC45,ACT_R,2,Y45-54,2019,83.712257,
ITC45,ACT_R,2,Y45-54,2020,79.021385,
ITC45,ACT_R,2,Y45-54,2021,83.243205,
ITC45,ACT_R,2,Y45-54,2022,84.912418,
ITC45,ACT_R,2,Y45-54,2023,82.24063,
ITC45,ACT_R,2,Y45-54,2024,82.179728,
ITC45,ACT_R,2,Y45-54,2025,87.200052,
ITC45,ACT_R,2,Y55-64,2018,59.203537,
ITC45,ACT_R,2,Y55-64,2019,60.078173,
ITC45,ACT_R,2,Y55-64,2020,59.925162,
ITC45,ACT_R,2,Y55-64,2021,58.179967,
ITC45,ACT_R,2,Y55-64,2022,56.860296,
ITC45,ACT_R,2,Y55-64,2023,59.062533,
ITC45,ACT_R,2,Y55-64,2024,62.716728,
ITC45,ACT_R,2,Y55-64,2025,67.149882,
ITC45,ACT_R,9,Y15-24,2018,25.594224,
ITC45,ACT_R,9,Y15-24,2019,25.987981,
ITC45,ACT_R,9,Y15-24,2020,23.728248,
ITC45,ACT_R,9,Y15-24,2021,25.208937,
ITC45,ACT_R,9,Y15-24,2022,26.88257,
ITC45,ACT_R,9,Y15-24,2023,28.211364,
ITC45,ACT_R,9,Y15-24,2024,27.087393,
ITC45,ACT_R,9,Y15-24,2025,21.773911,
ITC45,ACT_R,9,Y15-64,2018,74.378691,
ITC45,ACT_R,9,Y15-64,2019,75.120849,
ITC45,ACT_R,9,Y15-64,2020,72.069824,
ITC45,ACT_R,9,Y15-64,2021,72.697814,
ITC45,ACT_R,9,Y15-64,2022,74.202802,
ITC45,ACT_R,9,Y15-64,2023,74.770117,
ITC45,ACT_R,9,Y15-64,2024,75.250646,
ITC45,ACT_R,9,Y15-64,2025,75.083707,
ITC45,ACT_R,9,Y15-89,2018,57.083425,
ITC45,ACT_R,9,Y15-89,2019,57.646365,
ITC45,ACT_R,9,Y15-89,2020,55.462096,
ITC45,ACT_R,9,Y15-89,2021,56.191357,
ITC45,ACT_R,9,Y15-89,2022,57.112914,
ITC45,ACT_R,9,Y15-89,2023,57.504836,
ITC45,ACT_R,9,Y15-89,2024,58.146801,
ITC45,ACT_R,9,Y15-89,2025,58.182152,
ITC45,ACT_R,9,Y18-29,2018,55.920764,
ITC45,ACT_R,9,Y18-29,2019,55.997415,
ITC45,ACT_R,9,Y18-29,2020,52.565148,
ITC45,ACT_R,9,Y18-29,2021,54.195047,
ITC45,ACT_R,9,Y18-29,2022,57.019487,
ITC45,ACT_R,9,Y18-29,2023,57.783006,
ITC45,ACT_R,9,Y18-29,2024,55.918714,
ITC45,ACT_R,9,Y18-29,2025,50.059652,
ITC45,ACT_R,9,Y25-34,2018,85.815037,
ITC45,ACT_R,9,Y25-34,2019,86.854315,
ITC45,ACT_R,9,Y25-34,2020,81.919386,
ITC45,ACT_R,9,Y25-34,2021,83.063886,
ITC45,ACT_R,9,Y25-34,2022,85.38803,
ITC45,ACT_R,9,Y25-34,2023,87.09995,
ITC45,ACT_R,9,Y25-34,2024,85.857593,
ITC45,ACT_R,9,Y25-34,2025,83.10074,
ITC45,ACT_R,9,Y35-44,2018,90.069582,
ITC45,ACT_R,9,Y35-44,2019,89.688814,
ITC45,ACT_R,9,Y35-44,2020,87.497606,
ITC45,ACT_R,9,Y35-44,2021,88.876453,
ITC45,ACT_R,9,Y35-44,2022,90.298772,
ITC45,ACT_R,9,Y35-44,2023,88.97686,
ITC45,ACT_R,9,Y35-44,2024,90.69044,
ITC45,ACT_R,9,Y35-44,2025,89.407846,
ITC45,ACT_R,9,Y35-49,2018,89.36888,
ITC45,ACT_R,9,Y35-49,2019,90.108095,
ITC45,ACT_R,9,Y35-49,2020,86.269643,
ITC45,ACT_R,9,Y35-49,2021,88.18128,
ITC45,ACT_R,9,Y35-49,2022,90.782772,
ITC45,ACT_R,9,Y35-49,2023,89.741001,
ITC45,ACT_R,9,Y35-49,2024,90.668449,
ITC45,ACT_R,9,Y35-49,2025,90.323951,
ITC45,ACT_R,9,Y45-54,2018,87.25201,
ITC45,ACT_R,9,Y45-54,2019,89.694958,
ITC45,ACT_R,9,Y45-54,2020,85.352236,
ITC45,ACT_R,9,Y45-54,2021,88.198805,
ITC45,ACT_R,9,Y45-54,2022,90.112067,
ITC45,ACT_R,9,Y45-54,2023,88.697499,
ITC45,ACT_R,9,Y45-54,2024,88.880656,
ITC45,ACT_R,9,Y45-54,2025,91.395524,
ITC45,ACT_R,9,Y55-64,2018,64.770307,
ITC45,ACT_R,9,Y55-64,2019,65.424299,
ITC45,ACT_R,9,Y55-64,2020,64.885196,
ITC45,ACT_R,9,Y55-64,2021,63.35294,
ITC45,ACT_R,9,Y55-64,2022,65.092194,
ITC45,ACT_R,9,Y55-64,2023,67.842575,
ITC45,ACT_R,9,Y55-64,2024,70.423694,
ITC45,ACT_R,9,Y55-64,2025,74.183748,
ITC46,ACT_R,1,Y15-24,2018,36.955296,
ITC46,ACT_R,1,Y15-24,2019,35.493906,
ITC46,ACT_R,1,Y15-24,2020,32.977265,
ITC46,ACT_R,1,Y15-24,2021,34.428533,
ITC46,ACT_R,1,Y15-24,2022,37.205538,
ITC46,ACT_R,1,Y15-24,2023,38.019556,
ITC46,ACT_R,1,Y15-24,2024,28.424894,
ITC46,ACT_R,1,Y15-24,2025,30.334321,
ITC46,ACT_R,1,Y15-64,2018,79.587422,
ITC46,ACT_R,1,Y15-64,2019,80.612372,
ITC46,ACT_R,1,Y15-64,2020,77.691388,
ITC46,ACT_R,1,Y15-64,2021,76.419495,
ITC46,ACT_R,1,Y15-64,2022,78.889257,
ITC46,ACT_R,1,Y15-64,2023,79.596825,
ITC46,ACT_R,1,Y15-64,2024,77.205121,
ITC46,ACT_R,1,Y15-64,2025,77.465189,
ITC46,ACT_R,1,Y15-89,2018,64.045215,
ITC46,ACT_R,1,Y15-89,2019,64.315883,
ITC46,ACT_R,1,Y15-89,2020,62.435235,
ITC46,ACT_R,1,Y15-89,2021,61.872236,
ITC46,ACT_R,1,Y15-89,2022,62.464743,
ITC46,ACT_R,1,Y15-89,2023,62.834628,
ITC46,ACT_R,1,Y15-89,2024,61.074624,
ITC46,ACT_R,1,Y15-89,2025,60.747223,
ITC46,ACT_R,1,Y18-29,2018,63.039147,
ITC46,ACT_R,1,Y18-29,2019,65.498919,
ITC46,ACT_R,1,Y18-29,2020,60.756406,
ITC46,ACT_R,1,Y18-29,2021,62.543353,
ITC46,ACT_R,1,Y18-29,2022,69.244594,
ITC46,ACT_R,1,Y18-29,2023,64.938921,
ITC46,ACT_R,1,Y18-29,2024,59.043738,
ITC46,ACT_R,1,Y18-29,2025,60.513944,
ITC46,ACT_R,1,Y25-34,2018,87.562665,
ITC46,ACT_R,1,Y25-34,2019,88.616827,
ITC46,ACT_R,1,Y25-34,2020,86.717417,
ITC46,ACT_R,1,Y25-34,2021,85.211566,
ITC46,ACT_R,1,Y25-34,2022,93.753075,
ITC46,ACT_R,1,Y25-34,2023,90.872224,
ITC46,ACT_R,1,Y25-34,2024,88.575318,
ITC46,ACT_R,1,Y25-34,2025,88.484161,
ITC46,ACT_R,1,Y35-44,2018,96.522674,
ITC46,ACT_R,1,Y35-44,2019,98.494817,
ITC46,ACT_R,1,Y35-44,2020,96.812407,
ITC46,ACT_R,1,Y35-44,2021,98.000692,
ITC46,ACT_R,1,Y35-44,2022,96.382166,
ITC46,ACT_R,1,Y35-44,2023,95.599269,
ITC46,ACT_R,1,Y35-44,2024,95.344553,
ITC46,ACT_R,1,Y35-44,2025,95.757397,
ITC46,ACT_R,1,Y35-49,2018,96.388842,
ITC46,ACT_R,1,Y35-49,2019,97.418076,
ITC46,ACT_R,1,Y35-49,2020,96.568992,
ITC46,ACT_R,1,Y35-49,2021,97.585071,
ITC46,ACT_R,1,Y35-49,2022,96.783903,
ITC46,ACT_R,1,Y35-49,2023,95.48802,
ITC46,ACT_R,1,Y35-49,2024,96.929947,
ITC46,ACT_R,1,Y35-49,2025,96.743364,
ITC46,ACT_R,1,Y45-54,2018,96.261509,
ITC46,ACT_R,1,Y45-54,2019,94.966146,
ITC46,ACT_R,1,Y45-54,2020,94.024699,
ITC46,ACT_R,1,Y45-54,2021,94.998493,
ITC46,ACT_R,1,Y45-54,2022,96.821018,
ITC46,ACT_R,1,Y45-54,2023,96.302246,
ITC46,ACT_R,1,Y45-54,2024,96.742569,
ITC46,ACT_R,1,Y45-54,2025,97.518235,
ITC46,ACT_R,1,Y55-64,2018,68.14044,
ITC46,ACT_R,1,Y55-64,2019,70.683383,
ITC46,ACT_R,1,Y55-64,2020,65.017078,
ITC46,ACT_R,1,Y55-64,2021,59.149447,
ITC46,ACT_R,1,Y55-64,2022,60.085292,
ITC46,ACT_R,1,Y55-64,2023,69.948919,
ITC46,ACT_R,1,Y55-64,2024,69.094087,
ITC46,ACT_R,1,Y55-64,2025,67.559473,
ITC46,ACT_R,2,Y15-24,2018,27.3545,
ITC46,ACT_R,2,Y15-24,2019,30.40674,
ITC46,ACT_R,2,Y15-24,2020,27.70981,
ITC46,ACT_R,2,Y15-24,2021,20.907791,
ITC46,ACT_R,2,Y15-24,2022,25.840391,
ITC46,ACT_R,2,Y15-24,2023,30.883658,
ITC46,ACT_R,2,Y15-24,2024,29.967518,
ITC46,ACT_R,2,Y15-24,2025,28.372808,
ITC46,ACT_R,2,Y15-64,2018,58.274861,
ITC46,ACT_R,2,Y15-64,2019,56.306011,
ITC46,ACT_R,2,Y15-64,2020,56.122645,
ITC46,ACT_R,2,Y15-64,2021,58.991052,
ITC46,ACT_R,2,Y15-64,2022,60.686504,
ITC46,ACT_R,2,Y15-64,2023,59.667277,
ITC46,ACT_R,2,Y15-64,2024,61.437155,
ITC46,ACT_R,2,Y15-64,2025,59.757644,
ITC46,ACT_R,2,Y15-89,2018,43.911452,
ITC46,ACT_R,2,Y15-89,2019,42.636769,
ITC46,ACT_R,2,Y15-89,2020,42.846993,
ITC46,ACT_R,2,Y15-89,2021,44.906857,
ITC46,ACT_R,2,Y15-89,2022,46.06698,
ITC46,ACT_R,2,Y15-89,2023,45.071753,
ITC46,ACT_R,2,Y15-89,2024,45.960958,
ITC46,ACT_R,2,Y15-89,2025,44.488987,
ITC46,ACT_R,2,Y18-29,2018,52.753316,
ITC46,ACT_R,2,Y18-29,2019,49.945647,
ITC46,ACT_R,2,Y18-29,2020,51.190804,
ITC46,ACT_R,2,Y18-29,2021,44.165319,
ITC46,ACT_R,2,Y18-29,2022,48.437892,
ITC46,ACT_R,2,Y18-29,2023,53.46192,
ITC46,ACT_R,2,Y18-29,2024,55.412778,
ITC46,ACT_R,2,Y18-29,2025,53.6829,
ITC46,ACT_R,2,Y25-34,2018,71.939597,
ITC46,ACT_R,2,Y25-34,2019,66.992517,
ITC46,ACT_R,2,Y25-34,2020,69.331539,
ITC46,ACT_R,2,Y25-34,2021,72.786909,
ITC46,ACT_R,2,Y25-34,2022,71.053814,
ITC46,ACT_R,2,Y25-34,2023,67.379412,
ITC46,ACT_R,2,Y25-34,2024,77.44726,
ITC46,ACT_R,2,Y25-34,2025,78.940626,
ITC46,ACT_R,2,Y35-44,2018,72.934999,
ITC46,ACT_R,2,Y35-44,2019,70.8093,
ITC46,ACT_R,2,Y35-44,2020,72.682566,
ITC46,ACT_R,2,Y35-44,2021,73.449581,
ITC46,ACT_R,2,Y35-44,2022,74.136939,
ITC46,ACT_R,2,Y35-44,2023,72.672273,
ITC46,ACT_R,2,Y35-44,2024,73.081599,
ITC46,ACT_R,2,Y35-44,2025,69.156417,
ITC46,ACT_R,2,Y35-49,2018,73.981409,
ITC46,ACT_R,2,Y35-49,2019,73.690977,
ITC46,ACT_R,2,Y35-49,2020,73.473634,
ITC46,ACT_R,2,Y35-49,2021,73.39457,
ITC46,ACT_R,2,Y35-49,2022,77.32798,
ITC46,ACT_R,2,Y35-49,2023,75.262053,
ITC46,ACT_R,2,Y35-49,2024,76.039886,
ITC46,ACT_R,2,Y35-49,2025,72.441129,
ITC46,ACT_R,2,Y45-54,2018,69.354992,
ITC46,ACT_R,2,Y45-54,2019,69.968502,
ITC46,ACT_R,2,Y45-54,2020,66.988532,
ITC46,ACT_R,2,Y45-54,2021,73.78489,
ITC46,ACT_R,2,Y45-54,2022,78.875891,
ITC46,ACT_R,2,Y45-54,2023,74.866591,
ITC46,ACT_R,2,Y45-54,2024,75.686503,
ITC46,ACT_R,2,Y45-54,2025,72.457914,
ITC46,ACT_R,2,Y55-64,2018,41.500441,
ITC46,ACT_R,2,Y55-64,2019,38.899229,
ITC46,ACT_R,2,Y55-64,2020,39.757816,
ITC46,ACT_R,2,Y55-64,2021,47.914518,
ITC46,ACT_R,2,Y55-64,2022,46.180006,
ITC46,ACT_R,2,Y55-64,2023,48.648107,
ITC46,ACT_R,2,Y55-64,2024,48.277212,
ITC46,ACT_R,2,Y55-64,2025,49.459223,
ITC46,ACT_R,9,Y15-24,2018,32.427139,
ITC46,ACT_R,9,Y15-24,2019,32.899511,
ITC46,ACT_R,9,Y15-24,2020,30.321083,
ITC46,ACT_R,9,Y15-24,2021,27.560944,
ITC46,ACT_R,9,Y15-24,2022,31.550941,
ITC46,ACT_R,9,Y15-24,2023,34.572959,
ITC46,ACT_R,9,Y15-24,2024,29.171053,
ITC46,ACT_R,9,Y15-24,2025,29.366046,
ITC46,ACT_R,9,Y15-64,2018,69.116415,
ITC46,ACT_R,9,Y15-64,2019,68.671073,
ITC46,ACT_R,9,Y15-64,2020,67.088118,
ITC46,ACT_R,9,Y15-64,2021,67.857254,
ITC46,ACT_R,9,Y15-64,2022,69.968558,
ITC46,ACT_R,9,Y15-64,2023,69.830925,
ITC46,ACT_R,9,Y15-64,2024,69.481644,
ITC46,ACT_R,9,Y15-64,2025,68.805731,
ITC46,ACT_R,9,Y15-89,2018,53.892861,
ITC46,ACT_R,9,Y15-89,2019,53.408109,
ITC46,ACT_R,9,Y15-89,2020,52.579762,
ITC46,ACT_R,9,Y15-89,2021,53.349976,
ITC46,ACT_R,9,Y15-89,2022,54.261859,
ITC46,ACT_R,9,Y15-89,2023,53.946945,
ITC46,ACT_R,9,Y15-89,2024,53.49616,
ITC46,ACT_R,9,Y15-89,2025,52.596079,
ITC46,ACT_R,9,Y18-29,2018,58.019246,
ITC46,ACT_R,9,Y18-29,2019,58.037165,
ITC46,ACT_R,9,Y18-29,2020,56.125847,
ITC46,ACT_R,9,Y18-29,2021,53.662224,
ITC46,ACT_R,9,Y18-29,2022,58.935192,
ITC46,ACT_R,9,Y18-29,2023,59.330316,
ITC46,ACT_R,9,Y18-29,2024,57.25151,
ITC46,ACT_R,9,Y18-29,2025,57.152114,
ITC46,ACT_R,9,Y25-34,2018,79.592474,
ITC46,ACT_R,9,Y25-34,2019,78.622525,
ITC46,ACT_R,9,Y25-34,2020,78.50478,
ITC46,ACT_R,9,Y25-34,2021,79.068337,
ITC46,ACT_R,9,Y25-34,2022,82.924926,
ITC46,ACT_R,9,Y25-34,2023,79.192989,
ITC46,ACT_R,9,Y25-34,2024,83.093016,
ITC46,ACT_R,9,Y25-34,2025,83.696118,
ITC46,ACT_R,9,Y35-44,2018,84.978011,
ITC46,ACT_R,9,Y35-44,2019,84.557779,
ITC46,ACT_R,9,Y35-44,2020,85.128814,
ITC46,ACT_R,9,Y35-44,2021,86.682029,
ITC46,ACT_R,9,Y35-44,2022,85.48761,
ITC46,ACT_R,9,Y35-44,2023,84.310236,
ITC46,ACT_R,9,Y35-44,2024,84.382715,
ITC46,ACT_R,9,Y35-44,2025,82.6631,
ITC46,ACT_R,9,Y35-49,2018,85.489932,
ITC46,ACT_R,9,Y35-49,2019,85.739644,
ITC46,ACT_R,9,Y35-49,2020,85.226083,
ITC46,ACT_R,9,Y35-49,2021,86.016416,
ITC46,ACT_R,9,Y35-49,2022,87.257435,
ITC46,ACT_R,9,Y35-49,2023,85.64078,
ITC46,ACT_R,9,Y35-49,2024,86.733894,
ITC46,ACT_R,9,Y35-49,2025,85.177573,
ITC46,ACT_R,9,Y45-54,2018,83.387318,
ITC46,ACT_R,9,Y45-54,2019,83.196543,
ITC46,ACT_R,9,Y45-54,2020,80.571995,
ITC46,ACT_R,9,Y45-54,2021,84.257114,
ITC46,ACT_R,9,Y45-54,2022,88.134871,
ITC46,ACT_R,9,Y45-54,2023,86.215437,
ITC46,ACT_R,9,Y45-54,2024,86.538118,
ITC46,ACT_R,9,Y45-54,2025,85.883675,
ITC46,ACT_R,9,Y55-64,2018,54.621079,
ITC46,ACT_R,9,Y55-64,2019,54.376029,
ITC46,ACT_R,9,Y55-64,2020,52.48942,
ITC46,ACT_R,9,Y55-64,2021,53.702928,
ITC46,ACT_R,9,Y55-64,2022,53.105169,
ITC46,ACT_R,9,Y55-64,2023,59.121042,
ITC46,ACT_R,9,Y55-64,2024,58.780062,
ITC46,ACT_R,9,Y55-64,2025,58.521255,
ITC47,ACT_R,1,Y15-24,2018,36.861319,
ITC47,ACT_R,1,Y15-24,2019,39.188779,
ITC47,ACT_R,1,Y15-24,2020,36.134648,
ITC47,ACT_R,1,Y15-24,2021,30.976426,
ITC47,ACT_R,1,Y15-24,2022,40.044238,
ITC47,ACT_R,1,Y15-24,2023,39.859151,
ITC47,ACT_R,1,Y15-24,2024,40.245046,
ITC47,ACT_R,1,Y15-24,2025,38.163351,
ITC47,ACT_R,1,Y15-64,2018,81.804764,
ITC47,ACT_R,1,Y15-64,2019,80.877484,
ITC47,ACT_R,1,Y15-64,2020,78.842039,
ITC47,ACT_R,1,Y15-64,2021,80.022096,
ITC47,ACT_R,1,Y15-64,2022,78.842537,
ITC47,ACT_R,1,Y15-64,2023,78.616586,
ITC47,ACT_R,1,Y15-64,2024,78.575075,
ITC47,ACT_R,1,Y15-64,2025,80.30197,
ITC47,ACT_R,1,Y15-89,2018,65.605219,
ITC47,ACT_R,1,Y15-89,2019,64.827672,
ITC47,ACT_R,1,Y15-89,2020,62.540941,
ITC47,ACT_R,1,Y15-89,2021,64.274568,
ITC47,ACT_R,1,Y15-89,2022,63.110299,
ITC47,ACT_R,1,Y15-89,2023,62.786072,
ITC47,ACT_R,1,Y15-89,2024,61.749749,
ITC47,ACT_R,1,Y15-89,2025,63.631159,
ITC47,ACT_R,1,Y18-29,2018,67.199131,
ITC47,ACT_R,1,Y18-29,2019,65.256575,
ITC47,ACT_R,1,Y18-29,2020,64.986632,
ITC47,ACT_R,1,Y18-29,2021,64.126928,
ITC47,ACT_R,1,Y18-29,2022,63.330423,
ITC47,ACT_R,1,Y18-29,2023,67.294337,
ITC47,ACT_R,1,Y18-29,2024,69.078987,
ITC47,ACT_R,1,Y18-29,2025,72.178914,
ITC47,ACT_R,1,Y25-34,2018,95.214651,
ITC47,ACT_R,1,Y25-34,2019,90.799597,
ITC47,ACT_R,1,Y25-34,2020,90.75062,
ITC47,ACT_R,1,Y25-34,2021,93.475194,
ITC47,ACT_R,1,Y25-34,2022,91.585922,
ITC47,ACT_R,1,Y25-34,2023,91.163078,
ITC47,ACT_R,1,Y25-34,2024,91.687886,
ITC47,ACT_R,1,Y25-34,2025,92.88901,
ITC47,ACT_R,1,Y35-44,2018,99.026161,
ITC47,ACT_R,1,Y35-44,2019,96.576845,
ITC47,ACT_R,1,Y35-44,2020,94.720274,
ITC47,ACT_R,1,Y35-44,2021,93.891098,
ITC47,ACT_R,1,Y35-44,2022,97.772995,
ITC47,ACT_R,1,Y35-44,2023,97.096079,
ITC47,ACT_R,1,Y35-44,2024,95.770353,
ITC47,ACT_R,1,Y35-44,2025,95.898668,
ITC47,ACT_R,1,Y35-49,2018,97.797887,
ITC47,ACT_R,1,Y35-49,2019,96.138289,
ITC47,ACT_R,1,Y35-49,2020,94.225458,
ITC47,ACT_R,1,Y35-49,2021,94.377284,
ITC47,ACT_R,1,Y35-49,2022,98.374843,
ITC47,ACT_R,1,Y35-49,2023,96.169678,
ITC47,ACT_R,1,Y35-49,2024,96.58614,
ITC47,ACT_R,1,Y35-49,2025,97.340721,
ITC47,ACT_R,1,Y45-54,2018,95.256694,
ITC47,ACT_R,1,Y45-54,2019,96.202194,
ITC47,ACT_R,1,Y45-54,2020,94.075399,
ITC47,ACT_R,1,Y45-54,2021,95.359754,
ITC47,ACT_R,1,Y45-54,2022,98.224682,
ITC47,ACT_R,1,Y45-54,2023,94.354317,
ITC47,ACT_R,1,Y45-54,2024,95.098496,
ITC47,ACT_R,1,Y45-54,2025,97.953776,
ITC47,ACT_R,1,Y55-64,2018,68.584368,
ITC47,ACT_R,1,Y55-64,2019,72.511954,
ITC47,ACT_R,1,Y55-64,2020,68.586381,
ITC47,ACT_R,1,Y55-64,2021,71.19696,
ITC47,ACT_R,1,Y55-64,2022,61.863512,
ITC47,ACT_R,1,Y55-64,2023,66.470189,
ITC47,ACT_R,1,Y55-64,2024,64.257836,
ITC47,ACT_R,1,Y55-64,2025,65.82323,
ITC47,ACT_R,2,Y15-24,2018,28.483646,
ITC47,ACT_R,2,Y15-24,2019,33.775435,
ITC47,ACT_R,2,Y15-24,2020,21.592455,
ITC47,ACT_R,2,Y15-24,2021,19.792518,
ITC47,ACT_R,2,Y15-24,2022,15.021512,
ITC47,ACT_R,2,Y15-24,2023,25.108932,
ITC47,ACT_R,2,Y15-24,2024,27.042089,
ITC47,ACT_R,2,Y15-24,2025,26.084559,
ITC47,ACT_R,2,Y15-64,2018,59.029751,
ITC47,ACT_R,2,Y15-64,2019,60.258517,
ITC47,ACT_R,2,Y15-64,2020,57.070277,
ITC47,ACT_R,2,Y15-64,2021,58.006619,
ITC47,ACT_R,2,Y15-64,2022,58.342516,
ITC47,ACT_R,2,Y15-64,2023,59.2305,
ITC47,ACT_R,2,Y15-64,2024,59.559032,
ITC47,ACT_R,2,Y15-64,2025,58.806004,
ITC47,ACT_R,2,Y15-89,2018,44.412819,
ITC47,ACT_R,2,Y15-89,2019,45.206017,
ITC47,ACT_R,2,Y15-89,2020,43.033803,
ITC47,ACT_R,2,Y15-89,2021,43.519844,
ITC47,ACT_R,2,Y15-89,2022,43.301117,
ITC47,ACT_R,2,Y15-89,2023,43.905893,
ITC47,ACT_R,2,Y15-89,2024,44.46056,
ITC47,ACT_R,2,Y15-89,2025,43.593986,
ITC47,ACT_R,2,Y18-29,2018,58.549507,
ITC47,ACT_R,2,Y18-29,2019,60.703884,
ITC47,ACT_R,2,Y18-29,2020,46.853808,
ITC47,ACT_R,2,Y18-29,2021,45.152292,
ITC47,ACT_R,2,Y18-29,2022,48.23913,
ITC47,ACT_R,2,Y18-29,2023,55.749945,
ITC47,ACT_R,2,Y18-29,2024,56.478169,
ITC47,ACT_R,2,Y18-29,2025,49.91127,
ITC47,ACT_R,2,Y25-34,2018,73.385505,
ITC47,ACT_R,2,Y25-34,2019,71.363671,
ITC47,ACT_R,2,Y25-34,2020,68.717043,
ITC47,ACT_R,2,Y25-34,2021,71.884563,
ITC47,ACT_R,2,Y25-34,2022,69.858499,
ITC47,ACT_R,2,Y25-34,2023,74.495344,
ITC47,ACT_R,2,Y25-34,2024,78.595865,
ITC47,ACT_R,2,Y25-34,2025,67.807154,
ITC47,ACT_R,2,Y35-44,2018,68.671638,
ITC47,ACT_R,2,Y35-44,2019,69.866448,
ITC47,ACT_R,2,Y35-44,2020,70.366571,
ITC47,ACT_R,2,Y35-44,2021,72.214917,
ITC47,ACT_R,2,Y35-44,2022,78.476294,
ITC47,ACT_R,2,Y35-44,2023,81.157453,
ITC47,ACT_R,2,Y35-44,2024,74.062865,
ITC47,ACT_R,2,Y35-44,2025,68.987833,
ITC47,ACT_R,2,Y35-49,2018,68.428935,
ITC47,ACT_R,2,Y35-49,2019,71.309655,
ITC47,ACT_R,2,Y35-49,2020,70.67602,
ITC47,ACT_R,2,Y35-49,2021,73.188995,
ITC47,ACT_R,2,Y35-49,2022,80.949555,
ITC47,ACT_R,2,Y35-49,2023,78.191594,
ITC47,ACT_R,2,Y35-49,2024,74.812613,
ITC47,ACT_R,2,Y35-49,2025,73.290826,
ITC47,ACT_R,2,Y45-54,2018,67.933825,
ITC47,ACT_R,2,Y45-54,2019,72.653371,
ITC47,ACT_R,2,Y45-54,2020,73.205746,
ITC47,ACT_R,2,Y45-54,2021,73.952899,
ITC47,ACT_R,2,Y45-54,2022,74.838239,
ITC47,ACT_R,2,Y45-54,2023,67.266217,
ITC47,ACT_R,2,Y45-54,2024,75.509534,
ITC47,ACT_R,2,Y45-54,2025,79.919947,
ITC47,ACT_R,2,Y55-64,2018,44.596091,
ITC47,ACT_R,2,Y55-64,2019,41.747402,
ITC47,ACT_R,2,Y55-64,2020,38.658775,
ITC47,ACT_R,2,Y55-64,2021,43.926448,
ITC47,ACT_R,2,Y55-64,2022,41.666845,
ITC47,ACT_R,2,Y55-64,2023,44.927249,
ITC47,ACT_R,2,Y55-64,2024,41.497812,
ITC47,ACT_R,2,Y55-64,2025,45.507579,
ITC47,ACT_R,9,Y15-24,2018,32.981515,
ITC47,ACT_R,9,Y15-24,2019,36.8137,
ITC47,ACT_R,9,Y15-24,2020,29.689823,
ITC47,ACT_R,9,Y15-24,2021,25.376142,
ITC47,ACT_R,9,Y15-24,2022,28.826169,
ITC47,ACT_R,9,Y15-24,2023,33.048511,
ITC47,ACT_R,9,Y15-24,2024,33.974053,
ITC47,ACT_R,9,Y15-24,2025,32.064214,
ITC47,ACT_R,9,Y15-64,2018,70.57192,
ITC47,ACT_R,9,Y15-64,2019,70.720082,
ITC47,ACT_R,9,Y15-64,2020,68.115868,
ITC47,ACT_R,9,Y15-64,2021,69.189342,
ITC47,ACT_R,9,Y15-64,2022,68.790453,
ITC47,ACT_R,9,Y15-64,2023,69.11293,
ITC47,ACT_R,9,Y15-64,2024,69.255166,
ITC47,ACT_R,9,Y15-64,2025,69.784636,
ITC47,ACT_R,9,Y15-89,2018,54.855381,
ITC47,ACT_R,9,Y15-89,2019,54.890436,
ITC47,ACT_R,9,Y15-89,2020,52.674474,
ITC47,ACT_R,9,Y15-89,2021,53.73741,
ITC47,ACT_R,9,Y15-89,2022,53.09623,
ITC47,ACT_R,9,Y15-89,2023,53.29631,
ITC47,ACT_R,9,Y15-89,2024,53.071308,
ITC47,ACT_R,9,Y15-89,2025,53.563284,
ITC47,ACT_R,9,Y18-29,2018,62.951279,
ITC47,ACT_R,9,Y18-29,2019,63.020402,
ITC47,ACT_R,9,Y18-29,2020,55.950018,
ITC47,ACT_R,9,Y18-29,2021,55.162572,
ITC47,ACT_R,9,Y18-29,2022,56.507466,
ITC47,ACT_R,9,Y18-29,2023,61.850849,
ITC47,ACT_R,9,Y18-29,2024,63.254171,
ITC47,ACT_R,9,Y18-29,2025,61.816184,
ITC47,ACT_R,9,Y25-34,2018,83.318895,
ITC47,ACT_R,9,Y25-34,2019,79.707046,
ITC47,ACT_R,9,Y25-34,2020,78.772957,
ITC47,ACT_R,9,Y25-34,2021,82.029944,
ITC47,ACT_R,9,Y25-34,2022,80.54976,
ITC47,ACT_R,9,Y25-34,2023,82.556629,
ITC47,ACT_R,9,Y25-34,2024,85.278975,
ITC47,ACT_R,9,Y25-34,2025,81.686954,
ITC47,ACT_R,9,Y35-44,2018,85.381211,
ITC47,ACT_R,9,Y35-44,2019,84.334817,
ITC47,ACT_R,9,Y35-44,2020,83.023492,
ITC47,ACT_R,9,Y35-44,2021,83.666087,
ITC47,ACT_R,9,Y35-44,2022,87.696262,
ITC47,ACT_R,9,Y35-44,2023,88.987509,
ITC47,ACT_R,9,Y35-44,2024,84.921993,
ITC47,ACT_R,9,Y35-44,2025,82.428224,
ITC47,ACT_R,9,Y35-49,2018,83.822539,
ITC47,ACT_R,9,Y35-49,2019,84.423885,
ITC47,ACT_R,9,Y35-49,2020,82.882139,
ITC47,ACT_R,9,Y35-49,2021,84.616931,
ITC47,ACT_R,9,Y35-49,2022,89.725083,
ITC47,ACT_R,9,Y35-49,2023,87.437504,
ITC47,ACT_R,9,Y35-49,2024,85.85581,
ITC47,ACT_R,9,Y35-49,2025,85.307116,
ITC47,ACT_R,9,Y45-54,2018,81.182368,
ITC47,ACT_R,9,Y45-54,2019,84.193733,
ITC47,ACT_R,9,Y45-54,2020,84.174301,
ITC47,ACT_R,9,Y45-54,2021,85.573345,
ITC47,ACT_R,9,Y45-54,2022,87.258228,
ITC47,ACT_R,9,Y45-54,2023,82.103542,
ITC47,ACT_R,9,Y45-54,2024,85.992677,
ITC47,ACT_R,9,Y45-54,2025,89.253796,
ITC47,ACT_R,9,Y55-64,2018,56.670024,
ITC47,ACT_R,9,Y55-64,2019,57.607442,
ITC47,ACT_R,9,Y55-64,2020,53.024506,
ITC47,ACT_R,9,Y55-64,2021,57.149289,
ITC47,ACT_R,9,Y55-64,2022,51.778933,
ITC47,ACT_R,9,Y55-64,2023,55.417082,
ITC47,ACT_R,9,Y55-64,2024,52.445704,
ITC47,ACT_R,9,Y55-64,2025,55.4609,
ITC48,ACT_R,1,Y15-24,2018,33.468818,
ITC48,ACT_R,1,Y15-24,2019,35.384794,
ITC48,ACT_R,1,Y15-24,2020,31.212802,
ITC48,ACT_R,1,Y15-24,2021,33.943697,
ITC48,ACT_R,1,Y15-24,2022,33.54856,
ITC48,ACT_R,1,Y15-24,2023,33.316426,
ITC48,ACT_R,1,Y15-24,2024,29.756718,
ITC48,ACT_R,1,Y15-24,2025,30.522211,
ITC48,ACT_R,1,Y15-64,2018,77.194073,
ITC48,ACT_R,1,Y15-64,2019,78.092728,
ITC48,ACT_R,1,Y15-64,2020,75.234246,
ITC48,ACT_R,1,Y15-64,2021,76.075652,
ITC48,ACT_R,1,Y15-64,2022,77.995417,
ITC48,ACT_R,1,Y15-64,2023,78.135805,
ITC48,ACT_R,1,Y15-64,2024,77.019308,
ITC48,ACT_R,1,Y15-64,2025,78.210029,
ITC48,ACT_R,1,Y15-89,2018,60.712325,
ITC48,ACT_R,1,Y15-89,2019,61.3847,
ITC48,ACT_R,1,Y15-89,2020,59.26083,
ITC48,ACT_R,1,Y15-89,2021,60.315253,
ITC48,ACT_R,1,Y15-89,2022,62.3178,
ITC48,ACT_R,1,Y15-89,2023,61.528437,
ITC48,ACT_R,1,Y15-89,2024,60.652861,
ITC48,ACT_R,1,Y15-89,2025,61.1433,
ITC48,ACT_R,1,Y18-29,2018,64.012905,
ITC48,ACT_R,1,Y18-29,2019,64.134491,
ITC48,ACT_R,1,Y18-29,2020,52.695186,
ITC48,ACT_R,1,Y18-29,2021,65.889619,
ITC48,ACT_R,1,Y18-29,2022,61.790189,
ITC48,ACT_R,1,Y18-29,2023,64.220725,
ITC48,ACT_R,1,Y18-29,2024,62.086957,
ITC48,ACT_R,1,Y18-29,2025,57.653046,
ITC48,ACT_R,1,Y25-34,2018,87.220788,
ITC48,ACT_R,1,Y25-34,2019,90.214993,
ITC48,ACT_R,1,Y25-34,2020,77.761842,
ITC48,ACT_R,1,Y25-34,2021,89.608559,
ITC48,ACT_R,1,Y25-34,2022,90.038329,
ITC48,ACT_R,1,Y25-34,2023,83.752101,
ITC48,ACT_R,1,Y25-34,2024,86.88903,
ITC48,ACT_R,1,Y25-34,2025,86.296351,
ITC48,ACT_R,1,Y35-44,2018,94.118573,
ITC48,ACT_R,1,Y35-44,2019,94.982868,
ITC48,ACT_R,1,Y35-44,2020,93.910033,
ITC48,ACT_R,1,Y35-44,2021,93.247113,
ITC48,ACT_R,1,Y35-44,2022,94.574711,
ITC48,ACT_R,1,Y35-44,2023,94.677269,
ITC48,ACT_R,1,Y35-44,2024,92.821734,
ITC48,ACT_R,1,Y35-44,2025,93.474709,
ITC48,ACT_R,1,Y35-49,2018,94.870663,
ITC48,ACT_R,1,Y35-49,2019,94.825015,
ITC48,ACT_R,1,Y35-49,2020,92.854618,
ITC48,ACT_R,1,Y35-49,2021,91.903787,
ITC48,ACT_R,1,Y35-49,2022,95.012123,
ITC48,ACT_R,1,Y35-49,2023,95.045502,
ITC48,ACT_R,1,Y35-49,2024,93.12837,
ITC48,ACT_R,1,Y35-49,2025,93.061372,
ITC48,ACT_R,1,Y45-54,2018,92.458392,
ITC48,ACT_R,1,Y45-54,2019,94.314212,
ITC48,ACT_R,1,Y45-54,2020,90.757538,
ITC48,ACT_R,1,Y45-54,2021,90.006362,
ITC48,ACT_R,1,Y45-54,2022,95.448988,
ITC48,ACT_R,1,Y45-54,2023,94.014816,
ITC48,ACT_R,1,Y45-54,2024,94.400708,
ITC48,ACT_R,1,Y45-54,2025,94.855648,
ITC48,ACT_R,1,Y55-64,2018,62.266477,
ITC48,ACT_R,1,Y55-64,2019,61.393951,
ITC48,ACT_R,1,Y55-64,2020,65.632779,
ITC48,ACT_R,1,Y55-64,2021,59.952787,
ITC48,ACT_R,1,Y55-64,2022,66.725116,
ITC48,ACT_R,1,Y55-64,2023,73.377768,
ITC48,ACT_R,1,Y55-64,2024,70.197974,
ITC48,ACT_R,1,Y55-64,2025,74.3388,
ITC48,ACT_R,2,Y15-24,2018,28.703241,
ITC48,ACT_R,2,Y15-24,2019,29.182165,
ITC48,ACT_R,2,Y15-24,2020,23.386003,
ITC48,ACT_R,2,Y15-24,2021,23.61876,
ITC48,ACT_R,2,Y15-24,2022,26.326418,
ITC48,ACT_R,2,Y15-24,2023,21.426699,
ITC48,ACT_R,2,Y15-24,2024,17.397124,
ITC48,ACT_R,2,Y15-24,2025,18.806984,
ITC48,ACT_R,2,Y15-64,2018,64.734772,
ITC48,ACT_R,2,Y15-64,2019,67.418452,
ITC48,ACT_R,2,Y15-64,2020,62.207084,
ITC48,ACT_R,2,Y15-64,2021,63.044539,
ITC48,ACT_R,2,Y15-64,2022,64.044225,
ITC48,ACT_R,2,Y15-64,2023,63.994783,
ITC48,ACT_R,2,Y15-64,2024,62.94964,
ITC48,ACT_R,2,Y15-64,2025,65.268646,
ITC48,ACT_R,2,Y15-89,2018,46.113709,
ITC48,ACT_R,2,Y15-89,2019,48.126571,
ITC48,ACT_R,2,Y15-89,2020,45.494127,
ITC48,ACT_R,2,Y15-89,2021,46.389062,
ITC48,ACT_R,2,Y15-89,2022,46.156575,
ITC48,ACT_R,2,Y15-89,2023,46.944037,
ITC48,ACT_R,2,Y15-89,2024,45.938817,
ITC48,ACT_R,2,Y15-89,2025,47.167857,
ITC48,ACT_R,2,Y18-29,2018,49.467622,
ITC48,ACT_R,2,Y18-29,2019,54.927512,
ITC48,ACT_R,2,Y18-29,2020,51.395332,
ITC48,ACT_R,2,Y18-29,2021,49.788255,
ITC48,ACT_R,2,Y18-29,2022,52.350716,
ITC48,ACT_R,2,Y18-29,2023,41.922097,
ITC48,ACT_R,2,Y18-29,2024,37.442265,
ITC48,ACT_R,2,Y18-29,2025,46.812051,
ITC48,ACT_R,2,Y25-34,2018,71.07755,
ITC48,ACT_R,2,Y25-34,2019,76.935349,
ITC48,ACT_R,2,Y25-34,2020,73.23155,
ITC48,ACT_R,2,Y25-34,2021,67.426377,
ITC48,ACT_R,2,Y25-34,2022,74.354575,
ITC48,ACT_R,2,Y25-34,2023,66.974054,
ITC48,ACT_R,2,Y25-34,2024,68.166176,
ITC48,ACT_R,2,Y25-34,2025,72.894217,
ITC48,ACT_R,2,Y35-44,2018,80.851617,
ITC48,ACT_R,2,Y35-44,2019,85.029093,
ITC48,ACT_R,2,Y35-44,2020,75.879615,
ITC48,ACT_R,2,Y35-44,2021,81.602861,
ITC48,ACT_R,2,Y35-44,2022,76.435828,
ITC48,ACT_R,2,Y35-44,2023,76.373051,
ITC48,ACT_R,2,Y35-44,2024,74.971035,
ITC48,ACT_R,2,Y35-44,2025,81.44935,
ITC48,ACT_R,2,Y35-49,2018,80.87169,
ITC48,ACT_R,2,Y35-49,2019,81.138611,
ITC48,ACT_R,2,Y35-49,2020,76.024583,
ITC48,ACT_R,2,Y35-49,2021,81.774602,
ITC48,ACT_R,2,Y35-49,2022,79.526184,
ITC48,ACT_R,2,Y35-49,2023,79.669481,
ITC48,ACT_R,2,Y35-49,2024,79.800226,
ITC48,ACT_R,2,Y35-49,2025,81.585366,
ITC48,ACT_R,2,Y45-54,2018,79.294248,
ITC48,ACT_R,2,Y45-54,2019,80.684349,
ITC48,ACT_R,2,Y45-54,2020,77.988284,
ITC48,ACT_R,2,Y45-54,2021,78.841338,
ITC48,ACT_R,2,Y45-54,2022,78.990834,
ITC48,ACT_R,2,Y45-54,2023,82.339915,
ITC48,ACT_R,2,Y45-54,2024,80.765608,
ITC48,ACT_R,2,Y45-54,2025,80.321449,
ITC48,ACT_R,2,Y55-64,2018,47.737049,
ITC48,ACT_R,2,Y55-64,2019,48.53211,
ITC48,ACT_R,2,Y55-64,2020,47.233257,
ITC48,ACT_R,2,Y55-64,2021,48.853142,
ITC48,ACT_R,2,Y55-64,2022,52.250125,
ITC48,ACT_R,2,Y55-64,2023,56.765653,
ITC48,ACT_R,2,Y55-64,2024,58.491787,
ITC48,ACT_R,2,Y55-64,2025,59.656454,
ITC48,ACT_R,9,Y15-24,2018,31.20497,
ITC48,ACT_R,9,Y15-24,2019,32.628528,
ITC48,ACT_R,9,Y15-24,2020,27.504252,
ITC48,ACT_R,9,Y15-24,2021,28.954936,
ITC48,ACT_R,9,Y15-24,2022,30.265627,
ITC48,ACT_R,9,Y15-24,2023,27.707591,
ITC48,ACT_R,9,Y15-24,2024,23.92708,
ITC48,ACT_R,9,Y15-24,2025,25.009107,
ITC48,ACT_R,9,Y15-64,2018,71.029826,
ITC48,ACT_R,9,Y15-64,2019,72.816208,
ITC48,ACT_R,9,Y15-64,2020,68.793691,
ITC48,ACT_R,9,Y15-64,2021,69.635583,
ITC48,ACT_R,9,Y15-64,2022,71.106274,
ITC48,ACT_R,9,Y15-64,2023,71.16518,
ITC48,ACT_R,9,Y15-64,2024,70.091551,
ITC48,ACT_R,9,Y15-64,2025,71.853544,
ITC48,ACT_R,9,Y15-89,2018,53.224366,
ITC48,ACT_R,9,Y15-89,2019,54.586172,
ITC48,ACT_R,9,Y15-89,2020,52.237279,
ITC48,ACT_R,9,Y15-89,2021,53.234117,
ITC48,ACT_R,9,Y15-89,2022,54.062797,
ITC48,ACT_R,9,Y15-89,2023,54.104489,
ITC48,ACT_R,9,Y15-89,2024,53.199897,
ITC48,ACT_R,9,Y15-89,2025,54.056268,
ITC48,ACT_R,9,Y18-29,2018,56.612486,
ITC48,ACT_R,9,Y18-29,2019,59.543452,
ITC48,ACT_R,9,Y18-29,2020,52.06465,
ITC48,ACT_R,9,Y18-29,2021,58.083832,
ITC48,ACT_R,9,Y18-29,2022,57.165684,
ITC48,ACT_R,9,Y18-29,2023,52.732415,
ITC48,ACT_R,9,Y18-29,2024,49.886501,
ITC48,ACT_R,9,Y18-29,2025,52.596353,
ITC48,ACT_R,9,Y25-34,2018,79.750018,
ITC48,ACT_R,9,Y25-34,2019,83.792723,
ITC48,ACT_R,9,Y25-34,2020,75.599815,
ITC48,ACT_R,9,Y25-34,2021,79.196149,
ITC48,ACT_R,9,Y25-34,2022,82.14489,
ITC48,ACT_R,9,Y25-34,2023,75.263907,
ITC48,ACT_R,9,Y25-34,2024,77.302452,
ITC48,ACT_R,9,Y25-34,2025,80.101224,
ITC48,ACT_R,9,Y35-44,2018,87.457738,
ITC48,ACT_R,9,Y35-44,2019,89.959591,
ITC48,ACT_R,9,Y35-44,2020,84.867162,
ITC48,ACT_R,9,Y35-44,2021,87.154317,
ITC48,ACT_R,9,Y35-44,2022,84.858315,
ITC48,ACT_R,9,Y35-44,2023,85.344082,
ITC48,ACT_R,9,Y35-44,2024,84.019845,
ITC48,ACT_R,9,Y35-44,2025,87.51167,
ITC48,ACT_R,9,Y35-49,2018,87.727991,
ITC48,ACT_R,9,Y35-49,2019,87.819667,
ITC48,ACT_R,9,Y35-49,2020,84.376425,
ITC48,ACT_R,9,Y35-49,2021,86.800239,
ITC48,ACT_R,9,Y35-49,2022,87.260955,
ITC48,ACT_R,9,Y35-49,2023,87.507161,
ITC48,ACT_R,9,Y35-49,2024,86.661206,
ITC48,ACT_R,9,Y35-49,2025,87.195553,
ITC48,ACT_R,9,Y45-54,2018,85.795391,
ITC48,ACT_R,9,Y45-54,2019,87.510179,
ITC48,ACT_R,9,Y45-54,2020,84.533325,
ITC48,ACT_R,9,Y45-54,2021,84.726953,
ITC48,ACT_R,9,Y45-54,2022,87.73059,
ITC48,ACT_R,9,Y45-54,2023,88.24006,
ITC48,ACT_R,9,Y45-54,2024,87.796404,
ITC48,ACT_R,9,Y45-54,2025,87.506868,
ITC48,ACT_R,9,Y55-64,2018,54.866329,
ITC48,ACT_R,9,Y55-64,2019,54.74031,
ITC48,ACT_R,9,Y55-64,2020,56.03167,
ITC48,ACT_R,9,Y55-64,2021,54.186332,
ITC48,ACT_R,9,Y55-64,2022,59.411751,
ITC48,ACT_R,9,Y55-64,2023,65.355987,
ITC48,ACT_R,9,Y55-64,2024,64.35663,
ITC48,ACT_R,9,Y55-64,2025,66.90173,
ITC49,ACT_R,1,Y15-24,2018,37.729831,
ITC49,ACT_R,1,Y15-24,2019,36.538977,
ITC49,ACT_R,1,Y15-24,2020,25.567265,
ITC49,ACT_R,1,Y15-24,2021,33.84755,
ITC49,ACT_R,1,Y15-24,2022,30.629359,
ITC49,ACT_R,1,Y15-24,2023,33.71962,
ITC49,ACT_R,1,Y15-24,2024,28.649162,
ITC49,ACT_R,1,Y15-24,2025,26.508131,
ITC49,ACT_R,1,Y15-64,2018,80.437371,
ITC49,ACT_R,1,Y15-64,2019,79.235276,
ITC49,ACT_R,1,Y15-64,2020,77.640332,
ITC49,ACT_R,1,Y15-64,2021,79.971295,
ITC49,ACT_R,1,Y15-64,2022,78.410148,
ITC49,ACT_R,1,Y15-64,2023,77.825223,
ITC49,ACT_R,1,Y15-64,2024,77.693293,
ITC49,ACT_R,1,Y15-64,2025,76.451318,
ITC49,ACT_R,1,Y15-89,2018,65.087641,
ITC49,ACT_R,1,Y15-89,2019,63.266059,
ITC49,ACT_R,1,Y15-89,2020,62.487615,
ITC49,ACT_R,1,Y15-89,2021,64.321454,
ITC49,ACT_R,1,Y15-89,2022,62.617048,
ITC49,ACT_R,1,Y15-89,2023,61.731736,
ITC49,ACT_R,1,Y15-89,2024,61.696889,
ITC49,ACT_R,1,Y15-89,2025,60.609126,
ITC49,ACT_R,1,Y18-29,2018,61.475231,
ITC49,ACT_R,1,Y18-29,2019,64.655439,
ITC49,ACT_R,1,Y18-29,2020,60.980724,
ITC49,ACT_R,1,Y18-29,2021,68.134009,
ITC49,ACT_R,1,Y18-29,2022,63.773879,
ITC49,ACT_R,1,Y18-29,2023,60.915706,
ITC49,ACT_R,1,Y18-29,2024,59.561434,
ITC49,ACT_R,1,Y18-29,2025,58.229194,
ITC49,ACT_R,1,Y25-34,2018,86.284853,
ITC49,ACT_R,1,Y25-34,2019,86.898644,
ITC49,ACT_R,1,Y25-34,2020,90.622425,
ITC49,ACT_R,1,Y25-34,2021,92.382878,
ITC49,ACT_R,1,Y25-34,2022,91.799052,
ITC49,ACT_R,1,Y25-34,2023,87.871813,
ITC49,ACT_R,1,Y25-34,2024,89.434304,
ITC49,ACT_R,1,Y25-34,2025,89.517079,
ITC49,ACT_R,1,Y35-44,2018,94.38351,
ITC49,ACT_R,1,Y35-44,2019,96.185321,
ITC49,ACT_R,1,Y35-44,2020,93.189458,
ITC49,ACT_R,1,Y35-44,2021,96.445302,
ITC49,ACT_R,1,Y35-44,2022,94.347442,
ITC49,ACT_R,1,Y35-44,2023,96.358637,
ITC49,ACT_R,1,Y35-44,2024,94.410022,
ITC49,ACT_R,1,Y35-44,2025,90.55213,
ITC49,ACT_R,1,Y35-49,2018,95.355794,
ITC49,ACT_R,1,Y35-49,2019,94.931288,
ITC49,ACT_R,1,Y35-49,2020,92.947529,
ITC49,ACT_R,1,Y35-49,2021,94.994753,
ITC49,ACT_R,1,Y35-49,2022,93.4073,
ITC49,ACT_R,1,Y35-49,2023,95.178,
ITC49,ACT_R,1,Y35-49,2024,93.796715,
ITC49,ACT_R,1,Y35-49,2025,90.917348,
ITC49,ACT_R,1,Y45-54,2018,95.15657,
ITC49,ACT_R,1,Y45-54,2019,92.307692,
ITC49,ACT_R,1,Y45-54,2020,93.171338,
ITC49,ACT_R,1,Y45-54,2021,93.141615,
ITC49,ACT_R,1,Y45-54,2022,94.119212,
ITC49,ACT_R,1,Y45-54,2023,93.27621,
ITC49,ACT_R,1,Y45-54,2024,93.538913,
ITC49,ACT_R,1,Y45-54,2025,92.305842,
ITC49,ACT_R,1,Y55-64,2018,71.226636,
ITC49,ACT_R,1,Y55-64,2019,69.023801,
ITC49,ACT_R,1,Y55-64,2020,67.741935,
ITC49,ACT_R,1,Y55-64,2021,71.643762,
ITC49,ACT_R,1,Y55-64,2022,71.47158,
ITC49,ACT_R,1,Y55-64,2023,68.55857,
ITC49,ACT_R,1,Y55-64,2024,70.447192,
ITC49,ACT_R,1,Y55-64,2025,69.904551,
ITC49,ACT_R,2,Y15-24,2018,22.948718,
ITC49,ACT_R,2,Y15-24,2019,27.703252,
ITC49,ACT_R,2,Y15-24,2020,21.089414,
ITC49,ACT_R,2,Y15-24,2021,25.990731,
ITC49,ACT_R,2,Y15-24,2022,32.140673,
ITC49,ACT_R,2,Y15-24,2023,23.918601,
ITC49,ACT_R,2,Y15-24,2024,13.959879,
ITC49,ACT_R,2,Y15-24,2025,11.415127,
ITC49,ACT_R,2,Y15-64,2018,60.976187,
ITC49,ACT_R,2,Y15-64,2019,61.913189,
ITC49,ACT_R,2,Y15-64,2020,61.272063,
ITC49,ACT_R,2,Y15-64,2021,63.523983,
ITC49,ACT_R,2,Y15-64,2022,64.085729,
ITC49,ACT_R,2,Y15-64,2023,62.196198,
ITC49,ACT_R,2,Y15-64,2024,56.957514,
ITC49,ACT_R,2,Y15-64,2025,59.350375,
ITC49,ACT_R,2,Y15-89,2018,45.823566,
ITC49,ACT_R,2,Y15-89,2019,46.719185,
ITC49,ACT_R,2,Y15-89,2020,46.43662,
ITC49,ACT_R,2,Y15-89,2021,48.002028,
ITC49,ACT_R,2,Y15-89,2022,47.826895,
ITC49,ACT_R,2,Y15-89,2023,46.333751,
ITC49,ACT_R,2,Y15-89,2024,42.748558,
ITC49,ACT_R,2,Y15-89,2025,44.204876,
ITC49,ACT_R,2,Y18-29,2018,53.318059,
ITC49,ACT_R,2,Y18-29,2019,49.416876,
ITC49,ACT_R,2,Y18-29,2020,47.837838,
ITC49,ACT_R,2,Y18-29,2021,48.904285,
ITC49,ACT_R,2,Y18-29,2022,53.082773,
ITC49,ACT_R,2,Y18-29,2023,52.514464,
ITC49,ACT_R,2,Y18-29,2024,42.114358,
ITC49,ACT_R,2,Y18-29,2025,40.444515,
ITC49,ACT_R,2,Y25-34,2018,78.748135,
ITC49,ACT_R,2,Y25-34,2019,70.748299,
ITC49,ACT_R,2,Y25-34,2020,70.781237,
ITC49,ACT_R,2,Y25-34,2021,74.900435,
ITC49,ACT_R,2,Y25-34,2022,70.458647,
ITC49,ACT_R,2,Y25-34,2023,71.966853,
ITC49,ACT_R,2,Y25-34,2024,66.090244,
ITC49,ACT_R,2,Y25-34,2025,63.788419,
ITC49,ACT_R,2,Y35-44,2018,79.157701,
ITC49,ACT_R,2,Y35-44,2019,79.983593,
ITC49,ACT_R,2,Y35-44,2020,74.895454,
ITC49,ACT_R,2,Y35-44,2021,75.284185,
ITC49,ACT_R,2,Y35-44,2022,77.362372,
ITC49,ACT_R,2,Y35-44,2023,76.573779,
ITC49,ACT_R,2,Y35-44,2024,69.084375,
ITC49,ACT_R,2,Y35-44,2025,74.449372,
ITC49,ACT_R,2,Y35-49,2018,76.801747,
ITC49,ACT_R,2,Y35-49,2019,79.786734,
ITC49,ACT_R,2,Y35-49,2020,72.904397,
ITC49,ACT_R,2,Y35-49,2021,75.733823,
ITC49,ACT_R,2,Y35-49,2022,77.485223,
ITC49,ACT_R,2,Y35-49,2023,76.736177,
ITC49,ACT_R,2,Y35-49,2024,74.221106,
ITC49,ACT_R,2,Y35-49,2025,78.00719,
ITC49,ACT_R,2,Y45-54,2018,72.012947,
ITC49,ACT_R,2,Y45-54,2019,75.53197,
ITC49,ACT_R,2,Y45-54,2020,72.393275,
ITC49,ACT_R,2,Y45-54,2021,75.370107,
ITC49,ACT_R,2,Y45-54,2022,74.871686,
ITC49,ACT_R,2,Y45-54,2023,71.779379,
ITC49,ACT_R,2,Y45-54,2024,72.945728,
ITC49,ACT_R,2,Y45-54,2025,77.509426,
ITC49,ACT_R,2,Y55-64,2018,38.31763,
ITC49,ACT_R,2,Y55-64,2019,40.887354,
ITC49,ACT_R,2,Y55-64,2020,49.914761,
ITC49,ACT_R,2,Y55-64,2021,54.6377,
ITC49,ACT_R,2,Y55-64,2022,53.499902,
ITC49,ACT_R,2,Y55-64,2023,54.850589,
ITC49,ACT_R,2,Y55-64,2024,52.146211,
ITC49,ACT_R,2,Y55-64,2025,57.02425,
ITC49,ACT_R,9,Y15-24,2018,30.524038,
ITC49,ACT_R,9,Y15-24,2019,32.40173,
ITC49,ACT_R,9,Y15-24,2020,23.41213,
ITC49,ACT_R,9,Y15-24,2021,30.000463,
ITC49,ACT_R,9,Y15-24,2022,31.312346,
ITC49,ACT_R,9,Y15-24,2023,29.403288,
ITC49,ACT_R,9,Y15-24,2024,21.520338,
ITC49,ACT_R,9,Y15-24,2025,18.949114,
ITC49,ACT_R,9,Y15-64,2018,70.846087,
ITC49,ACT_R,9,Y15-64,2019,70.70239,
ITC49,ACT_R,9,Y15-64,2020,69.572059,
ITC49,ACT_R,9,Y15-64,2021,71.879558,
ITC49,ACT_R,9,Y15-64,2022,71.383149,
ITC49,ACT_R,9,Y15-64,2023,70.175992,
ITC49,ACT_R,9,Y15-64,2024,67.546322,
ITC49,ACT_R,9,Y15-64,2025,68.107565,
ITC49,ACT_R,9,Y15-89,2018,55.310222,
ITC49,ACT_R,9,Y15-89,2019,54.911152,
ITC49,ACT_R,9,Y15-89,2020,54.383804,
ITC49,ACT_R,9,Y15-89,2021,56.079757,
ITC49,ACT_R,9,Y15-89,2022,55.164897,
ITC49,ACT_R,9,Y15-89,2023,53.994057,
ITC49,ACT_R,9,Y15-89,2024,52.169503,
ITC49,ACT_R,9,Y15-89,2025,52.378649,
ITC49,ACT_R,9,Y18-29,2018,57.632471,
ITC49,ACT_R,9,Y18-29,2019,56.984998,
ITC49,ACT_R,9,Y18-29,2020,54.084097,
ITC49,ACT_R,9,Y18-29,2021,58.355671,
ITC49,ACT_R,9,Y18-29,2022,58.278975,
ITC49,ACT_R,9,Y18-29,2023,56.673165,
ITC49,ACT_R,9,Y18-29,2024,51.365515,
ITC49,ACT_R,9,Y18-29,2025,50.139508,
ITC49,ACT_R,9,Y25-34,2018,82.399189,
ITC49,ACT_R,9,Y25-34,2019,78.908146,
ITC49,ACT_R,9,Y25-34,2020,81.268798,
ITC49,ACT_R,9,Y25-34,2021,84.05471,
ITC49,ACT_R,9,Y25-34,2022,80.586818,
ITC49,ACT_R,9,Y25-34,2023,79.032893,
ITC49,ACT_R,9,Y25-34,2024,77.633665,
ITC49,ACT_R,9,Y25-34,2025,76.71146,
ITC49,ACT_R,9,Y35-44,2018,86.675589,
ITC49,ACT_R,9,Y35-44,2019,88.002551,
ITC49,ACT_R,9,Y35-44,2020,84.057239,
ITC49,ACT_R,9,Y35-44,2021,85.673207,
ITC49,ACT_R,9,Y35-44,2022,86.038522,
ITC49,ACT_R,9,Y35-44,2023,87.188343,
ITC49,ACT_R,9,Y35-44,2024,82.964822,
ITC49,ACT_R,9,Y35-44,2025,82.672408,
ITC49,ACT_R,9,Y35-49,2018,86.442325,
ITC49,ACT_R,9,Y35-49,2019,87.385487,
ITC49,ACT_R,9,Y35-49,2020,82.817883,
ITC49,ACT_R,9,Y35-49,2021,85.416794,
ITC49,ACT_R,9,Y35-49,2022,85.622646,
ITC49,ACT_R,9,Y35-49,2023,86.421661,
ITC49,ACT_R,9,Y35-49,2024,84.391389,
ITC49,ACT_R,9,Y35-49,2025,84.81892,
ITC49,ACT_R,9,Y45-54,2018,84.362718,
ITC49,ACT_R,9,Y45-54,2019,84.215235,
ITC49,ACT_R,9,Y45-54,2020,82.298589,
ITC49,ACT_R,9,Y45-54,2021,84.269805,
ITC49,ACT_R,9,Y45-54,2022,84.467204,
ITC49,ACT_R,9,Y45-54,2023,83.035903,
ITC49,ACT_R,9,Y45-54,2024,83.44201,
ITC49,ACT_R,9,Y45-54,2025,85.377274,
ITC49,ACT_R,9,Y55-64,2018,54.86675,
ITC49,ACT_R,9,Y55-64,2019,54.686654,
ITC49,ACT_R,9,Y55-64,2020,59.327432,
ITC49,ACT_R,9,Y55-64,2021,63.482848,
ITC49,ACT_R,9,Y55-64,2022,62.84757,
ITC49,ACT_R,9,Y55-64,2023,61.585235,
ITC49,ACT_R,9,Y55-64,2024,61.144886,
ITC49,ACT_R,9,Y55-64,2025,63.547931,
ITC4A,ACT_R,1,Y15-24,2018,39.41126,
ITC4A,ACT_R,1,Y15-24,2019,33.738095,
ITC4A,ACT_R,1,Y15-24,2020,34.397805,
ITC4A,ACT_R,1,Y15-24,2021,42.575274,
ITC4A,ACT_R,1,Y15-24,2022,42.528324,
ITC4A,ACT_R,1,Y15-24,2023,41.734547,
ITC4A,ACT_R,1,Y15-24,2024,41.695919,
ITC4A,ACT_R,1,Y15-24,2025,32.395455,
ITC4A,ACT_R,1,Y15-64,2018,80.347899,
ITC4A,ACT_R,1,Y15-64,2019,79.63144,
ITC4A,ACT_R,1,Y15-64,2020,75.077333,
ITC4A,ACT_R,1,Y15-64,2021,75.873962,
ITC4A,ACT_R,1,Y15-64,2022,78.807334,
ITC4A,ACT_R,1,Y15-64,2023,80.318065,
ITC4A,ACT_R,1,Y15-64,2024,80.352962,
ITC4A,ACT_R,1,Y15-64,2025,79.52503,
ITC4A,ACT_R,1,Y15-89,2018,62.536827,
ITC4A,ACT_R,1,Y15-89,2019,62.14191,
ITC4A,ACT_R,1,Y15-89,2020,58.094917,
ITC4A,ACT_R,1,Y15-89,2021,57.771671,
ITC4A,ACT_R,1,Y15-89,2022,60.054461,
ITC4A,ACT_R,1,Y15-89,2023,62.127576,
ITC4A,ACT_R,1,Y15-89,2024,61.749767,
ITC4A,ACT_R,1,Y15-89,2025,60.35693,
ITC4A,ACT_R,1,Y18-29,2018,67.531215,
ITC4A,ACT_R,1,Y18-29,2019,60.465675,
ITC4A,ACT_R,1,Y18-29,2020,60.950361,
ITC4A,ACT_R,1,Y18-29,2021,66.593929,
ITC4A,ACT_R,1,Y18-29,2022,74.007898,
ITC4A,ACT_R,1,Y18-29,2023,69.009538,
ITC4A,ACT_R,1,Y18-29,2024,66.944497,
ITC4A,ACT_R,1,Y18-29,2025,59.908852,
ITC4A,ACT_R,1,Y25-34,2018,87.106447,
ITC4A,ACT_R,1,Y25-34,2019,86.498668,
ITC4A,ACT_R,1,Y25-34,2020,85.223295,
ITC4A,ACT_R,1,Y25-34,2021,86.124645,
ITC4A,ACT_R,1,Y25-34,2022,93.114496,
ITC4A,ACT_R,1,Y25-34,2023,85.967658,
ITC4A,ACT_R,1,Y25-34,2024,86.716808,
ITC4A,ACT_R,1,Y25-34,2025,82.346154,
ITC4A,ACT_R,1,Y35-44,2018,97.955915,
ITC4A,ACT_R,1,Y35-44,2019,98.29813,
ITC4A,ACT_R,1,Y35-44,2020,93.324921,
ITC4A,ACT_R,1,Y35-44,2021,91.539197,
ITC4A,ACT_R,1,Y35-44,2022,94.555247,
ITC4A,ACT_R,1,Y35-44,2023,94.000786,
ITC4A,ACT_R,1,Y35-44,2024,96.587702,
ITC4A,ACT_R,1,Y35-44,2025,95.809948,
ITC4A,ACT_R,1,Y35-49,2018,97.11268,
ITC4A,ACT_R,1,Y35-49,2019,98.15287,
ITC4A,ACT_R,1,Y35-49,2020,93.65335,
ITC4A,ACT_R,1,Y35-49,2021,93.109339,
ITC4A,ACT_R,1,Y35-49,2022,94.343026,
ITC4A,ACT_R,1,Y35-49,2023,95.917858,
ITC4A,ACT_R,1,Y35-49,2024,96.77078,
ITC4A,ACT_R,1,Y35-49,2025,96.215044,
ITC4A,ACT_R,1,Y45-54,2018,95.193277,
ITC4A,ACT_R,1,Y45-54,2019,97.376538,
ITC4A,ACT_R,1,Y45-54,2020,94.560416,
ITC4A,ACT_R,1,Y45-54,2021,93.458819,
ITC4A,ACT_R,1,Y45-54,2022,91.685563,
ITC4A,ACT_R,1,Y45-54,2023,96.318823,
ITC4A,ACT_R,1,Y45-54,2024,93.127049,
ITC4A,ACT_R,1,Y45-54,2025,96.517924,
ITC4A,ACT_R,1,Y55-64,2018,67.582631,
ITC4A,ACT_R,1,Y55-64,2019,66.912221,
ITC4A,ACT_R,1,Y55-64,2020,56.511403,
ITC4A,ACT_R,1,Y55-64,2021,58.542582,
ITC4A,ACT_R,1,Y55-64,2022,63.730073,
ITC4A,ACT_R,1,Y55-64,2023,71.963401,
ITC4A,ACT_R,1,Y55-64,2024,75.694725,
ITC4A,ACT_R,1,Y55-64,2025,76.202412,
ITC4A,ACT_R,2,Y15-24,2018,25.629994,
ITC4A,ACT_R,2,Y15-24,2019,31.13757,
ITC4A,ACT_R,2,Y15-24,2020,20.301847,
ITC4A,ACT_R,2,Y15-24,2021,24.674128,
ITC4A,ACT_R,2,Y15-24,2022,27.518939,
ITC4A,ACT_R,2,Y15-24,2023,28.967936,
ITC4A,ACT_R,2,Y15-24,2024,24.975025,
ITC4A,ACT_R,2,Y15-24,2025,23.325482,
ITC4A,ACT_R,2,Y15-64,2018,60.773978,
ITC4A,ACT_R,2,Y15-64,2019,61.093412,
ITC4A,ACT_R,2,Y15-64,2020,57.716539,
ITC4A,ACT_R,2,Y15-64,2021,59.079511,
ITC4A,ACT_R,2,Y15-64,2022,58.911176,
ITC4A,ACT_R,2,Y15-64,2023,61.223767,
ITC4A,ACT_R,2,Y15-64,2024,62.594151,
ITC4A,ACT_R,2,Y15-64,2025,61.245469,
ITC4A,ACT_R,2,Y15-89,2018,44.157299,
ITC4A,ACT_R,2,Y15-89,2019,44.651099,
ITC4A,ACT_R,2,Y15-89,2020,42.087575,
ITC4A,ACT_R,2,Y15-89,2021,43.2272,
ITC4A,ACT_R,2,Y15-89,2022,42.525542,
ITC4A,ACT_R,2,Y15-89,2023,43.754985,
ITC4A,ACT_R,2,Y15-89,2024,44.874037,
ITC4A,ACT_R,2,Y15-89,2025,44.193823,
ITC4A,ACT_R,2,Y18-29,2018,56.280788,
ITC4A,ACT_R,2,Y18-29,2019,57.497553,
ITC4A,ACT_R,2,Y18-29,2020,46.145114,
ITC4A,ACT_R,2,Y18-29,2021,48.840226,
ITC4A,ACT_R,2,Y18-29,2022,49.901329,
ITC4A,ACT_R,2,Y18-29,2023,47.555556,
ITC4A,ACT_R,2,Y18-29,2024,45.387435,
ITC4A,ACT_R,2,Y18-29,2025,47.407975,
ITC4A,ACT_R,2,Y25-34,2018,76.942306,
ITC4A,ACT_R,2,Y25-34,2019,76.441602,
ITC4A,ACT_R,2,Y25-34,2020,68.112348,
ITC4A,ACT_R,2,Y25-34,2021,68.625195,
ITC4A,ACT_R,2,Y25-34,2022,78.067852,
ITC4A,ACT_R,2,Y25-34,2023,71.338887,
ITC4A,ACT_R,2,Y25-34,2024,63.089396,
ITC4A,ACT_R,2,Y25-34,2025,73.437891,
ITC4A,ACT_R,2,Y35-44,2018,73.168534,
ITC4A,ACT_R,2,Y35-44,2019,79.504255,
ITC4A,ACT_R,2,Y35-44,2020,85.323509,
ITC4A,ACT_R,2,Y35-44,2021,78.444036,
ITC4A,ACT_R,2,Y35-44,2022,74.881115,
ITC4A,ACT_R,2,Y35-44,2023,77.945004,
ITC4A,ACT_R,2,Y35-44,2024,83.087764,
ITC4A,ACT_R,2,Y35-44,2025,75.868483,
ITC4A,ACT_R,2,Y35-49,2018,73.130943,
ITC4A,ACT_R,2,Y35-49,2019,78.041023,
ITC4A,ACT_R,2,Y35-49,2020,82.717056,
ITC4A,ACT_R,2,Y35-49,2021,74.396491,
ITC4A,ACT_R,2,Y35-49,2022,72.084756,
ITC4A,ACT_R,2,Y35-49,2023,75.947755,
ITC4A,ACT_R,2,Y35-49,2024,79.614684,
ITC4A,ACT_R,2,Y35-49,2025,77.056392,
ITC4A,ACT_R,2,Y45-54,2018,70.777076,
ITC4A,ACT_R,2,Y45-54,2019,68.847668,
ITC4A,ACT_R,2,Y45-54,2020,72.35571,
ITC4A,ACT_R,2,Y45-54,2021,72.201512,
ITC4A,ACT_R,2,Y45-54,2022,71.434982,
ITC4A,ACT_R,2,Y45-54,2023,77.637691,
ITC4A,ACT_R,2,Y45-54,2024,72.816807,
ITC4A,ACT_R,2,Y45-54,2025,75.333423,
ITC4A,ACT_R,2,Y55-64,2018,45.250866,
ITC4A,ACT_R,2,Y55-64,2019,44.251132,
ITC4A,ACT_R,2,Y55-64,2020,36.677171,
ITC4A,ACT_R,2,Y55-64,2021,41.87512,
ITC4A,ACT_R,2,Y55-64,2022,39.112825,
ITC4A,ACT_R,2,Y55-64,2023,44.37288,
ITC4A,ACT_R,2,Y55-64,2024,55.706863,
ITC4A,ACT_R,2,Y55-64,2025,50.237192,
ITC4A,ACT_R,9,Y15-24,2018,33.133149,
ITC4A,ACT_R,9,Y15-24,2019,32.492094,
ITC4A,ACT_R,9,Y15-24,2020,27.79191,
ITC4A,ACT_R,9,Y15-24,2021,34.500876,
ITC4A,ACT_R,9,Y15-24,2022,35.237657,
ITC4A,ACT_R,9,Y15-24,2023,35.437851,
ITC4A,ACT_R,9,Y15-24,2024,34.145461,
ITC4A,ACT_R,9,Y15-24,2025,27.894989,
ITC4A,ACT_R,9,Y15-64,2018,70.67447,
ITC4A,ACT_R,9,Y15-64,2019,70.485365,
ITC4A,ACT_R,9,Y15-64,2020,66.507318,
ITC4A,ACT_R,9,Y15-64,2021,67.590214,
ITC4A,ACT_R,9,Y15-64,2022,69.024255,
ITC4A,ACT_R,9,Y15-64,2023,70.947547,
ITC4A,ACT_R,9,Y15-64,2024,71.645217,
ITC4A,ACT_R,9,Y15-64,2025,70.584518,
ITC4A,ACT_R,9,Y15-89,2018,53.188304,
ITC4A,ACT_R,9,Y15-89,2019,53.286666,
ITC4A,ACT_R,9,Y15-89,2020,49.994498,
ITC4A,ACT_R,9,Y15-89,2021,50.430537,
ITC4A,ACT_R,9,Y15-89,2022,51.197299,
ITC4A,ACT_R,9,Y15-89,2023,52.837849,
ITC4A,ACT_R,9,Y15-89,2024,53.225523,
ITC4A,ACT_R,9,Y15-89,2025,52.259778,
ITC4A,ACT_R,9,Y18-29,2018,61.821909,
ITC4A,ACT_R,9,Y18-29,2019,59.035336,
ITC4A,ACT_R,9,Y18-29,2020,53.463295,
ITC4A,ACT_R,9,Y18-29,2021,58.017697,
ITC4A,ACT_R,9,Y18-29,2022,62.408796,
ITC4A,ACT_R,9,Y18-29,2023,58.455919,
ITC4A,ACT_R,9,Y18-29,2024,56.558222,
ITC4A,ACT_R,9,Y18-29,2025,53.985902,
ITC4A,ACT_R,9,Y25-34,2018,81.460705,
ITC4A,ACT_R,9,Y25-34,2019,81.27692,
ITC4A,ACT_R,9,Y25-34,2020,76.464495,
ITC4A,ACT_R,9,Y25-34,2021,77.061422,
ITC4A,ACT_R,9,Y25-34,2022,85.75,
ITC4A,ACT_R,9,Y25-34,2023,78.801857,
ITC4A,ACT_R,9,Y25-34,2024,73.70292,
ITC4A,ACT_R,9,Y25-34,2025,78.177991,
ITC4A,ACT_R,9,Y35-44,2018,86.293237,
ITC4A,ACT_R,9,Y35-44,2019,89.223657,
ITC4A,ACT_R,9,Y35-44,2020,89.437534,
ITC4A,ACT_R,9,Y35-44,2021,84.937383,
ITC4A,ACT_R,9,Y35-44,2022,85.272747,
ITC4A,ACT_R,9,Y35-44,2023,86.29633,
ITC4A,ACT_R,9,Y35-44,2024,90.315934,
ITC4A,ACT_R,9,Y35-44,2025,86.030228,
ITC4A,ACT_R,9,Y35-49,2018,85.730958,
ITC4A,ACT_R,9,Y35-49,2019,88.557327,
ITC4A,ACT_R,9,Y35-49,2020,88.313958,
ITC4A,ACT_R,9,Y35-49,2021,83.821593,
ITC4A,ACT_R,9,Y35-49,2022,83.474092,
ITC4A,ACT_R,9,Y35-49,2023,86.263225,
ITC4A,ACT_R,9,Y35-49,2024,88.67084,
ITC4A,ACT_R,9,Y35-49,2025,86.860577,
ITC4A,ACT_R,9,Y45-54,2018,83.386576,
ITC4A,ACT_R,9,Y45-54,2019,84.236895,
ITC4A,ACT_R,9,Y45-54,2020,84.273831,
ITC4A,ACT_R,9,Y45-54,2021,83.233071,
ITC4A,ACT_R,9,Y45-54,2022,81.582754,
ITC4A,ACT_R,9,Y45-54,2023,87.172638,
ITC4A,ACT_R,9,Y45-54,2024,82.620716,
ITC4A,ACT_R,9,Y45-54,2025,85.806747,
ITC4A,ACT_R,9,Y55-64,2018,56.159642,
ITC4A,ACT_R,9,Y55-64,2019,55.010808,
ITC4A,ACT_R,9,Y55-64,2020,45.954503,
ITC4A,ACT_R,9,Y55-64,2021,50.007868,
ITC4A,ACT_R,9,Y55-64,2022,51.26415,
ITC4A,ACT_R,9,Y55-64,2023,58.168789,
ITC4A,ACT_R,9,Y55-64,2024,66.360772,
ITC4A,ACT_R,9,Y55-64,2025,63.768363,
ITC4B,ACT_R,1,Y15-24,2018,36.684073,
ITC4B,ACT_R,1,Y15-24,2019,40.744576,
ITC4B,ACT_R,1,Y15-24,2020,35.761488,
ITC4B,ACT_R,1,Y15-24,2021,35.298837,
ITC4B,ACT_R,1,Y15-24,2022,36.574098,
ITC4B,ACT_R,1,Y15-24,2023,38.047819,
ITC4B,ACT_R,1,Y15-24,2024,42.406126,
ITC4B,ACT_R,1,Y15-24,2025,43.934816,
ITC4B,ACT_R,1,Y15-64,2018,80.37121,
ITC4B,ACT_R,1,Y15-64,2019,80.904785,
ITC4B,ACT_R,1,Y15-64,2020,78.92932,
ITC4B,ACT_R,1,Y15-64,2021,79.166248,
ITC4B,ACT_R,1,Y15-64,2022,81.743729,
ITC4B,ACT_R,1,Y15-64,2023,80.017053,
ITC4B,ACT_R,1,Y15-64,2024,80.222994,
ITC4B,ACT_R,1,Y15-64,2025,82.074025,
ITC4B,ACT_R,1,Y15-89,2018,64.725627,
ITC4B,ACT_R,1,Y15-89,2019,64.890896,
ITC4B,ACT_R,1,Y15-89,2020,63.803519,
ITC4B,ACT_R,1,Y15-89,2021,63.396095,
ITC4B,ACT_R,1,Y15-89,2022,64.870589,
ITC4B,ACT_R,1,Y15-89,2023,63.375291,
ITC4B,ACT_R,1,Y15-89,2024,63.585963,
ITC4B,ACT_R,1,Y15-89,2025,64.681841,
ITC4B,ACT_R,1,Y18-29,2018,67.413993,
ITC4B,ACT_R,1,Y18-29,2019,66.189595,
ITC4B,ACT_R,1,Y18-29,2020,65.601893,
ITC4B,ACT_R,1,Y18-29,2021,64.384566,
ITC4B,ACT_R,1,Y18-29,2022,69.300632,
ITC4B,ACT_R,1,Y18-29,2023,69.394903,
ITC4B,ACT_R,1,Y18-29,2024,72.572178,
ITC4B,ACT_R,1,Y18-29,2025,73.293733,
ITC4B,ACT_R,1,Y25-34,2018,93.625109,
ITC4B,ACT_R,1,Y25-34,2019,87.789777,
ITC4B,ACT_R,1,Y25-34,2020,91.609536,
ITC4B,ACT_R,1,Y25-34,2021,93.807661,
ITC4B,ACT_R,1,Y25-34,2022,94.167092,
ITC4B,ACT_R,1,Y25-34,2023,92.916631,
ITC4B,ACT_R,1,Y25-34,2024,89.36346,
ITC4B,ACT_R,1,Y25-34,2025,93.848507,
ITC4B,ACT_R,1,Y35-44,2018,96.006842,
ITC4B,ACT_R,1,Y35-44,2019,96.663177,
ITC4B,ACT_R,1,Y35-44,2020,95.06562,
ITC4B,ACT_R,1,Y35-44,2021,93.525896,
ITC4B,ACT_R,1,Y35-44,2022,97.324816,
ITC4B,ACT_R,1,Y35-44,2023,98.276393,
ITC4B,ACT_R,1,Y35-44,2024,96.965283,
ITC4B,ACT_R,1,Y35-44,2025,95.565351,
ITC4B,ACT_R,1,Y35-49,2018,96.059223,
ITC4B,ACT_R,1,Y35-49,2019,96.841228,
ITC4B,ACT_R,1,Y35-49,2020,94.815903,
ITC4B,ACT_R,1,Y35-49,2021,94.949055,
ITC4B,ACT_R,1,Y35-49,2022,96.169585,
ITC4B,ACT_R,1,Y35-49,2023,97.04381,
ITC4B,ACT_R,1,Y35-49,2024,96.609084,
ITC4B,ACT_R,1,Y35-49,2025,96.490973,
ITC4B,ACT_R,1,Y45-54,2018,92.499518,
ITC4B,ACT_R,1,Y45-54,2019,94.591994,
ITC4B,ACT_R,1,Y45-54,2020,94.743766,
ITC4B,ACT_R,1,Y45-54,2021,96.035553,
ITC4B,ACT_R,1,Y45-54,2022,96.253844,
ITC4B,ACT_R,1,Y45-54,2023,94.958435,
ITC4B,ACT_R,1,Y45-54,2024,94.114463,
ITC4B,ACT_R,1,Y45-54,2025,96.47732,
ITC4B,ACT_R,1,Y55-64,2018,67.875928,
ITC4B,ACT_R,1,Y55-64,2019,66.122221,
ITC4B,ACT_R,1,Y55-64,2020,64.504293,
ITC4B,ACT_R,1,Y55-64,2021,65.780004,
ITC4B,ACT_R,1,Y55-64,2022,73.675972,
ITC4B,ACT_R,1,Y55-64,2023,68.897165,
ITC4B,ACT_R,1,Y55-64,2024,70.946177,
ITC4B,ACT_R,1,Y55-64,2025,73.27046,
ITC4B,ACT_R,2,Y15-24,2018,23.784038,
ITC4B,ACT_R,2,Y15-24,2019,25.777729,
ITC4B,ACT_R,2,Y15-24,2020,23.852562,
ITC4B,ACT_R,2,Y15-24,2021,17.225434,
ITC4B,ACT_R,2,Y15-24,2022,19.761237,
ITC4B,ACT_R,2,Y15-24,2023,21.096168,
ITC4B,ACT_R,2,Y15-24,2024,22.275365,
ITC4B,ACT_R,2,Y15-24,2025,25.541033,
ITC4B,ACT_R,2,Y15-64,2018,61.484177,
ITC4B,ACT_R,2,Y15-64,2019,64.642834,
ITC4B,ACT_R,2,Y15-64,2020,59.236914,
ITC4B,ACT_R,2,Y15-64,2021,58.856927,
ITC4B,ACT_R,2,Y15-64,2022,63.204476,
ITC4B,ACT_R,2,Y15-64,2023,64.386171,
ITC4B,ACT_R,2,Y15-64,2024,62.446761,
ITC4B,ACT_R,2,Y15-64,2025,60.507806,
ITC4B,ACT_R,2,Y15-89,2018,44.731468,
ITC4B,ACT_R,2,Y15-89,2019,47.185444,
ITC4B,ACT_R,2,Y15-89,2020,43.440683,
ITC4B,ACT_R,2,Y15-89,2021,42.871794,
ITC4B,ACT_R,2,Y15-89,2022,45.685737,
ITC4B,ACT_R,2,Y15-89,2023,46.698377,
ITC4B,ACT_R,2,Y15-89,2024,45.334727,
ITC4B,ACT_R,2,Y15-89,2025,44.528481,
ITC4B,ACT_R,2,Y18-29,2018,47.202797,
ITC4B,ACT_R,2,Y18-29,2019,51.061683,
ITC4B,ACT_R,2,Y18-29,2020,44.830614,
ITC4B,ACT_R,2,Y18-29,2021,44.900548,
ITC4B,ACT_R,2,Y18-29,2022,46.331199,
ITC4B,ACT_R,2,Y18-29,2023,52.670196,
ITC4B,ACT_R,2,Y18-29,2024,47.504011,
ITC4B,ACT_R,2,Y18-29,2025,46.060252,
ITC4B,ACT_R,2,Y25-34,2018,65.589109,
ITC4B,ACT_R,2,Y25-34,2019,77.04499,
ITC4B,ACT_R,2,Y25-34,2020,64.403199,
ITC4B,ACT_R,2,Y25-34,2021,63.196676,
ITC4B,ACT_R,2,Y25-34,2022,71.77185,
ITC4B,ACT_R,2,Y25-34,2023,76.55421,
ITC4B,ACT_R,2,Y25-34,2024,69.07025,
ITC4B,ACT_R,2,Y25-34,2025,65.556299,
ITC4B,ACT_R,2,Y35-44,2018,77.852899,
ITC4B,ACT_R,2,Y35-44,2019,78.843069,
ITC4B,ACT_R,2,Y35-44,2020,74.387177,
ITC4B,ACT_R,2,Y35-44,2021,82.197436,
ITC4B,ACT_R,2,Y35-44,2022,82.697815,
ITC4B,ACT_R,2,Y35-44,2023,81.849105,
ITC4B,ACT_R,2,Y35-44,2024,80.288635,
ITC4B,ACT_R,2,Y35-44,2025,79.512613,
ITC4B,ACT_R,2,Y35-49,2018,80.2656,
ITC4B,ACT_R,2,Y35-49,2019,79.275645,
ITC4B,ACT_R,2,Y35-49,2020,73.878064,
ITC4B,ACT_R,2,Y35-49,2021,79.960268,
ITC4B,ACT_R,2,Y35-49,2022,81.883118,
ITC4B,ACT_R,2,Y35-49,2023,82.720324,
ITC4B,ACT_R,2,Y35-49,2024,79.691674,
ITC4B,ACT_R,2,Y35-49,2025,78.463586,
ITC4B,ACT_R,2,Y45-54,2018,75.066761,
ITC4B,ACT_R,2,Y45-54,2019,76.231777,
ITC4B,ACT_R,2,Y45-54,2020,69.205139,
ITC4B,ACT_R,2,Y45-54,2021,72.399832,
ITC4B,ACT_R,2,Y45-54,2022,81.373572,
ITC4B,ACT_R,2,Y45-54,2023,76.402944,
ITC4B,ACT_R,2,Y45-54,2024,74.109665,
ITC4B,ACT_R,2,Y45-54,2025,74.52872,
ITC4B,ACT_R,2,Y55-64,2018,48.036823,
ITC4B,ACT_R,2,Y55-64,2019,53.32143,
ITC4B,ACT_R,2,Y55-64,2020,53.497449,
ITC4B,ACT_R,2,Y55-64,2021,45.141423,
ITC4B,ACT_R,2,Y55-64,2022,49.411041,
ITC4B,ACT_R,2,Y55-64,2023,57.142395,
ITC4B,ACT_R,2,Y55-64,2024,56.92489,
ITC4B,ACT_R,2,Y55-64,2025,50.755031,
ITC4B,ACT_R,9,Y15-24,2018,30.619866,
ITC4B,ACT_R,9,Y15-24,2019,33.292282,
ITC4B,ACT_R,9,Y15-24,2020,29.988387,
ITC4B,ACT_R,9,Y15-24,2021,26.903662,
ITC4B,ACT_R,9,Y15-24,2022,28.505043,
ITC4B,ACT_R,9,Y15-24,2023,29.801926,
ITC4B,ACT_R,9,Y15-24,2024,32.763591,
ITC4B,ACT_R,9,Y15-24,2025,35.097923,
ITC4B,ACT_R,9,Y15-64,2018,71.075041,
ITC4B,ACT_R,9,Y15-64,2019,72.915886,
ITC4B,ACT_R,9,Y15-64,2020,69.255317,
ITC4B,ACT_R,9,Y15-64,2021,69.203133,
ITC4B,ACT_R,9,Y15-64,2022,72.67544,
ITC4B,ACT_R,9,Y15-64,2023,72.378229,
ITC4B,ACT_R,9,Y15-64,2024,71.544598,
ITC4B,ACT_R,9,Y15-64,2025,71.573513,
ITC4B,ACT_R,9,Y15-89,2018,54.574628,
ITC4B,ACT_R,9,Y15-89,2019,55.922157,
ITC4B,ACT_R,9,Y15-89,2020,53.518767,
ITC4B,ACT_R,9,Y15-89,2021,52.97818,
ITC4B,ACT_R,9,Y15-89,2022,55.148378,
ITC4B,ACT_R,9,Y15-89,2023,54.956928,
ITC4B,ACT_R,9,Y15-89,2024,54.375896,
ITC4B,ACT_R,9,Y15-89,2025,54.513512,
ITC4B,ACT_R,9,Y18-29,2018,57.724722,
ITC4B,ACT_R,9,Y18-29,2019,59.21076,
ITC4B,ACT_R,9,Y18-29,2020,55.682847,
ITC4B,ACT_R,9,Y18-29,2021,54.885457,
ITC4B,ACT_R,9,Y18-29,2022,58.324044,
ITC4B,ACT_R,9,Y18-29,2023,61.626377,
ITC4B,ACT_R,9,Y18-29,2024,60.55959,
ITC4B,ACT_R,9,Y18-29,2025,60.48525,
ITC4B,ACT_R,9,Y25-34,2018,78.957454,
ITC4B,ACT_R,9,Y25-34,2019,82.586954,
ITC4B,ACT_R,9,Y25-34,2020,77.893322,
ITC4B,ACT_R,9,Y25-34,2021,79.267233,
ITC4B,ACT_R,9,Y25-34,2022,83.593539,
ITC4B,ACT_R,9,Y25-34,2023,85.401728,
ITC4B,ACT_R,9,Y25-34,2024,79.812786,
ITC4B,ACT_R,9,Y25-34,2025,80.441994,
ITC4B,ACT_R,9,Y35-44,2018,87.099585,
ITC4B,ACT_R,9,Y35-44,2019,87.991191,
ITC4B,ACT_R,9,Y35-44,2020,85.197592,
ITC4B,ACT_R,9,Y35-44,2021,87.809291,
ITC4B,ACT_R,9,Y35-44,2022,90.21324,
ITC4B,ACT_R,9,Y35-44,2023,89.774101,
ITC4B,ACT_R,9,Y35-44,2024,88.587942,
ITC4B,ACT_R,9,Y35-44,2025,87.793548,
ITC4B,ACT_R,9,Y35-49,2018,88.500545,
ITC4B,ACT_R,9,Y35-49,2019,88.369856,
ITC4B,ACT_R,9,Y35-49,2020,84.761275,
ITC4B,ACT_R,9,Y35-49,2021,87.437192,
ITC4B,ACT_R,9,Y35-49,2022,89.125689,
ITC4B,ACT_R,9,Y35-49,2023,89.917436,
ITC4B,ACT_R,9,Y35-49,2024,88.287137,
ITC4B,ACT_R,9,Y35-49,2025,87.716414,
ITC4B,ACT_R,9,Y45-54,2018,84.25294,
ITC4B,ACT_R,9,Y45-54,2019,85.926023,
ITC4B,ACT_R,9,Y45-54,2020,82.415441,
ITC4B,ACT_R,9,Y45-54,2021,84.783346,
ITC4B,ACT_R,9,Y45-54,2022,88.880182,
ITC4B,ACT_R,9,Y45-54,2023,85.858586,
ITC4B,ACT_R,9,Y45-54,2024,84.493014,
ITC4B,ACT_R,9,Y45-54,2025,85.857336,
ITC4B,ACT_R,9,Y55-64,2018,57.733674,
ITC4B,ACT_R,9,Y55-64,2019,59.436673,
ITC4B,ACT_R,9,Y55-64,2020,58.891721,
ITC4B,ACT_R,9,Y55-64,2021,55.051326,
ITC4B,ACT_R,9,Y55-64,2022,61.496605,
ITC4B,ACT_R,9,Y55-64,2023,63.168526,
ITC4B,ACT_R,9,Y55-64,2024,63.925721,
ITC4B,ACT_R,9,Y55-64,2025,61.928137,
