REF_AREA,DATA_TYPE,SEX,AGE,TIME_PERIOD,OBS_VALUE,OBS_STATUS
IT,INAC_R,1,Y15-24,2018,70.262283,
IT,INAC_R,1,Y15-24,2019,70.430299,
IT,INAC_R,1,Y15-24,2020,71.765857,
IT,INAC_R,1,Y15-24,2021,70.605265,
IT,INAC_R,1,Y15-24,2022,69.878645,
IT,INAC_R,1,Y15-24,2023,69.176451,
IT,INAC_R,1,Y15-24,2024,70.302537,
IT,INAC_R,1,Y15-24,2025,73.635326,
IT,INAC_R,1,Y15-64,2018,24.98683,
IT,INAC_R,1,Y15-64,2019,25.072434,
IT,INAC_R,1,Y15-64,2020,27.052602,
IT,INAC_R,1,Y15-64,2021,26.387901,
IT,INAC_R,1,Y15-64,2022,25.371604,
IT,INAC_R,1,Y15-64,2023,24.320881,
IT,INAC_R,1,Y15-64,2024,24.372905,
IT,INAC_R,1,Y15-64,2025,24.379465,
IT,INAC_R,1,Y18-29,2018,44.095472,
IT,INAC_R,1,Y18-29,2019,44.177939,
IT,INAC_R,1,Y18-29,2020,46.525691,
IT,INAC_R,1,Y18-29,2021,44.330163,
IT,INAC_R,1,Y18-29,2022,43.069484,
IT,INAC_R,1,Y18-29,2023,41.770694,
IT,INAC_R,1,Y18-29,2024,43.484739,
IT,INAC_R,1,Y18-29,2025,46.416832,
IT,INAC_R,1,Y25-34,2018,18.299462,
IT,INAC_R,1,Y25-34,2019,18.185495,
IT,INAC_R,1,Y25-34,2020,21.100041,
IT,INAC_R,1,Y25-34,2021,18.34746,
IT,INAC_R,1,Y25-34,2022,17.014636,
IT,INAC_R,1,Y25-34,2023,15.654183,
IT,INAC_R,1,Y25-34,2024,16.841756,
IT,INAC_R,1,Y25-34,2025,16.840861,
IT,INAC_R,1,Y35-44,2018,8.754744,
IT,INAC_R,1,Y35-44,2019,8.465715,
IT,INAC_R,1,Y35-44,2020,10.498468,
IT,INAC_R,1,Y35-44,2021,10.020722,
IT,INAC_R,1,Y35-44,2022,8.94992,
IT,INAC_R,1,Y35-44,2023,7.901373,
IT,INAC_R,1,Y35-44,2024,8.317658,
IT,INAC_R,1,Y35-44,2025,7.530172,
IT,INAC_R,1,Y35-49,2018,8.796036,
IT,INAC_R,1,Y35-49,2019,8.656787,
IT,INAC_R,1,Y35-49,2020,10.583603,
IT,INAC_R,1,Y35-49,2021,9.960933,
IT,INAC_R,1,Y35-49,2022,8.806899,
IT,INAC_R,1,Y35-49,2023,8.174443,
IT,INAC_R,1,Y35-49,2024,8.170087,
IT,INAC_R,1,Y35-49,2025,7.661611,
IT,INAC_R,1,Y45-54,2018,9.549329,
IT,INAC_R,1,Y45-54,2019,9.637844,
IT,INAC_R,1,Y45-54,2020,11.134527,
IT,INAC_R,1,Y45-54,2021,10.89088,
IT,INAC_R,1,Y45-54,2022,9.568735,
IT,INAC_R,1,Y45-54,2023,9.134053,
IT,INAC_R,1,Y45-54,2024,8.758083,
IT,INAC_R,1,Y45-54,2025,8.413716,
IT,INAC_R,1,Y55-64,2018,31.72752,
IT,INAC_R,1,Y55-64,2019,31.669524,
IT,INAC_R,1,Y55-64,2020,33.078511,
IT,INAC_R,1,Y55-64,2021,32.819182,
IT,INAC_R,1,Y55-64,2022,31.350209,
IT,INAC_R,1,Y55-64,2023,28.983102,
IT,INAC_R,1,Y55-64,2024,27.301463,
IT,INAC_R,1,Y55-64,2025,25.472569,
IT,INAC_R,1,Y_GE15,2018,40.837997,
IT,INAC_R,1,Y_GE15,2019,41.03203,
IT,INAC_R,1,Y_GE15,2020,42.839399,
IT,INAC_R,1,Y_GE15,2021,42.363923,
IT,INAC_R,1,Y_GE15,2022,41.917252,
IT,INAC_R,1,Y_GE15,2023,41.23048,
IT,INAC_R,1,Y_GE15,2024,41.284833,
IT,INAC_R,1,Y_GE15,2025,41.295093,
IT,INAC_R,2,Y15-24,2018,78.115843,
IT,INAC_R,2,Y15-24,2019,77.990955,
IT,INAC_R,2,Y15-24,2020,81.190728,
IT,INAC_R,2,Y15-24,2021,79.865792,
IT,INAC_R,2,Y15-24,2022,78.471285,
IT,INAC_R,2,Y15-24,2023,78.360329,
IT,INAC_R,2,Y15-24,2024,80.581465,
IT,INAC_R,2,Y15-24,2025,81.502119,
IT,INAC_R,2,Y15-64,2018,43.77606,
IT,INAC_R,2,Y15-64,2019,43.484972,
IT,INAC_R,2,Y15-64,2020,45.852529,
IT,INAC_R,2,Y15-64,2021,44.608127,
IT,INAC_R,2,Y15-64,2022,43.550195,
IT,INAC_R,2,Y15-64,2023,42.347518,
IT,INAC_R,2,Y15-64,2024,42.448325,
IT,INAC_R,2,Y15-64,2025,42.243649,
IT,INAC_R,2,Y18-29,2018,55.81561,
IT,INAC_R,2,Y18-29,2019,55.763938,
IT,INAC_R,2,Y18-29,2020,59.985473,
IT,INAC_R,2,Y18-29,2021,57.47626,
IT,INAC_R,2,Y18-29,2022,55.374339,
IT,INAC_R,2,Y18-29,2023,55.534944,
IT,INAC_R,2,Y18-29,2024,57.136662,
IT,INAC_R,2,Y18-29,2025,58.353049,
IT,INAC_R,2,Y25-34,2018,34.883594,
IT,INAC_R,2,Y25-34,2019,34.898752,
IT,INAC_R,2,Y25-34,2020,38.653402,
IT,INAC_R,2,Y25-34,2021,36.105541,
IT,INAC_R,2,Y25-34,2022,34.047462,
IT,INAC_R,2,Y25-34,2023,32.79997,
IT,INAC_R,2,Y25-34,2024,32.400373,
IT,INAC_R,2,Y25-34,2025,33.091644,
IT,INAC_R,2,Y35-44,2018,29.251178,
IT,INAC_R,2,Y35-44,2019,29.657199,
IT,INAC_R,2,Y35-44,2020,31.808784,
IT,INAC_R,2,Y35-44,2021,30.745251,
IT,INAC_R,2,Y35-44,2022,29.545124,
IT,INAC_R,2,Y35-44,2023,28.104365,
IT,INAC_R,2,Y35-44,2024,28.877145,
IT,INAC_R,2,Y35-44,2025,29.309878,
IT,INAC_R,2,Y35-49,2018,29.88976,
IT,INAC_R,2,Y35-49,2019,29.682967,
IT,INAC_R,2,Y35-49,2020,32.068399,
IT,INAC_R,2,Y35-49,2021,30.635996,
IT,INAC_R,2,Y35-49,2022,29.446193,
IT,INAC_R,2,Y35-49,2023,27.900645,
IT,INAC_R,2,Y35-49,2024,28.030235,
IT,INAC_R,2,Y35-49,2025,28.316003,
IT,INAC_R,2,Y45-54,2018,33.480013,
IT,INAC_R,2,Y45-54,2019,32.186579,
IT,INAC_R,2,Y45-54,2020,34.016342,
IT,INAC_R,2,Y45-54,2021,32.142798,
IT,INAC_R,2,Y45-54,2022,31.256397,
IT,INAC_R,2,Y45-54,2023,29.748214,
IT,INAC_R,2,Y45-54,2024,29.044699,
IT,INAC_R,2,Y45-54,2025,28.716877,
IT,INAC_R,2,Y55-64,2018,54.102294,
IT,INAC_R,2,Y55-64,2019,53.231895,
IT,INAC_R,2,Y55-64,2020,54.030182,
IT,INAC_R,2,Y55-64,2021,53.490611,
IT,INAC_R,2,Y55-64,2022,52.446011,
IT,INAC_R,2,Y55-64,2023,50.387793,
IT,INAC_R,2,Y55-64,2024,49.529041,
IT,INAC_R,2,Y55-64,2025,47.186391,
IT,INAC_R,2,Y_GE15,2018,58.961951,
IT,INAC_R,2,Y_GE15,2019,58.804124,
IT,INAC_R,2,Y_GE15,2020,60.626282,
IT,INAC_R,2,Y_GE15,2021,59.890671,
IT,INAC_R,2,Y_GE15,2022,59.309204,
IT,INAC_R,2,Y_GE15,2023,58.496739,
IT,INAC_R,2,Y_GE15,2024,58.518858,
IT,INAC_R,2,Y_GE15,2025,58.40715,
IT,INAC_R,9,Y15-24,2018,74.050294,
IT,INAC_R,9,Y15-24,2019,74.078518,
IT,INAC_R,9,Y15-24,2020,76.318613,
IT,INAC_R,9,Y15-24,2021,75.076291,
IT,INAC_R,9,Y15-24,2022,74.025879,
IT,INAC_R,9,Y15-24,2023,73.610094,
IT,INAC_R,9,Y15-24,2024,75.259696,
IT,INAC_R,9,Y15-24,2025,77.422152,
IT,INAC_R,9,Y15-64,2018,34.41626,
IT,INAC_R,9,Y15-64,2019,34.306538,
IT,INAC_R,9,Y15-64,2020,36.479551,
IT,INAC_R,9,Y15-64,2021,35.517794,
IT,INAC_R,9,Y15-64,2022,34.467278,
IT,INAC_R,9,Y15-64,2023,33.321629,
IT,INAC_R,9,Y15-64,2024,33.392725,
IT,INAC_R,9,Y15-64,2025,33.277061,
IT,INAC_R,9,Y18-29,2018,49.796798,
IT,INAC_R,9,Y18-29,2019,49.807065,
IT,INAC_R,9,Y18-29,2020,53.06538,
IT,INAC_R,9,Y18-29,2021,50.706661,
IT,INAC_R,9,Y18-29,2022,49.026172,
IT,INAC_R,9,Y18-29,2023,48.422094,
IT,INAC_R,9,Y18-29,2024,50.062743,
IT,INAC_R,9,Y18-29,2025,52.144737,
IT,INAC_R,9,Y25-34,2018,26.515302,
IT,INAC_R,9,Y25-34,2019,26.447886,
IT,INAC_R,9,Y25-34,2020,29.767928,
IT,INAC_R,9,Y25-34,2021,27.09313,
IT,INAC_R,9,Y25-34,2022,25.375313,
IT,INAC_R,9,Y25-34,2023,24.035875,
IT,INAC_R,9,Y25-34,2024,24.421263,
IT,INAC_R,9,Y25-34,2025,24.710333,
IT,INAC_R,9,Y35-44,2018,19.029816,
IT,INAC_R,9,Y35-44,2019,19.078083,
IT,INAC_R,9,Y35-44,2020,21.169703,
IT,INAC_R,9,Y35-44,2021,20.397008,
IT,INAC_R,9,Y35-44,2022,19.24971,
IT,INAC_R,9,Y35-44,2023,17.983226,
IT,INAC_R,9,Y35-44,2024,18.56998,
IT,INAC_R,9,Y35-44,2025,18.368243,
IT,INAC_R,9,Y35-49,2018,19.398458,
IT,INAC_R,9,Y35-49,2019,19.216009,
IT,INAC_R,9,Y35-49,2020,21.371806,
IT,INAC_R,9,Y35-49,2021,20.341026,
IT,INAC_R,9,Y35-49,2022,19.157596,
IT,INAC_R,9,Y35-49,2023,18.048659,
IT,INAC_R,9,Y35-49,2024,18.10759,
IT,INAC_R,9,Y35-49,2025,17.980988,
IT,INAC_R,9,Y45-54,2018,21.666449,
IT,INAC_R,9,Y45-54,2019,21.04729,
IT,INAC_R,9,Y45-54,2020,22.711601,
IT,INAC_R,9,Y45-54,2021,21.642015,
IT,INAC_R,9,Y45-54,2022,20.528594,
IT,INAC_R,9,Y45-54,2023,19.53334,
IT,INAC_R,9,Y45-54,2024,18.997061,
IT,INAC_R,9,Y45-54,2025,18.656012,
IT,INAC_R,9,Y55-64,2018,43.280463,
IT,INAC_R,9,Y55-64,2019,42.794054,
IT,INAC_R,9,Y55-64,2020,43.874449,
IT,INAC_R,9,Y55-64,2021,43.458508,
IT,INAC_R,9,Y55-64,2022,42.185552,
IT,INAC_R,9,Y55-64,2023,39.944468,
IT,INAC_R,9,Y55-64,2024,38.690707,
IT,INAC_R,9,Y55-64,2025,36.591657,
IT,INAC_R,9,Y_GE15,2018,50.224307,
IT,INAC_R,9,Y_GE15,2019,50.228815,
IT,INAC_R,9,Y_GE15,2020,52.041265,
IT,INAC_R,9,Y_GE15,2021,51.426873,
IT,INAC_R,9,Y_GE15,2022,50.899711,
IT,INAC_R,9,Y_GE15,2023,50.128321,
IT,INAC_R,9,Y_GE15,2024,50.161456,
IT,INAC_R,9,Y_GE15,2025,50.094475,
IT108,INAC_R,1,Y15-24,2018,71.170381,
IT108,INAC_R,1,Y15-24,2019,71.589874,
IT108,INAC_R,1,Y15-24,2020,78.24838,
IT108,INAC_R,1,Y15-24,2021,75.435185,
IT108,INAC_R,1,Y15-24,2022,70.143112,
IT108,INAC_R,1,Y15-24,2023,76.992883,
IT108,INAC_R,1,Y15-24,2024,78.62809,
IT108,INAC_R,1,Y15-24,2025,75.102494,
IT108,INAC_R,1,Y15-64,2018,20.220445,
IT108,INAC_R,1,Y15-64,2019,19.181972,
IT108,INAC_R,1,Y15-64,2020,23.744421,
IT108,INAC_R,1,Y15-64,2021,23.21796,
IT108,INAC_R,1,Y15-64,2022,21.045392,
IT108,INAC_R,1,Y15-64,2023,22.027621,
IT108,INAC_R,1,Y15-64,2024,21.366283,
IT108,INAC_R,1,Y15-64,2025,24.141782,
IT108,INAC_R,1,Y18-29,2018,41.322729,
IT108,INAC_R,1,Y18-29,2019,39.827059,
IT108,INAC_R,1,Y18-29,2020,47.086558,
IT108,INAC_R,1,Y18-29,2021,45.435545,
IT108,INAC_R,1,Y18-29,2022,41.90072,
IT108,INAC_R,1,Y18-29,2023,46.003144,
IT108,INAC_R,1,Y18-29,2024,46.32232,
IT108,INAC_R,1,Y18-29,2025,50.4366,
IT108,INAC_R,1,Y25-34,2018,12.504159,
IT108,INAC_R,1,Y25-34,2019,8.071892,
IT108,INAC_R,1,Y25-34,2020,13.234348,
IT108,INAC_R,1,Y25-34,2021,10.179789,
IT108,INAC_R,1,Y25-34,2022,14.000045,
IT108,INAC_R,1,Y25-34,2023,9.274555,
IT108,INAC_R,1,Y25-34,2024,7.542915,
IT108,INAC_R,1,Y25-34,2025,15.758616,
IT108,INAC_R,1,Y35-44,2018,4.257917,
IT108,INAC_R,1,Y35-44,2019,3.39593,
IT108,INAC_R,1,Y35-44,2020,4.645378,
IT108,INAC_R,1,Y35-44,2021,4.456304,
IT108,INAC_R,1,Y35-44,2022,3.674011,
IT108,INAC_R,1,Y35-44,2023,1.238543,
IT108,INAC_R,1,Y35-44,2024,0.769492,
IT108,INAC_R,1,Y35-49,2018,4.296841,
IT108,INAC_R,1,Y35-49,2019,3.281297,
IT108,INAC_R,1,Y35-49,2020,5.422613,
IT108,INAC_R,1,Y35-49,2021,5.6193,
IT108,INAC_R,1,Y35-49,2022,3.71545,
IT108,INAC_R,1,Y35-49,2023,2.19088,
IT108,INAC_R,1,Y35-49,2024,0.880659,
IT108,INAC_R,1,Y35-49,2025,0.342125,
IT108,INAC_R,1,Y45-54,2018,4.209596,
IT108,INAC_R,1,Y45-54,2019,4.372098,
IT108,INAC_R,1,Y45-54,2020,4.835432,
IT108,INAC_R,1,Y45-54,2021,6.207367,
IT108,INAC_R,1,Y45-54,2022,4.43478,
IT108,INAC_R,1,Y45-54,2023,6.62321,
IT108,INAC_R,1,Y45-54,2024,2.310996,
IT108,INAC_R,1,Y45-54,2025,1.015835,
IT108,INAC_R,1,Y55-64,2018,30.473412,
IT108,INAC_R,1,Y55-64,2019,25.000864,
IT108,INAC_R,1,Y55-64,2020,33.228042,
IT108,INAC_R,1,Y55-64,2021,34.505829,
IT108,INAC_R,1,Y55-64,2022,27.255902,
IT108,INAC_R,1,Y55-64,2023,26.485182,
IT108,INAC_R,1,Y55-64,2024,29.547111,
IT108,INAC_R,1,Y55-64,2025,30.998327,
IT108,INAC_R,1,Y_GE15,2018,36.769819,
IT108,INAC_R,1,Y_GE15,2019,36.004586,
IT108,INAC_R,1,Y_GE15,2020,40.17513,
IT108,INAC_R,1,Y_GE15,2021,39.780966,
IT108,INAC_R,1,Y_GE15,2022,38.569845,
IT108,INAC_R,1,Y_GE15,2023,39.45663,
IT108,INAC_R,1,Y_GE15,2024,39.166437,
IT108,INAC_R,1,Y_GE15,2025,41.934185,
IT108,INAC_R,2,Y15-24,2018,83.780873,
IT108,INAC_R,2,Y15-24,2019,83.423167,
IT108,INAC_R,2,Y15-24,2020,78.750254,
IT108,INAC_R,2,Y15-24,2021,74.996986,
IT108,INAC_R,2,Y15-24,2022,78.752071,
IT108,INAC_R,2,Y15-24,2023,76.869153,
IT108,INAC_R,2,Y15-24,2024,81.318555,
IT108,INAC_R,2,Y15-24,2025,82.060252,
IT108,INAC_R,2,Y15-64,2018,36.16844,
IT108,INAC_R,2,Y15-64,2019,33.929351,
IT108,INAC_R,2,Y15-64,2020,33.938962,
IT108,INAC_R,2,Y15-64,2021,31.751749,
IT108,INAC_R,2,Y15-64,2022,33.476548,
IT108,INAC_R,2,Y15-64,2023,31.308532,
IT108,INAC_R,2,Y15-64,2024,32.214058,
IT108,INAC_R,2,Y15-64,2025,35.278592,
IT108,INAC_R,2,Y18-29,2018,56.705436,
IT108,INAC_R,2,Y18-29,2019,57.080409,
IT108,INAC_R,2,Y18-29,2020,51.160835,
IT108,INAC_R,2,Y18-29,2021,47.892671,
IT108,INAC_R,2,Y18-29,2022,48.531878,
IT108,INAC_R,2,Y18-29,2023,48.42152,
IT108,INAC_R,2,Y18-29,2024,48.211704,
IT108,INAC_R,2,Y18-29,2025,53.111582,
IT108,INAC_R,2,Y25-34,2018,22.858963,
IT108,INAC_R,2,Y25-34,2019,24.689938,
IT108,INAC_R,2,Y25-34,2020,23.917947,
IT108,INAC_R,2,Y25-34,2021,28.114222,
IT108,INAC_R,2,Y25-34,2022,20.122026,
IT108,INAC_R,2,Y25-34,2023,18.63535,
IT108,INAC_R,2,Y25-34,2024,18.304262,
IT108,INAC_R,2,Y25-34,2025,25.21185,
IT108,INAC_R,2,Y35-44,2018,16.028252,
IT108,INAC_R,2,Y35-44,2019,17.039708,
IT108,INAC_R,2,Y35-44,2020,17.01772,
IT108,INAC_R,2,Y35-44,2021,9.8236,
IT108,INAC_R,2,Y35-44,2022,17.46512,
IT108,INAC_R,2,Y35-44,2023,14.892652,
IT108,INAC_R,2,Y35-44,2024,16.983494,
IT108,INAC_R,2,Y35-44,2025,21.308326,
IT108,INAC_R,2,Y35-49,2018,15.199671,
IT108,INAC_R,2,Y35-49,2019,15.007983,
IT108,INAC_R,2,Y35-49,2020,17.483048,
IT108,INAC_R,2,Y35-49,2021,11.634642,
IT108,INAC_R,2,Y35-49,2022,17.883244,
IT108,INAC_R,2,Y35-49,2023,15.186391,
IT108,INAC_R,2,Y35-49,2024,14.349005,
IT108,INAC_R,2,Y35-49,2025,20.232861,
IT108,INAC_R,2,Y45-54,2018,19.427286,
IT108,INAC_R,2,Y45-54,2019,17.207992,
IT108,INAC_R,2,Y45-54,2020,19.754972,
IT108,INAC_R,2,Y45-54,2021,19.210827,
IT108,INAC_R,2,Y45-54,2022,21.213678,
IT108,INAC_R,2,Y45-54,2023,15.850474,
IT108,INAC_R,2,Y45-54,2024,13.466945,
IT108,INAC_R,2,Y45-54,2025,17.487994,
IT108,INAC_R,2,Y55-64,2018,54.174537,
IT108,INAC_R,2,Y55-64,2019,43.967412,
IT108,INAC_R,2,Y55-64,2020,42.651676,
IT108,INAC_R,2,Y55-64,2021,39.818159,
IT108,INAC_R,2,Y55-64,2022,40.989433,
IT108,INAC_R,2,Y55-64,2023,40.254386,
IT108,INAC_R,2,Y55-64,2024,41.04782,
IT108,INAC_R,2,Y55-64,2025,43.796535,
IT108,INAC_R,2,Y_GE15,2018,52.960776,
IT108,INAC_R,2,Y_GE15,2019,51.805974,
IT108,INAC_R,2,Y_GE15,2020,52.144018,
IT108,INAC_R,2,Y_GE15,2021,50.469539,
IT108,INAC_R,2,Y_GE15,2022,51.49779,
IT108,INAC_R,2,Y_GE15,2023,49.998323,
IT108,INAC_R,2,Y_GE15,2024,51.073076,
IT108,INAC_R,2,Y_GE15,2025,53.366975,
IT108,INAC_R,9,Y15-24,2018,77.550591,
IT108,INAC_R,9,Y15-24,2019,77.387881,
IT108,INAC_R,9,Y15-24,2020,78.488443,
IT108,INAC_R,9,Y15-24,2021,75.217916,
IT108,INAC_R,9,Y15-24,2022,74.310617,
IT108,INAC_R,9,Y15-24,2023,76.933912,
IT108,INAC_R,9,Y15-24,2024,79.974837,
IT108,INAC_R,9,Y15-24,2025,78.136209,
IT108,INAC_R,9,Y15-64,2018,28.168935,
IT108,INAC_R,9,Y15-64,2019,26.528518,
IT108,INAC_R,9,Y15-64,2020,28.821685,
IT108,INAC_R,9,Y15-64,2021,27.463873,
IT108,INAC_R,9,Y15-64,2022,27.221431,
IT108,INAC_R,9,Y15-64,2023,26.63974,
IT108,INAC_R,9,Y15-64,2024,26.756594,
IT108,INAC_R,9,Y15-64,2025,29.664205,
IT108,INAC_R,9,Y18-29,2018,48.58677,
IT108,INAC_R,9,Y18-29,2019,48.12591,
IT108,INAC_R,9,Y18-29,2020,49.079872,
IT108,INAC_R,9,Y18-29,2021,46.575288,
IT108,INAC_R,9,Y18-29,2022,45.16315,
IT108,INAC_R,9,Y18-29,2023,47.180531,
IT108,INAC_R,9,Y18-29,2024,47.186286,
IT108,INAC_R,9,Y18-29,2025,51.729116,
IT108,INAC_R,9,Y25-34,2018,17.700194,
IT108,INAC_R,9,Y25-34,2019,16.438652,
IT108,INAC_R,9,Y25-34,2020,18.614007,
IT108,INAC_R,9,Y25-34,2021,18.232334,
IT108,INAC_R,9,Y25-34,2022,16.931635,
IT108,INAC_R,9,Y25-34,2023,14.173192,
IT108,INAC_R,9,Y25-34,2024,12.622144,
IT108,INAC_R,9,Y25-34,2025,20.584565,
IT108,INAC_R,9,Y35-44,2018,9.906804,
IT108,INAC_R,9,Y35-44,2019,10.148292,
IT108,INAC_R,9,Y35-44,2020,10.976914,
IT108,INAC_R,9,Y35-44,2021,7.297768,
IT108,INAC_R,9,Y35-44,2022,10.675977,
IT108,INAC_R,9,Y35-44,2023,7.524115,
IT108,INAC_R,9,Y35-44,2024,8.570211,
IT108,INAC_R,9,Y35-44,2025,10.462325,
IT108,INAC_R,9,Y35-49,2018,9.593356,
IT108,INAC_R,9,Y35-49,2019,9.03804,
IT108,INAC_R,9,Y35-49,2020,11.387414,
IT108,INAC_R,9,Y35-49,2021,8.712929,
IT108,INAC_R,9,Y35-49,2022,10.861492,
IT108,INAC_R,9,Y35-49,2023,8.529885,
IT108,INAC_R,9,Y35-49,2024,7.62947,
IT108,INAC_R,9,Y35-49,2025,10.503665,
IT108,INAC_R,9,Y45-54,2018,11.672717,
IT108,INAC_R,9,Y45-54,2019,10.67897,
IT108,INAC_R,9,Y45-54,2020,11.885613,
IT108,INAC_R,9,Y45-54,2021,12.531175,
IT108,INAC_R,9,Y45-54,2022,12.667781,
IT108,INAC_R,9,Y45-54,2023,11.330972,
IT108,INAC_R,9,Y45-54,2024,8.179582,
IT108,INAC_R,9,Y45-54,2025,10.004173,
IT108,INAC_R,9,Y55-64,2018,42.830157,
IT108,INAC_R,9,Y55-64,2019,34.695895,
IT108,INAC_R,9,Y55-64,2020,38.113367,
IT108,INAC_R,9,Y55-64,2021,37.257194,
IT108,INAC_R,9,Y55-64,2022,34.339789,
IT108,INAC_R,9,Y55-64,2023,33.476608,
IT108,INAC_R,9,Y55-64,2024,35.228489,
IT108,INAC_R,9,Y55-64,2025,37.22153,
IT108,INAC_R,9,Y_GE15,2018,45.098569,
IT108,INAC_R,9,Y_GE15,2019,44.128134,
IT108,INAC_R,9,Y_GE15,2020,46.328741,
IT108,INAC_R,9,Y_GE15,2021,45.275362,
IT108,INAC_R,9,Y_GE15,2022,45.210696,
IT108,INAC_R,9,Y_GE15,2023,44.867765,
IT108,INAC_R,9,Y_GE15,2024,45.276818,
IT108,INAC_R,9,Y_GE15,2025,47.792083,
ITC4,INAC_R,1,Y15-24,2018,65.959685,
ITC4,INAC_R,1,Y15-24,2019,66.828865,
ITC4,INAC_R,1,Y15-24,2020,70.737638,
ITC4,INAC_R,1,Y15-24,2021,67.783578,
ITC4,INAC_R,1,Y15-24,2022,66.263666,
ITC4,INAC_R,1,Y15-24,2023,66.980707,
ITC4,INAC_R,1,Y15-24,2024,67.810572,
ITC4,INAC_R,1,Y15-24,2025,71.046031,
ITC4,INAC_R,1,Y15-64,2018,20.21532,
ITC4,INAC_R,1,Y15-64,2019,20.024596,
ITC4,INAC_R,1,Y15-64,2020,22.922864,
ITC4,INAC_R,1,Y15-64,2021,22.34993,
ITC4,INAC_R,1,Y15-64,2022,21.130709,
ITC4,INAC_R,1,Y15-64,2023,20.81892,
ITC4,INAC_R,1,Y15-64,2024,21.113662,
ITC4,INAC_R,1,Y15-64,2025,21.150746,
ITC4,INAC_R,1,Y18-29,2018,36.270941,
ITC4,INAC_R,1,Y18-29,2019,36.976121,
ITC4,INAC_R,1,Y18-29,2020,42.094228,
ITC4,INAC_R,1,Y18-29,2021,38.296492,
ITC4,INAC_R,1,Y18-29,2022,36.580902,
ITC4,INAC_R,1,Y18-29,2023,37.018565,
ITC4,INAC_R,1,Y18-29,2024,38.140365,
ITC4,INAC_R,1,Y18-29,2025,41.219951,
ITC4,INAC_R,1,Y25-34,2018,9.934469,
ITC4,INAC_R,1,Y25-34,2019,9.566589,
ITC4,INAC_R,1,Y25-34,2020,13.06526,
ITC4,INAC_R,1,Y25-34,2021,10.776936,
ITC4,INAC_R,1,Y25-34,2022,9.666916,
ITC4,INAC_R,1,Y25-34,2023,9.717395,
ITC4,INAC_R,1,Y25-34,2024,10.721316,
ITC4,INAC_R,1,Y25-34,2025,10.789191,
ITC4,INAC_R,1,Y35-44,2018,3.685572,
ITC4,INAC_R,1,Y35-44,2019,3.606864,
ITC4,INAC_R,1,Y35-44,2020,5.32152,
ITC4,INAC_R,1,Y35-44,2021,4.85252,
ITC4,INAC_R,1,Y35-44,2022,3.810599,
ITC4,INAC_R,1,Y35-44,2023,3.86691,
ITC4,INAC_R,1,Y35-44,2024,3.683048,
ITC4,INAC_R,1,Y35-44,2025,3.618809,
ITC4,INAC_R,1,Y35-49,2018,3.982595,
ITC4,INAC_R,1,Y35-49,2019,3.755281,
ITC4,INAC_R,1,Y35-49,2020,5.852081,
ITC4,INAC_R,1,Y35-49,2021,5.193628,
ITC4,INAC_R,1,Y35-49,2022,3.789548,
ITC4,INAC_R,1,Y35-49,2023,4.16919,
ITC4,INAC_R,1,Y35-49,2024,3.811998,
ITC4,INAC_R,1,Y35-49,2025,3.401611,
ITC4,INAC_R,1,Y45-54,2018,5.208764,
ITC4,INAC_R,1,Y45-54,2019,4.54773,
ITC4,INAC_R,1,Y45-54,2020,6.795722,
ITC4,INAC_R,1,Y45-54,2021,6.098588,
ITC4,INAC_R,1,Y45-54,2022,4.573235,
ITC4,INAC_R,1,Y45-54,2023,5.271269,
ITC4,INAC_R,1,Y45-54,2024,4.774594,
ITC4,INAC_R,1,Y45-54,2025,3.755352,
ITC4,INAC_R,1,Y55-64,2018,32.524499,
ITC4,INAC_R,1,Y55-64,2019,30.969017,
ITC4,INAC_R,1,Y55-64,2020,33.295369,
ITC4,INAC_R,1,Y55-64,2021,34.313827,
ITC4,INAC_R,1,Y55-64,2022,32.096064,
ITC4,INAC_R,1,Y55-64,2023,28.301591,
ITC4,INAC_R,1,Y55-64,2024,28.484908,
ITC4,INAC_R,1,Y55-64,2025,26.603805,
ITC4,INAC_R,1,Y_GE15,2018,36.835473,
ITC4,INAC_R,1,Y_GE15,2019,36.736979,
ITC4,INAC_R,1,Y_GE15,2020,39.129228,
ITC4,INAC_R,1,Y_GE15,2021,38.648348,
ITC4,INAC_R,1,Y_GE15,2022,38.105774,
ITC4,INAC_R,1,Y_GE15,2023,37.960288,
ITC4,INAC_R,1,Y_GE15,2024,38.140729,
ITC4,INAC_R,1,Y_GE15,2025,38.294545,
ITC4,INAC_R,2,Y15-24,2018,76.056777,
ITC4,INAC_R,2,Y15-24,2019,74.402909,
ITC4,INAC_R,2,Y15-24,2020,76.920023,
ITC4,INAC_R,2,Y15-24,2021,77.783915,
ITC4,INAC_R,2,Y15-24,2022,75.086397,
ITC4,INAC_R,2,Y15-24,2023,73.176922,
ITC4,INAC_R,2,Y15-24,2024,76.572198,
ITC4,INAC_R,2,Y15-24,2025,77.837738,
ITC4,INAC_R,2,Y15-64,2018,35.781743,
ITC4,INAC_R,2,Y15-64,2019,35.145723,
ITC4,INAC_R,2,Y15-64,2020,37.570178,
ITC4,INAC_R,2,Y15-64,2021,36.28202,
ITC4,INAC_R,2,Y15-64,2022,35.557664,
ITC4,INAC_R,2,Y15-64,2023,34.937694,
ITC4,INAC_R,2,Y15-64,2024,34.913272,
ITC4,INAC_R,2,Y15-64,2025,35.643595,
ITC4,INAC_R,2,Y18-29,2018,47.629813,
ITC4,INAC_R,2,Y18-29,2019,48.159685,
ITC4,INAC_R,2,Y18-29,2020,50.474447,
ITC4,INAC_R,2,Y18-29,2021,50.787002,
ITC4,INAC_R,2,Y18-29,2022,47.581924,
ITC4,INAC_R,2,Y18-29,2023,46.533197,
ITC4,INAC_R,2,Y18-29,2024,48.472932,
ITC4,INAC_R,2,Y18-29,2025,51.635392,
ITC4,INAC_R,2,Y25-34,2018,22.773365,
ITC4,INAC_R,2,Y25-34,2019,23.241723,
ITC4,INAC_R,2,Y25-34,2020,25.856427,
ITC4,INAC_R,2,Y25-34,2021,25.392768,
ITC4,INAC_R,2,Y25-34,2022,23.037414,
ITC4,INAC_R,2,Y25-34,2023,22.393124,
ITC4,INAC_R,2,Y25-34,2024,21.444005,
ITC4,INAC_R,2,Y25-34,2025,25.190075,
ITC4,INAC_R,2,Y35-44,2018,20.328975,
ITC4,INAC_R,2,Y35-44,2019,20.28518,
ITC4,INAC_R,2,Y35-44,2020,22.468465,
ITC4,INAC_R,2,Y35-44,2021,20.171255,
ITC4,INAC_R,2,Y35-44,2022,20.085252,
ITC4,INAC_R,2,Y35-44,2023,19.941353,
ITC4,INAC_R,2,Y35-44,2024,19.834126,
ITC4,INAC_R,2,Y35-44,2025,23.018354,
ITC4,INAC_R,2,Y35-49,2018,20.585125,
ITC4,INAC_R,2,Y35-49,2019,19.659431,
ITC4,INAC_R,2,Y35-49,2020,23.100061,
ITC4,INAC_R,2,Y35-49,2021,20.681836,
ITC4,INAC_R,2,Y35-49,2022,19.090355,
ITC4,INAC_R,2,Y35-49,2023,19.280922,
ITC4,INAC_R,2,Y35-49,2024,19.250071,
ITC4,INAC_R,2,Y35-49,2025,21.021237,
ITC4,INAC_R,2,Y45-54,2018,24.061681,
ITC4,INAC_R,2,Y45-54,2019,21.819356,
ITC4,INAC_R,2,Y45-54,2020,24.722244,
ITC4,INAC_R,2,Y45-54,2021,21.895146,
ITC4,INAC_R,2,Y45-54,2022,20.345656,
ITC4,INAC_R,2,Y45-54,2023,21.497076,
ITC4,INAC_R,2,Y45-54,2024,20.949814,
ITC4,INAC_R,2,Y45-54,2025,18.834344,
ITC4,INAC_R,2,Y55-64,2018,49.667605,
ITC4,INAC_R,2,Y55-64,2019,49.076303,
ITC4,INAC_R,2,Y55-64,2020,49.737214,
ITC4,INAC_R,2,Y55-64,2021,47.928481,
ITC4,INAC_R,2,Y55-64,2022,48.758364,
ITC4,INAC_R,2,Y55-64,2023,45.678303,
ITC4,INAC_R,2,Y55-64,2024,44.416833,
ITC4,INAC_R,2,Y55-64,2025,43.068259,
ITC4,INAC_R,2,Y_GE15,2018,53.332517,
ITC4,INAC_R,2,Y_GE15,2019,52.930721,
ITC4,INAC_R,2,Y_GE15,2020,54.655671,
ITC4,INAC_R,2,Y_GE15,2021,53.800063,
ITC4,INAC_R,2,Y_GE15,2022,53.434167,
ITC4,INAC_R,2,Y_GE15,2023,52.921773,
ITC4,INAC_R,2,Y_GE15,2024,52.894442,
ITC4,INAC_R,2,Y_GE15,2025,53.486815,
ITC4,INAC_R,9,Y15-24,2018,70.820749,
ITC4,INAC_R,9,Y15-24,2019,70.47434,
ITC4,INAC_R,9,Y15-24,2020,73.716715,
ITC4,INAC_R,9,Y15-24,2021,72.599538,
ITC4,INAC_R,9,Y15-24,2022,70.509519,
ITC4,INAC_R,9,Y15-24,2023,69.963356,
ITC4,INAC_R,9,Y15-24,2024,72.020817,
ITC4,INAC_R,9,Y15-24,2025,74.299135,
ITC4,INAC_R,9,Y15-64,2018,27.944885,
ITC4,INAC_R,9,Y15-64,2019,27.525857,
ITC4,INAC_R,9,Y15-64,2020,30.188784,
ITC4,INAC_R,9,Y15-64,2021,29.256488,
ITC4,INAC_R,9,Y15-64,2022,28.270008,
ITC4,INAC_R,9,Y15-64,2023,27.796494,
ITC4,INAC_R,9,Y15-64,2024,27.928975,
ITC4,INAC_R,9,Y15-64,2025,28.29347,
ITC4,INAC_R,9,Y18-29,2018,41.796274,
ITC4,INAC_R,9,Y18-29,2019,42.407049,
ITC4,INAC_R,9,Y18-29,2020,46.162397,
ITC4,INAC_R,9,Y18-29,2021,44.346898,
ITC4,INAC_R,9,Y18-29,2022,41.895467,
ITC4,INAC_R,9,Y18-29,2023,41.60831,
ITC4,INAC_R,9,Y18-29,2024,43.10766,
ITC4,INAC_R,9,Y18-29,2025,46.193625,
ITC4,INAC_R,9,Y25-34,2018,16.293811,
ITC4,INAC_R,9,Y25-34,2019,16.322879,
ITC4,INAC_R,9,Y25-34,2020,19.381428,
ITC4,INAC_R,9,Y25-34,2021,17.97784,
ITC4,INAC_R,9,Y25-34,2022,16.229428,
ITC4,INAC_R,9,Y25-34,2023,15.913415,
ITC4,INAC_R,9,Y25-34,2024,15.945939,
ITC4,INAC_R,9,Y25-34,2025,17.762877,
ITC4,INAC_R,9,Y35-44,2018,11.918344,
ITC4,INAC_R,9,Y35-44,2019,11.855742,
ITC4,INAC_R,9,Y35-44,2020,13.809818,
ITC4,INAC_R,9,Y35-44,2021,12.44033,
ITC4,INAC_R,9,Y35-44,2022,11.858369,
ITC4,INAC_R,9,Y35-44,2023,11.816464,
ITC4,INAC_R,9,Y35-44,2024,11.669794,
ITC4,INAC_R,9,Y35-44,2025,13.199858,
ITC4,INAC_R,9,Y35-49,2018,12.188643,
ITC4,INAC_R,9,Y35-49,2019,11.616217,
ITC4,INAC_R,9,Y35-49,2020,14.382793,
ITC4,INAC_R,9,Y35-49,2021,12.861023,
ITC4,INAC_R,9,Y35-49,2022,11.357256,
ITC4,INAC_R,9,Y35-49,2023,11.644493,
ITC4,INAC_R,9,Y35-49,2024,11.448777,
ITC4,INAC_R,9,Y35-49,2025,12.11144,
ITC4,INAC_R,9,Y45-54,2018,14.553721,
ITC4,INAC_R,9,Y45-54,2019,13.102055,
ITC4,INAC_R,9,Y45-54,2020,15.677018,
ITC4,INAC_R,9,Y45-54,2021,13.927495,
ITC4,INAC_R,9,Y45-54,2022,12.385668,
ITC4,INAC_R,9,Y45-54,2023,13.306784,
ITC4,INAC_R,9,Y45-54,2024,12.790255,
ITC4,INAC_R,9,Y45-54,2025,11.228796,
ITC4,INAC_R,9,Y55-64,2018,41.293561,
ITC4,INAC_R,9,Y55-64,2019,40.213173,
ITC4,INAC_R,9,Y55-64,2020,41.668394,
ITC4,INAC_R,9,Y55-64,2021,41.229914,
ITC4,INAC_R,9,Y55-64,2022,40.536494,
ITC4,INAC_R,9,Y55-64,2023,37.076362,
ITC4,INAC_R,9,Y55-64,2024,36.529732,
ITC4,INAC_R,9,Y55-64,2025,34.904849,
ITC4,INAC_R,9,Y_GE15,2018,45.324999,
ITC4,INAC_R,9,Y_GE15,2019,45.060858,
ITC4,INAC_R,9,Y_GE15,2020,47.107206,
ITC4,INAC_R,9,Y_GE15,2021,46.430428,
ITC4,INAC_R,9,Y_GE15,2022,45.966585,
ITC4,INAC_R,9,Y_GE15,2023,45.618971,
ITC4,INAC_R,9,Y_GE15,2024,45.687688,
ITC4,INAC_R,9,Y_GE15,2025,46.05061,
ITC41,INAC_R,1,Y15-24,2018,64.787047,
ITC41,INAC_R,1,Y15-24,2019,69.835037,
ITC41,INAC_R,1,Y15-24,2020,71.944335,
ITC41,INAC_R,1,Y15-24,2021,66.226525,
ITC41,INAC_R,1,Y15-24,2022,61.702528,
ITC41,INAC_R,1,Y15-24,2023,66.60411,
ITC41,INAC_R,1,Y15-24,2024,67.22203,
ITC41,INAC_R,1,Y15-24,2025,67.938592,
ITC41,INAC_R,1,Y15-64,2018,20.545716,
ITC41,INAC_R,1,Y15-64,2019,22.396645,
ITC41,INAC_R,1,Y15-64,2020,23.271811,
ITC41,INAC_R,1,Y15-64,2021,22.739127,
ITC41,INAC_R,1,Y15-64,2022,21.890729,
ITC41,INAC_R,1,Y15-64,2023,20.639201,
ITC41,INAC_R,1,Y15-64,2024,21.543227,
ITC41,INAC_R,1,Y15-64,2025,19.039117,
ITC41,INAC_R,1,Y18-29,2018,29.819116,
ITC41,INAC_R,1,Y18-29,2019,37.506204,
ITC41,INAC_R,1,Y18-29,2020,42.216891,
ITC41,INAC_R,1,Y18-29,2021,37.417102,
ITC41,INAC_R,1,Y18-29,2022,33.46232,
ITC41,INAC_R,1,Y18-29,2023,35.106995,
ITC41,INAC_R,1,Y18-29,2024,34.187686,
ITC41,INAC_R,1,Y18-29,2025,32.036091,
ITC41,INAC_R,1,Y25-34,2018,6.958284,
ITC41,INAC_R,1,Y25-34,2019,7.361503,
ITC41,INAC_R,1,Y25-34,2020,11.459527,
ITC41,INAC_R,1,Y25-34,2021,11.149007,
ITC41,INAC_R,1,Y25-34,2022,11.947226,
ITC41,INAC_R,1,Y25-34,2023,6.682494,
ITC41,INAC_R,1,Y25-34,2024,7.771801,
ITC41,INAC_R,1,Y25-34,2025,2.318439,
ITC41,INAC_R,1,Y35-44,2018,3.420988,
ITC41,INAC_R,1,Y35-44,2019,4.41161,
ITC41,INAC_R,1,Y35-44,2020,3.599236,
ITC41,INAC_R,1,Y35-44,2021,4.851742,
ITC41,INAC_R,1,Y35-44,2022,3.523568,
ITC41,INAC_R,1,Y35-44,2023,4.48647,
ITC41,INAC_R,1,Y35-44,2024,4.207551,
ITC41,INAC_R,1,Y35-44,2025,5.006795,
ITC41,INAC_R,1,Y35-49,2018,3.445078,
ITC41,INAC_R,1,Y35-49,2019,3.749102,
ITC41,INAC_R,1,Y35-49,2020,3.872316,
ITC41,INAC_R,1,Y35-49,2021,4.830684,
ITC41,INAC_R,1,Y35-49,2022,2.767073,
ITC41,INAC_R,1,Y35-49,2023,5.35384,
ITC41,INAC_R,1,Y35-49,2024,5.378804,
ITC41,INAC_R,1,Y35-49,2025,4.053482,
ITC41,INAC_R,1,Y45-54,2018,4.095125,
ITC41,INAC_R,1,Y45-54,2019,3.784094,
ITC41,INAC_R,1,Y45-54,2020,6.813609,
ITC41,INAC_R,1,Y45-54,2021,6.586403,
ITC41,INAC_R,1,Y45-54,2022,4.931543,
ITC41,INAC_R,1,Y45-54,2023,7.143932,
ITC41,INAC_R,1,Y45-54,2024,7.537876,
ITC41,INAC_R,1,Y45-54,2025,1.78677,
ITC41,INAC_R,1,Y55-64,2018,38.535048,
ITC41,INAC_R,1,Y55-64,2019,39.838429,
ITC41,INAC_R,1,Y55-64,2020,38.554176,
ITC41,INAC_R,1,Y55-64,2021,37.254534,
ITC41,INAC_R,1,Y55-64,2022,38.002783,
ITC41,INAC_R,1,Y55-64,2023,30.658763,
ITC41,INAC_R,1,Y55-64,2024,31.182345,
ITC41,INAC_R,1,Y55-64,2025,25.299496,
ITC41,INAC_R,1,Y_GE15,2018,38.551423,
ITC41,INAC_R,1,Y_GE15,2019,39.476646,
ITC41,INAC_R,1,Y_GE15,2020,40.735372,
ITC41,INAC_R,1,Y_GE15,2021,40.639478,
ITC41,INAC_R,1,Y_GE15,2022,40.343686,
ITC41,INAC_R,1,Y_GE15,2023,39.038254,
ITC41,INAC_R,1,Y_GE15,2024,38.947099,
ITC41,INAC_R,1,Y_GE15,2025,37.407577,
ITC41,INAC_R,2,Y15-24,2018,70.545409,
ITC41,INAC_R,2,Y15-24,2019,75.532053,
ITC41,INAC_R,2,Y15-24,2020,76.521029,
ITC41,INAC_R,2,Y15-24,2021,69.614784,
ITC41,INAC_R,2,Y15-24,2022,72.245933,
ITC41,INAC_R,2,Y15-24,2023,71.656199,
ITC41,INAC_R,2,Y15-24,2024,77.333524,
ITC41,INAC_R,2,Y15-24,2025,78.190342,
ITC41,INAC_R,2,Y15-64,2018,35.536773,
ITC41,INAC_R,2,Y15-64,2019,36.486286,
ITC41,INAC_R,2,Y15-64,2020,40.095796,
ITC41,INAC_R,2,Y15-64,2021,35.583796,
ITC41,INAC_R,2,Y15-64,2022,37.110908,
ITC41,INAC_R,2,Y15-64,2023,35.050203,
ITC41,INAC_R,2,Y15-64,2024,35.471284,
ITC41,INAC_R,2,Y15-64,2025,37.054251,
ITC41,INAC_R,2,Y18-29,2018,45.402714,
ITC41,INAC_R,2,Y18-29,2019,52.772184,
ITC41,INAC_R,2,Y18-29,2020,52.472782,
ITC41,INAC_R,2,Y18-29,2021,42.559572,
ITC41,INAC_R,2,Y18-29,2022,46.968144,
ITC41,INAC_R,2,Y18-29,2023,46.291609,
ITC41,INAC_R,2,Y18-29,2024,51.482576,
ITC41,INAC_R,2,Y18-29,2025,55.364273,
ITC41,INAC_R,2,Y25-34,2018,27.265215,
ITC41,INAC_R,2,Y25-34,2019,29.320773,
ITC41,INAC_R,2,Y25-34,2020,24.942554,
ITC41,INAC_R,2,Y25-34,2021,22.825655,
ITC41,INAC_R,2,Y25-34,2022,20.358184,
ITC41,INAC_R,2,Y25-34,2023,21.403889,
ITC41,INAC_R,2,Y25-34,2024,22.726436,
ITC41,INAC_R,2,Y25-34,2025,26.530746,
ITC41,INAC_R,2,Y35-44,2018,20.762733,
ITC41,INAC_R,2,Y35-44,2019,18.85363,
ITC41,INAC_R,2,Y35-44,2020,28.035223,
ITC41,INAC_R,2,Y35-44,2021,19.740705,
ITC41,INAC_R,2,Y35-44,2022,25.697573,
ITC41,INAC_R,2,Y35-44,2023,23.943493,
ITC41,INAC_R,2,Y35-44,2024,20.417235,
ITC41,INAC_R,2,Y35-44,2025,24.438445,
ITC41,INAC_R,2,Y35-49,2018,21.175229,
ITC41,INAC_R,2,Y35-49,2019,18.904008,
ITC41,INAC_R,2,Y35-49,2020,27.488517,
ITC41,INAC_R,2,Y35-49,2021,22.262794,
ITC41,INAC_R,2,Y35-49,2022,26.070101,
ITC41,INAC_R,2,Y35-49,2023,22.084419,
ITC41,INAC_R,2,Y35-49,2024,20.54718,
ITC41,INAC_R,2,Y35-49,2025,20.72231,
ITC41,INAC_R,2,Y45-54,2018,25.218832,
ITC41,INAC_R,2,Y45-54,2019,23.547276,
ITC41,INAC_R,2,Y45-54,2020,25.769421,
ITC41,INAC_R,2,Y45-54,2021,25.986038,
ITC41,INAC_R,2,Y45-54,2022,26.587888,
ITC41,INAC_R,2,Y45-54,2023,22.043315,
ITC41,INAC_R,2,Y45-54,2024,19.547542,
ITC41,INAC_R,2,Y45-54,2025,18.702301,
ITC41,INAC_R,2,Y55-64,2018,45.313759,
ITC41,INAC_R,2,Y55-64,2019,49.434263,
ITC41,INAC_R,2,Y55-64,2020,54.266915,
ITC41,INAC_R,2,Y55-64,2021,48.466018,
ITC41,INAC_R,2,Y55-64,2022,46.55578,
ITC41,INAC_R,2,Y55-64,2023,42.40264,
ITC41,INAC_R,2,Y55-64,2024,44.7596,
ITC41,INAC_R,2,Y55-64,2025,43.908396,
ITC41,INAC_R,2,Y_GE15,2018,53.595982,
ITC41,INAC_R,2,Y_GE15,2019,54.061697,
ITC41,INAC_R,2,Y_GE15,2020,57.096262,
ITC41,INAC_R,2,Y_GE15,2021,54.066292,
ITC41,INAC_R,2,Y_GE15,2022,55.542591,
ITC41,INAC_R,2,Y_GE15,2023,54.088033,
ITC41,INAC_R,2,Y_GE15,2024,54.302961,
ITC41,INAC_R,2,Y_GE15,2025,55.168907,
ITC41,INAC_R,9,Y15-24,2018,67.641299,
ITC41,INAC_R,9,Y15-24,2019,72.526894,
ITC41,INAC_R,9,Y15-24,2020,74.258279,
ITC41,INAC_R,9,Y15-24,2021,67.828013,
ITC41,INAC_R,9,Y15-24,2022,66.877776,
ITC41,INAC_R,9,Y15-24,2023,69.172817,
ITC41,INAC_R,9,Y15-24,2024,72.192601,
ITC41,INAC_R,9,Y15-24,2025,73.093307,
ITC41,INAC_R,9,Y15-64,2018,28.025769,
ITC41,INAC_R,9,Y15-64,2019,29.423962,
ITC41,INAC_R,9,Y15-64,2020,31.660825,
ITC41,INAC_R,9,Y15-64,2021,29.141807,
ITC41,INAC_R,9,Y15-64,2022,29.468693,
ITC41,INAC_R,9,Y15-64,2023,27.804573,
ITC41,INAC_R,9,Y15-64,2024,28.46849,
ITC41,INAC_R,9,Y15-64,2025,27.97718,
ITC41,INAC_R,9,Y18-29,2018,37.551297,
ITC41,INAC_R,9,Y18-29,2019,45.122946,
ITC41,INAC_R,9,Y18-29,2020,47.166026,
ITC41,INAC_R,9,Y18-29,2021,39.946969,
ITC41,INAC_R,9,Y18-29,2022,40.054027,
ITC41,INAC_R,9,Y18-29,2023,40.318744,
ITC41,INAC_R,9,Y18-29,2024,42.733518,
ITC41,INAC_R,9,Y18-29,2025,43.295015,
ITC41,INAC_R,9,Y25-34,2018,15.853295,
ITC41,INAC_R,9,Y25-34,2019,18.415692,
ITC41,INAC_R,9,Y25-34,2020,17.824032,
ITC41,INAC_R,9,Y25-34,2021,17.052853,
ITC41,INAC_R,9,Y25-34,2022,16.157801,
ITC41,INAC_R,9,Y25-34,2023,14.009189,
ITC41,INAC_R,9,Y25-34,2024,15.133279,
ITC41,INAC_R,9,Y25-34,2025,14.298338,
ITC41,INAC_R,9,Y35-44,2018,12.664794,
ITC41,INAC_R,9,Y35-44,2019,11.371213,
ITC41,INAC_R,9,Y35-44,2020,16.335341,
ITC41,INAC_R,9,Y35-44,2021,12.318143,
ITC41,INAC_R,9,Y35-44,2022,14.007212,
ITC41,INAC_R,9,Y35-44,2023,13.294735,
ITC41,INAC_R,9,Y35-44,2024,11.988734,
ITC41,INAC_R,9,Y35-44,2025,14.275265,
ITC41,INAC_R,9,Y35-49,2018,12.672586,
ITC41,INAC_R,9,Y35-49,2019,11.303827,
ITC41,INAC_R,9,Y35-49,2020,15.6555,
ITC41,INAC_R,9,Y35-49,2021,13.501965,
ITC41,INAC_R,9,Y35-49,2022,14.214654,
ITC41,INAC_R,9,Y35-49,2023,13.430104,
ITC41,INAC_R,9,Y35-49,2024,12.853836,
ITC41,INAC_R,9,Y35-49,2025,12.097764,
ITC41,INAC_R,9,Y45-54,2018,14.67846,
ITC41,INAC_R,9,Y45-54,2019,14.019743,
ITC41,INAC_R,9,Y45-54,2020,16.013308,
ITC41,INAC_R,9,Y45-54,2021,16.045587,
ITC41,INAC_R,9,Y45-54,2022,15.802296,
ITC41,INAC_R,9,Y45-54,2023,14.646386,
ITC41,INAC_R,9,Y45-54,2024,13.376512,
ITC41,INAC_R,9,Y45-54,2025,10.428666,
ITC41,INAC_R,9,Y55-64,2018,42.020004,
ITC41,INAC_R,9,Y55-64,2019,44.676056,
ITC41,INAC_R,9,Y55-64,2020,46.545194,
ITC41,INAC_R,9,Y55-64,2021,43.099143,
ITC41,INAC_R,9,Y55-64,2022,42.41615,
ITC41,INAC_R,9,Y55-64,2023,36.773373,
ITC41,INAC_R,9,Y55-64,2024,38.375471,
ITC41,INAC_R,9,Y55-64,2025,34.452729,
ITC41,INAC_R,9,Y_GE15,2018,46.327338,
ITC41,INAC_R,9,Y_GE15,2019,47.009881,
ITC41,INAC_R,9,Y_GE15,2020,49.18404,
ITC41,INAC_R,9,Y_GE15,2021,47.572309,
ITC41,INAC_R,9,Y_GE15,2022,48.186838,
ITC41,INAC_R,9,Y_GE15,2023,46.792618,
ITC41,INAC_R,9,Y_GE15,2024,46.856902,
ITC41,INAC_R,9,Y_GE15,2025,46.541286,
ITC42,INAC_R,1,Y15-24,2018,61.497813,
ITC42,INAC_R,1,Y15-24,2019,66.933663,
ITC42,INAC_R,1,Y15-24,2020,76.961481,
ITC42,INAC_R,1,Y15-24,2021,68.115894,
ITC42,INAC_R,1,Y15-24,2022,63.21126,
ITC42,INAC_R,1,Y15-24,2023,72.650899,
ITC42,INAC_R,1,Y15-24,2024,67.147135,
ITC42,INAC_R,1,Y15-24,2025,70.665566,
ITC42,INAC_R,1,Y15-64,2018,19.435255,
ITC42,INAC_R,1,Y15-64,2019,20.05311,
ITC42,INAC_R,1,Y15-64,2020,24.118026,
ITC42,INAC_R,1,Y15-64,2021,23.127174,
ITC42,INAC_R,1,Y15-64,2022,22.043731,
ITC42,INAC_R,1,Y15-64,2023,22.357149,
ITC42,INAC_R,1,Y15-64,2024,22.694533,
ITC42,INAC_R,1,Y15-64,2025,21.957871,
ITC42,INAC_R,1,Y18-29,2018,29.793594,
ITC42,INAC_R,1,Y18-29,2019,37.015111,
ITC42,INAC_R,1,Y18-29,2020,47.802244,
ITC42,INAC_R,1,Y18-29,2021,39.441108,
ITC42,INAC_R,1,Y18-29,2022,30.84136,
ITC42,INAC_R,1,Y18-29,2023,38.076708,
ITC42,INAC_R,1,Y18-29,2024,39.335679,
ITC42,INAC_R,1,Y18-29,2025,38.45711,
ITC42,INAC_R,1,Y25-34,2018,5.147577,
ITC42,INAC_R,1,Y25-34,2019,9.713209,
ITC42,INAC_R,1,Y25-34,2020,15.546097,
ITC42,INAC_R,1,Y25-34,2021,11.874829,
ITC42,INAC_R,1,Y25-34,2022,6.427478,
ITC42,INAC_R,1,Y25-34,2023,5.632439,
ITC42,INAC_R,1,Y25-34,2024,10.49323,
ITC42,INAC_R,1,Y25-34,2025,6.615144,
ITC42,INAC_R,1,Y35-44,2018,2.962707,
ITC42,INAC_R,1,Y35-44,2019,1.654245,
ITC42,INAC_R,1,Y35-44,2020,5.329131,
ITC42,INAC_R,1,Y35-44,2021,4.841687,
ITC42,INAC_R,1,Y35-44,2022,5.621332,
ITC42,INAC_R,1,Y35-44,2023,5.8428,
ITC42,INAC_R,1,Y35-44,2024,4.030352,
ITC42,INAC_R,1,Y35-44,2025,4.932407,
ITC42,INAC_R,1,Y35-49,2018,3.236515,
ITC42,INAC_R,1,Y35-49,2019,3.657631,
ITC42,INAC_R,1,Y35-49,2020,6.044398,
ITC42,INAC_R,1,Y35-49,2021,5.224378,
ITC42,INAC_R,1,Y35-49,2022,7.577471,
ITC42,INAC_R,1,Y35-49,2023,4.627093,
ITC42,INAC_R,1,Y35-49,2024,4.614251,
ITC42,INAC_R,1,Y35-49,2025,4.815608,
ITC42,INAC_R,1,Y45-54,2018,5.236883,
ITC42,INAC_R,1,Y45-54,2019,6.382222,
ITC42,INAC_R,1,Y45-54,2020,7.05293,
ITC42,INAC_R,1,Y45-54,2021,5.381505,
ITC42,INAC_R,1,Y45-54,2022,10.123756,
ITC42,INAC_R,1,Y45-54,2023,6.068231,
ITC42,INAC_R,1,Y45-54,2024,5.196449,
ITC42,INAC_R,1,Y45-54,2025,7.251447,
ITC42,INAC_R,1,Y55-64,2018,39.030412,
ITC42,INAC_R,1,Y55-64,2019,31.25239,
ITC42,INAC_R,1,Y55-64,2020,30.585124,
ITC42,INAC_R,1,Y55-64,2021,33.455627,
ITC42,INAC_R,1,Y55-64,2022,31.937732,
ITC42,INAC_R,1,Y55-64,2023,30.890164,
ITC42,INAC_R,1,Y55-64,2024,32.052478,
ITC42,INAC_R,1,Y55-64,2025,27.428275,
ITC42,INAC_R,1,Y_GE15,2018,36.204838,
ITC42,INAC_R,1,Y_GE15,2019,36.227208,
ITC42,INAC_R,1,Y_GE15,2020,39.628236,
ITC42,INAC_R,1,Y_GE15,2021,40.277877,
ITC42,INAC_R,1,Y_GE15,2022,39.175163,
ITC42,INAC_R,1,Y_GE15,2023,38.714228,
ITC42,INAC_R,1,Y_GE15,2024,39.3356,
ITC42,INAC_R,1,Y_GE15,2025,38.417424,
ITC42,INAC_R,2,Y15-24,2018,80.126881,
ITC42,INAC_R,2,Y15-24,2019,80.512672,
ITC42,INAC_R,2,Y15-24,2020,80.143236,
ITC42,INAC_R,2,Y15-24,2021,71.898811,
ITC42,INAC_R,2,Y15-24,2022,65.887625,
ITC42,INAC_R,2,Y15-24,2023,69.434858,
ITC42,INAC_R,2,Y15-24,2024,73.572724,
ITC42,INAC_R,2,Y15-24,2025,81.355202,
ITC42,INAC_R,2,Y15-64,2018,36.408301,
ITC42,INAC_R,2,Y15-64,2019,36.321345,
ITC42,INAC_R,2,Y15-64,2020,38.959173,
ITC42,INAC_R,2,Y15-64,2021,35.712216,
ITC42,INAC_R,2,Y15-64,2022,34.869857,
ITC42,INAC_R,2,Y15-64,2023,34.184137,
ITC42,INAC_R,2,Y15-64,2024,34.939907,
ITC42,INAC_R,2,Y15-64,2025,38.720667,
ITC42,INAC_R,2,Y18-29,2018,48.084903,
ITC42,INAC_R,2,Y18-29,2019,51.64233,
ITC42,INAC_R,2,Y18-29,2020,53.496911,
ITC42,INAC_R,2,Y18-29,2021,43.901489,
ITC42,INAC_R,2,Y18-29,2022,37.996174,
ITC42,INAC_R,2,Y18-29,2023,42.00517,
ITC42,INAC_R,2,Y18-29,2024,41.913622,
ITC42,INAC_R,2,Y18-29,2025,51.837278,
ITC42,INAC_R,2,Y25-34,2018,17.755102,
ITC42,INAC_R,2,Y25-34,2019,17.478713,
ITC42,INAC_R,2,Y25-34,2020,20.773116,
ITC42,INAC_R,2,Y25-34,2021,19.141205,
ITC42,INAC_R,2,Y25-34,2022,22.193786,
ITC42,INAC_R,2,Y25-34,2023,19.331627,
ITC42,INAC_R,2,Y25-34,2024,18.863337,
ITC42,INAC_R,2,Y25-34,2025,25.312046,
ITC42,INAC_R,2,Y35-44,2018,18.868156,
ITC42,INAC_R,2,Y35-44,2019,21.081742,
ITC42,INAC_R,2,Y35-44,2020,21.901317,
ITC42,INAC_R,2,Y35-44,2021,22.4389,
ITC42,INAC_R,2,Y35-44,2022,18.285852,
ITC42,INAC_R,2,Y35-44,2023,21.456311,
ITC42,INAC_R,2,Y35-44,2024,18.538296,
ITC42,INAC_R,2,Y35-44,2025,22.11468,
ITC42,INAC_R,2,Y35-49,2018,18.662316,
ITC42,INAC_R,2,Y35-49,2019,19.333002,
ITC42,INAC_R,2,Y35-49,2020,22.884871,
ITC42,INAC_R,2,Y35-49,2021,20.742336,
ITC42,INAC_R,2,Y35-49,2022,19.170561,
ITC42,INAC_R,2,Y35-49,2023,21.15944,
ITC42,INAC_R,2,Y35-49,2024,21.203663,
ITC42,INAC_R,2,Y35-49,2025,22.886723,
ITC42,INAC_R,2,Y45-54,2018,25.164453,
ITC42,INAC_R,2,Y45-54,2019,23.959892,
ITC42,INAC_R,2,Y45-54,2020,29.430814,
ITC42,INAC_R,2,Y45-54,2021,24.082155,
ITC42,INAC_R,2,Y45-54,2022,19.76177,
ITC42,INAC_R,2,Y45-54,2023,22.637132,
ITC42,INAC_R,2,Y45-54,2024,26.820345,
ITC42,INAC_R,2,Y45-54,2025,23.738989,
ITC42,INAC_R,2,Y55-64,2018,52.69045,
ITC42,INAC_R,2,Y55-64,2019,50.654714,
ITC42,INAC_R,2,Y55-64,2020,50.864979,
ITC42,INAC_R,2,Y55-64,2021,48.809132,
ITC42,INAC_R,2,Y55-64,2022,52.861,
ITC42,INAC_R,2,Y55-64,2023,43.343223,
ITC42,INAC_R,2,Y55-64,2024,42.879176,
ITC42,INAC_R,2,Y55-64,2025,47.936559,
ITC42,INAC_R,2,Y_GE15,2018,53.382508,
ITC42,INAC_R,2,Y_GE15,2019,53.336252,
ITC42,INAC_R,2,Y_GE15,2020,55.586327,
ITC42,INAC_R,2,Y_GE15,2021,53.728,
ITC42,INAC_R,2,Y_GE15,2022,53.253691,
ITC42,INAC_R,2,Y_GE15,2023,52.317876,
ITC42,INAC_R,2,Y_GE15,2024,53.266675,
ITC42,INAC_R,2,Y_GE15,2025,55.981887,
ITC42,INAC_R,9,Y15-24,2018,70.56637,
ITC42,INAC_R,9,Y15-24,2019,73.640601,
ITC42,INAC_R,9,Y15-24,2020,78.516034,
ITC42,INAC_R,9,Y15-24,2021,69.874929,
ITC42,INAC_R,9,Y15-24,2022,64.479388,
ITC42,INAC_R,9,Y15-24,2023,71.0939,
ITC42,INAC_R,9,Y15-24,2024,70.202046,
ITC42,INAC_R,9,Y15-24,2025,75.681914,
ITC42,INAC_R,9,Y15-64,2018,27.848502,
ITC42,INAC_R,9,Y15-64,2019,28.109077,
ITC42,INAC_R,9,Y15-64,2020,31.462192,
ITC42,INAC_R,9,Y15-64,2021,29.349029,
ITC42,INAC_R,9,Y15-64,2022,28.383977,
ITC42,INAC_R,9,Y15-64,2023,28.192408,
ITC42,INAC_R,9,Y15-64,2024,28.730667,
ITC42,INAC_R,9,Y15-64,2025,30.210762,
ITC42,INAC_R,9,Y18-29,2018,38.677823,
ITC42,INAC_R,9,Y18-29,2019,44.146109,
ITC42,INAC_R,9,Y18-29,2020,50.558909,
ITC42,INAC_R,9,Y18-29,2021,41.602266,
ITC42,INAC_R,9,Y18-29,2022,34.327749,
ITC42,INAC_R,9,Y18-29,2023,39.982414,
ITC42,INAC_R,9,Y18-29,2024,40.567755,
ITC42,INAC_R,9,Y18-29,2025,44.966849,
ITC42,INAC_R,9,Y25-34,2018,11.112101,
ITC42,INAC_R,9,Y25-34,2019,13.360831,
ITC42,INAC_R,9,Y25-34,2020,18.039426,
ITC42,INAC_R,9,Y25-34,2021,15.441621,
ITC42,INAC_R,9,Y25-34,2022,14.193577,
ITC42,INAC_R,9,Y25-34,2023,11.817443,
ITC42,INAC_R,9,Y25-34,2024,14.579519,
ITC42,INAC_R,9,Y25-34,2025,15.728164,
ITC42,INAC_R,9,Y35-44,2018,10.936156,
ITC42,INAC_R,9,Y35-44,2019,11.309833,
ITC42,INAC_R,9,Y35-44,2020,13.262727,
ITC42,INAC_R,9,Y35-44,2021,13.640622,
ITC42,INAC_R,9,Y35-44,2022,12.294315,
ITC42,INAC_R,9,Y35-44,2023,14.594057,
ITC42,INAC_R,9,Y35-44,2024,11.80022,
ITC42,INAC_R,9,Y35-44,2025,13.350186,
ITC42,INAC_R,9,Y35-49,2018,10.979576,
ITC42,INAC_R,9,Y35-49,2019,11.480847,
ITC42,INAC_R,9,Y35-49,2020,14.412046,
ITC42,INAC_R,9,Y35-49,2021,13.005867,
ITC42,INAC_R,9,Y35-49,2022,13.357548,
ITC42,INAC_R,9,Y35-49,2023,13.129582,
ITC42,INAC_R,9,Y35-49,2024,12.840769,
ITC42,INAC_R,9,Y35-49,2025,13.829636,
ITC42,INAC_R,9,Y45-54,2018,14.864441,
ITC42,INAC_R,9,Y45-54,2019,15.247111,
ITC42,INAC_R,9,Y45-54,2020,18.853653,
ITC42,INAC_R,9,Y45-54,2021,14.872707,
ITC42,INAC_R,9,Y45-54,2022,14.605081,
ITC42,INAC_R,9,Y45-54,2023,13.875795,
ITC42,INAC_R,9,Y45-54,2024,15.583394,
ITC42,INAC_R,9,Y45-54,2025,15.284659,
ITC42,INAC_R,9,Y55-64,2018,46.30339,
ITC42,INAC_R,9,Y55-64,2019,41.012908,
ITC42,INAC_R,9,Y55-64,2020,40.53122,
ITC42,INAC_R,9,Y55-64,2021,41.08973,
ITC42,INAC_R,9,Y55-64,2022,42.780545,
ITC42,INAC_R,9,Y55-64,2023,37.172275,
ITC42,INAC_R,9,Y55-64,2024,37.333523,
ITC42,INAC_R,9,Y55-64,2025,38.019223,
ITC42,INAC_R,9,Y_GE15,2018,45.009383,
ITC42,INAC_R,9,Y_GE15,2019,44.986446,
ITC42,INAC_R,9,Y_GE15,2020,47.793143,
ITC42,INAC_R,9,Y_GE15,2021,47.156791,
ITC42,INAC_R,9,Y_GE15,2022,46.374401,
ITC42,INAC_R,9,Y_GE15,2023,45.658999,
ITC42,INAC_R,9,Y_GE15,2024,46.440566,
ITC42,INAC_R,9,Y_GE15,2025,47.366444,
ITC43,INAC_R,1,Y15-24,2018,64.149322,
ITC43,INAC_R,1,Y15-24,2019,62.79164,
ITC43,INAC_R,1,Y15-24,2020,59.365621,
ITC43,INAC_R,1,Y15-24,2021,65.554087,
ITC43,INAC_R,1,Y15-24,2022,64.658019,
ITC43,INAC_R,1,Y15-24,2023,58.235657,
ITC43,INAC_R,1,Y15-24,2024,74.367643,
ITC43,INAC_R,1,Y15-24,2025,71.275029,
ITC43,INAC_R,1,Y15-64,2018,21.017459,
ITC43,INAC_R,1,Y15-64,2019,20.024932,
ITC43,INAC_R,1,Y15-64,2020,20.1565,
ITC43,INAC_R,1,Y15-64,2021,22.543786,
ITC43,INAC_R,1,Y15-64,2022,23.727331,
ITC43,INAC_R,1,Y15-64,2023,22.09615,
ITC43,INAC_R,1,Y15-64,2024,23.223265,
ITC43,INAC_R,1,Y15-64,2025,26.810663,
ITC43,INAC_R,1,Y18-29,2018,34.804754,
ITC43,INAC_R,1,Y18-29,2019,35.096915,
ITC43,INAC_R,1,Y18-29,2020,31.770381,
ITC43,INAC_R,1,Y18-29,2021,37.641462,
ITC43,INAC_R,1,Y18-29,2022,38.543015,
ITC43,INAC_R,1,Y18-29,2023,34.267619,
ITC43,INAC_R,1,Y18-29,2024,39.037153,
ITC43,INAC_R,1,Y18-29,2025,45.693136,
ITC43,INAC_R,1,Y25-34,2018,11.645029,
ITC43,INAC_R,1,Y25-34,2019,8.990079,
ITC43,INAC_R,1,Y25-34,2020,8.371,
ITC43,INAC_R,1,Y25-34,2021,9.688166,
ITC43,INAC_R,1,Y25-34,2022,14.46405,
ITC43,INAC_R,1,Y25-34,2023,12.469792,
ITC43,INAC_R,1,Y25-34,2024,9.064772,
ITC43,INAC_R,1,Y25-34,2025,14.321896,
ITC43,INAC_R,1,Y35-44,2018,2.054364,
ITC43,INAC_R,1,Y35-44,2019,3.764864,
ITC43,INAC_R,1,Y35-44,2020,5.583644,
ITC43,INAC_R,1,Y35-44,2021,2.296795,
ITC43,INAC_R,1,Y35-44,2022,3.112,
ITC43,INAC_R,1,Y35-44,2023,2.510969,
ITC43,INAC_R,1,Y35-44,2024,0.889633,
ITC43,INAC_R,1,Y35-44,2025,3.460369,
ITC43,INAC_R,1,Y35-49,2018,3.738061,
ITC43,INAC_R,1,Y35-49,2019,3.374131,
ITC43,INAC_R,1,Y35-49,2020,4.819903,
ITC43,INAC_R,1,Y35-49,2021,2.594118,
ITC43,INAC_R,1,Y35-49,2022,4.932107,
ITC43,INAC_R,1,Y35-49,2023,3.74768,
ITC43,INAC_R,1,Y35-49,2024,4.09187,
ITC43,INAC_R,1,Y35-49,2025,4.680741,
ITC43,INAC_R,1,Y45-54,2018,4.844954,
ITC43,INAC_R,1,Y45-54,2019,2.748637,
ITC43,INAC_R,1,Y45-54,2020,2.726658,
ITC43,INAC_R,1,Y45-54,2021,5.001283,
ITC43,INAC_R,1,Y45-54,2022,7.344696,
ITC43,INAC_R,1,Y45-54,2023,7.353179,
ITC43,INAC_R,1,Y45-54,2024,7.1593,
ITC43,INAC_R,1,Y45-54,2025,7.268331,
ITC43,INAC_R,1,Y55-64,2018,36.259236,
ITC43,INAC_R,1,Y55-64,2019,32.602211,
ITC43,INAC_R,1,Y55-64,2020,33.966797,
ITC43,INAC_R,1,Y55-64,2021,36.035164,
ITC43,INAC_R,1,Y55-64,2022,34.575141,
ITC43,INAC_R,1,Y55-64,2023,34.372197,
ITC43,INAC_R,1,Y55-64,2024,34.351702,
ITC43,INAC_R,1,Y55-64,2025,40.113853,
ITC43,INAC_R,1,Y_GE15,2018,37.503102,
ITC43,INAC_R,1,Y_GE15,2019,37.204908,
ITC43,INAC_R,1,Y_GE15,2020,38.172172,
ITC43,INAC_R,1,Y_GE15,2021,40.434471,
ITC43,INAC_R,1,Y_GE15,2022,41.029596,
ITC43,INAC_R,1,Y_GE15,2023,40.103429,
ITC43,INAC_R,1,Y_GE15,2024,41.148728,
ITC43,INAC_R,1,Y_GE15,2025,44.415194,
ITC43,INAC_R,2,Y15-24,2018,73.968175,
ITC43,INAC_R,2,Y15-24,2019,74.711059,
ITC43,INAC_R,2,Y15-24,2020,78.623165,
ITC43,INAC_R,2,Y15-24,2021,76.380136,
ITC43,INAC_R,2,Y15-24,2022,73.741684,
ITC43,INAC_R,2,Y15-24,2023,74.77094,
ITC43,INAC_R,2,Y15-24,2024,75.476136,
ITC43,INAC_R,2,Y15-24,2025,83.240389,
ITC43,INAC_R,2,Y15-64,2018,35.177942,
ITC43,INAC_R,2,Y15-64,2019,34.649301,
ITC43,INAC_R,2,Y15-64,2020,35.245305,
ITC43,INAC_R,2,Y15-64,2021,38.407302,
ITC43,INAC_R,2,Y15-64,2022,38.226037,
ITC43,INAC_R,2,Y15-64,2023,37.7418,
ITC43,INAC_R,2,Y15-64,2024,37.869123,
ITC43,INAC_R,2,Y15-64,2025,38.909458,
ITC43,INAC_R,2,Y18-29,2018,45.556487,
ITC43,INAC_R,2,Y18-29,2019,41.425051,
ITC43,INAC_R,2,Y18-29,2020,45.661903,
ITC43,INAC_R,2,Y18-29,2021,49.910169,
ITC43,INAC_R,2,Y18-29,2022,45.339208,
ITC43,INAC_R,2,Y18-29,2023,47.075397,
ITC43,INAC_R,2,Y18-29,2024,52.821017,
ITC43,INAC_R,2,Y18-29,2025,60.413507,
ITC43,INAC_R,2,Y25-34,2018,14.493176,
ITC43,INAC_R,2,Y25-34,2019,12.476265,
ITC43,INAC_R,2,Y25-34,2020,15.946927,
ITC43,INAC_R,2,Y25-34,2021,22.288323,
ITC43,INAC_R,2,Y25-34,2022,18.162419,
ITC43,INAC_R,2,Y25-34,2023,25.420915,
ITC43,INAC_R,2,Y25-34,2024,25.263917,
ITC43,INAC_R,2,Y25-34,2025,25.485677,
ITC43,INAC_R,2,Y35-44,2018,16.885048,
ITC43,INAC_R,2,Y35-44,2019,18.651897,
ITC43,INAC_R,2,Y35-44,2020,20.331604,
ITC43,INAC_R,2,Y35-44,2021,23.974033,
ITC43,INAC_R,2,Y35-44,2022,22.115599,
ITC43,INAC_R,2,Y35-44,2023,12.183021,
ITC43,INAC_R,2,Y35-44,2024,17.776923,
ITC43,INAC_R,2,Y35-44,2025,26.351184,
ITC43,INAC_R,2,Y35-49,2018,17.420303,
ITC43,INAC_R,2,Y35-49,2019,19.262492,
ITC43,INAC_R,2,Y35-49,2020,19.544609,
ITC43,INAC_R,2,Y35-49,2021,24.05859,
ITC43,INAC_R,2,Y35-49,2022,21.524251,
ITC43,INAC_R,2,Y35-49,2023,17.345277,
ITC43,INAC_R,2,Y35-49,2024,20.915525,
ITC43,INAC_R,2,Y35-49,2025,23.922773,
ITC43,INAC_R,2,Y45-54,2018,22.851261,
ITC43,INAC_R,2,Y45-54,2019,22.097378,
ITC43,INAC_R,2,Y45-54,2020,19.609899,
ITC43,INAC_R,2,Y45-54,2021,21.074259,
ITC43,INAC_R,2,Y45-54,2022,23.514162,
ITC43,INAC_R,2,Y45-54,2023,21.864473,
ITC43,INAC_R,2,Y45-54,2024,22.594874,
ITC43,INAC_R,2,Y45-54,2025,18.228498,
ITC43,INAC_R,2,Y55-64,2018,56.219953,
ITC43,INAC_R,2,Y55-64,2019,55.481217,
ITC43,INAC_R,2,Y55-64,2020,51.280612,
ITC43,INAC_R,2,Y55-64,2021,56.75605,
ITC43,INAC_R,2,Y55-64,2022,54.721734,
ITC43,INAC_R,2,Y55-64,2023,53.014097,
ITC43,INAC_R,2,Y55-64,2024,47.691915,
ITC43,INAC_R,2,Y55-64,2025,43.966804,
ITC43,INAC_R,2,Y_GE15,2018,53.558667,
ITC43,INAC_R,2,Y_GE15,2019,53.008907,
ITC43,INAC_R,2,Y_GE15,2020,53.539146,
ITC43,INAC_R,2,Y_GE15,2021,56.152978,
ITC43,INAC_R,2,Y_GE15,2022,56.134781,
ITC43,INAC_R,2,Y_GE15,2023,55.583536,
ITC43,INAC_R,2,Y_GE15,2024,56.186568,
ITC43,INAC_R,2,Y_GE15,2025,57.475385,
ITC43,INAC_R,9,Y15-24,2018,69.028571,
ITC43,INAC_R,9,Y15-24,2019,68.378462,
ITC43,INAC_R,9,Y15-24,2020,68.581071,
ITC43,INAC_R,9,Y15-24,2021,70.603104,
ITC43,INAC_R,9,Y15-24,2022,69.060286,
ITC43,INAC_R,9,Y15-24,2023,66.676729,
ITC43,INAC_R,9,Y15-24,2024,74.948358,
ITC43,INAC_R,9,Y15-24,2025,77.005059,
ITC43,INAC_R,9,Y15-64,2018,27.990284,
ITC43,INAC_R,9,Y15-64,2019,27.223317,
ITC43,INAC_R,9,Y15-64,2020,27.591748,
ITC43,INAC_R,9,Y15-64,2021,30.364904,
ITC43,INAC_R,9,Y15-64,2022,30.877207,
ITC43,INAC_R,9,Y15-64,2023,29.800801,
ITC43,INAC_R,9,Y15-64,2024,30.432943,
ITC43,INAC_R,9,Y15-64,2025,32.752724,
ITC43,INAC_R,9,Y18-29,2018,40.050114,
ITC43,INAC_R,9,Y18-29,2019,38.168308,
ITC43,INAC_R,9,Y18-29,2020,38.329726,
ITC43,INAC_R,9,Y18-29,2021,43.702314,
ITC43,INAC_R,9,Y18-29,2022,41.767625,
ITC43,INAC_R,9,Y18-29,2023,39.946012,
ITC43,INAC_R,9,Y18-29,2024,45.641508,
ITC43,INAC_R,9,Y18-29,2025,52.867984,
ITC43,INAC_R,9,Y25-34,2018,13.040243,
ITC43,INAC_R,9,Y25-34,2019,10.818808,
ITC43,INAC_R,9,Y25-34,2020,12.08744,
ITC43,INAC_R,9,Y25-34,2021,15.870214,
ITC43,INAC_R,9,Y25-34,2022,16.295669,
ITC43,INAC_R,9,Y25-34,2023,18.626014,
ITC43,INAC_R,9,Y25-34,2024,16.398991,
ITC43,INAC_R,9,Y25-34,2025,19.661294,
ITC43,INAC_R,9,Y35-44,2018,9.339054,
ITC43,INAC_R,9,Y35-44,2019,10.587057,
ITC43,INAC_R,9,Y35-44,2020,12.797916,
ITC43,INAC_R,9,Y35-44,2021,13.331023,
ITC43,INAC_R,9,Y35-44,2022,12.460888,
ITC43,INAC_R,9,Y35-44,2023,6.988622,
ITC43,INAC_R,9,Y35-44,2024,9.129398,
ITC43,INAC_R,9,Y35-44,2025,15.860388,
ITC43,INAC_R,9,Y35-49,2018,10.356295,
ITC43,INAC_R,9,Y35-49,2019,11.004771,
ITC43,INAC_R,9,Y35-49,2020,12.09914,
ITC43,INAC_R,9,Y35-49,2021,13.358454,
ITC43,INAC_R,9,Y35-49,2022,13.055167,
ITC43,INAC_R,9,Y35-49,2023,10.347838,
ITC43,INAC_R,9,Y35-49,2024,12.345897,
ITC43,INAC_R,9,Y35-49,2025,14.244427,
ITC43,INAC_R,9,Y45-54,2018,13.693681,
ITC43,INAC_R,9,Y45-54,2019,12.678016,
ITC43,INAC_R,9,Y45-54,2020,11.183606,
ITC43,INAC_R,9,Y45-54,2021,13.035266,
ITC43,INAC_R,9,Y45-54,2022,15.262619,
ITC43,INAC_R,9,Y45-54,2023,14.725196,
ITC43,INAC_R,9,Y45-54,2024,14.564037,
ITC43,INAC_R,9,Y45-54,2025,11.956057,
ITC43,INAC_R,9,Y55-64,2018,46.098811,
ITC43,INAC_R,9,Y55-64,2019,43.871054,
ITC43,INAC_R,9,Y55-64,2020,42.594267,
ITC43,INAC_R,9,Y55-64,2021,46.210499,
ITC43,INAC_R,9,Y55-64,2022,44.669905,
ITC43,INAC_R,9,Y55-64,2023,43.641249,
ITC43,INAC_R,9,Y55-64,2024,41.199574,
ITC43,INAC_R,9,Y55-64,2025,42.152631,
ITC43,INAC_R,9,Y_GE15,2018,45.679889,
ITC43,INAC_R,9,Y_GE15,2019,45.249751,
ITC43,INAC_R,9,Y_GE15,2020,45.99685,
ITC43,INAC_R,9,Y_GE15,2021,48.437674,
ITC43,INAC_R,9,Y_GE15,2022,48.716978,
ITC43,INAC_R,9,Y_GE15,2023,47.966803,
ITC43,INAC_R,9,Y_GE15,2024,48.784593,
ITC43,INAC_R,9,Y_GE15,2025,51.035009,
ITC44,INAC_R,1,Y15-24,2018,57.202908,
ITC44,INAC_R,1,Y15-24,2019,57.628843,
ITC44,INAC_R,1,Y15-24,2020,52.978095,
ITC44,INAC_R,1,Y15-24,2021,57.162162,
ITC44,INAC_R,1,Y15-24,2022,71.392069,
ITC44,INAC_R,1,Y15-24,2023,62.296124,
ITC44,INAC_R,1,Y15-24,2024,68.066513,
ITC44,INAC_R,1,Y15-24,2025,64.3973,
ITC44,INAC_R,1,Y15-64,2018,22.530302,
ITC44,INAC_R,1,Y15-64,2019,21.962837,
ITC44,INAC_R,1,Y15-64,2020,23.910871,
ITC44,INAC_R,1,Y15-64,2021,24.848047,
ITC44,INAC_R,1,Y15-64,2022,24.837783,
ITC44,INAC_R,1,Y15-64,2023,23.73723,
ITC44,INAC_R,1,Y15-64,2024,21.914946,
ITC44,INAC_R,1,Y15-64,2025,22.415808,
ITC44,INAC_R,1,Y18-29,2018,28.693106,
ITC44,INAC_R,1,Y18-29,2019,19.446536,
ITC44,INAC_R,1,Y18-29,2020,26.182167,
ITC44,INAC_R,1,Y18-29,2021,34.184162,
ITC44,INAC_R,1,Y18-29,2022,46.098439,
ITC44,INAC_R,1,Y18-29,2023,32.961621,
ITC44,INAC_R,1,Y18-29,2024,27.59214,
ITC44,INAC_R,1,Y18-29,2025,39.897454,
ITC44,INAC_R,1,Y25-34,2018,13.412229,
ITC44,INAC_R,1,Y25-34,2019,0.645558,
ITC44,INAC_R,1,Y25-34,2020,10.678851,
ITC44,INAC_R,1,Y25-34,2021,13.536243,
ITC44,INAC_R,1,Y25-34,2022,12.576996,
ITC44,INAC_R,1,Y25-34,2023,9.717937,
ITC44,INAC_R,1,Y25-34,2024,6.423592,
ITC44,INAC_R,1,Y25-34,2025,4.607654,
ITC44,INAC_R,1,Y35-44,2018,5.093953,
ITC44,INAC_R,1,Y35-44,2019,4.28997,
ITC44,INAC_R,1,Y35-44,2020,4.933533,
ITC44,INAC_R,1,Y35-44,2021,5.412888,
ITC44,INAC_R,1,Y35-44,2022,4.26431,
ITC44,INAC_R,1,Y35-44,2023,5.245279,
ITC44,INAC_R,1,Y35-44,2024,0.610366,
ITC44,INAC_R,1,Y35-44,2025,1.590978,
ITC44,INAC_R,1,Y35-49,2018,3.392501,
ITC44,INAC_R,1,Y35-49,2019,3.657532,
ITC44,INAC_R,1,Y35-49,2020,5.625786,
ITC44,INAC_R,1,Y35-49,2021,4.66486,
ITC44,INAC_R,1,Y35-49,2022,3.694122,
ITC44,INAC_R,1,Y35-49,2023,4.535298,
ITC44,INAC_R,1,Y35-49,2024,2.50228,
ITC44,INAC_R,1,Y35-49,2025,1.95106,
ITC44,INAC_R,1,Y45-54,2018,3.304669,
ITC44,INAC_R,1,Y45-54,2019,4.516409,
ITC44,INAC_R,1,Y45-54,2020,9.191927,
ITC44,INAC_R,1,Y45-54,2021,7.373691,
ITC44,INAC_R,1,Y45-54,2022,4.361874,
ITC44,INAC_R,1,Y45-54,2023,5.355529,
ITC44,INAC_R,1,Y45-54,2024,4.328315,
ITC44,INAC_R,1,Y45-54,2025,5.630112,
ITC44,INAC_R,1,Y55-64,2018,40.390412,
ITC44,INAC_R,1,Y55-64,2019,50.039936,
ITC44,INAC_R,1,Y55-64,2020,47.091905,
ITC44,INAC_R,1,Y55-64,2021,43.109019,
ITC44,INAC_R,1,Y55-64,2022,38.707341,
ITC44,INAC_R,1,Y55-64,2023,36.938482,
ITC44,INAC_R,1,Y55-64,2024,36.483982,
ITC44,INAC_R,1,Y55-64,2025,32.914061,
ITC44,INAC_R,1,Y_GE15,2018,39.129688,
ITC44,INAC_R,1,Y_GE15,2019,39.196086,
ITC44,INAC_R,1,Y_GE15,2020,41.234032,
ITC44,INAC_R,1,Y_GE15,2021,42.352567,
ITC44,INAC_R,1,Y_GE15,2022,42.353752,
ITC44,INAC_R,1,Y_GE15,2023,41.371174,
ITC44,INAC_R,1,Y_GE15,2024,40.261223,
ITC44,INAC_R,1,Y_GE15,2025,41.710092,
ITC44,INAC_R,2,Y15-24,2018,69.926843,
ITC44,INAC_R,2,Y15-24,2019,64.114887,
ITC44,INAC_R,2,Y15-24,2020,67.20913,
ITC44,INAC_R,2,Y15-24,2021,69.836957,
ITC44,INAC_R,2,Y15-24,2022,62.913561,
ITC44,INAC_R,2,Y15-24,2023,67.364967,
ITC44,INAC_R,2,Y15-24,2024,74.517967,
ITC44,INAC_R,2,Y15-24,2025,67.784564,
ITC44,INAC_R,2,Y15-64,2018,37.967604,
ITC44,INAC_R,2,Y15-64,2019,36.962361,
ITC44,INAC_R,2,Y15-64,2020,39.006171,
ITC44,INAC_R,2,Y15-64,2021,38.243682,
ITC44,INAC_R,2,Y15-64,2022,35.649153,
ITC44,INAC_R,2,Y15-64,2023,37.459431,
ITC44,INAC_R,2,Y15-64,2024,42.064846,
ITC44,INAC_R,2,Y15-64,2025,41.841707,
ITC44,INAC_R,2,Y18-29,2018,46.309766,
ITC44,INAC_R,2,Y18-29,2019,38.742542,
ITC44,INAC_R,2,Y18-29,2020,42.30501,
ITC44,INAC_R,2,Y18-29,2021,37.220224,
ITC44,INAC_R,2,Y18-29,2022,34.530882,
ITC44,INAC_R,2,Y18-29,2023,45.160391,
ITC44,INAC_R,2,Y18-29,2024,53.824363,
ITC44,INAC_R,2,Y18-29,2025,46.584887,
ITC44,INAC_R,2,Y25-34,2018,25.427272,
ITC44,INAC_R,2,Y25-34,2019,22.974199,
ITC44,INAC_R,2,Y25-34,2020,25.385956,
ITC44,INAC_R,2,Y25-34,2021,20.583061,
ITC44,INAC_R,2,Y25-34,2022,26.068083,
ITC44,INAC_R,2,Y25-34,2023,27.315213,
ITC44,INAC_R,2,Y25-34,2024,40.316784,
ITC44,INAC_R,2,Y25-34,2025,42.357251,
ITC44,INAC_R,2,Y35-44,2018,21.177985,
ITC44,INAC_R,2,Y35-44,2019,21.224285,
ITC44,INAC_R,2,Y35-44,2020,22.867889,
ITC44,INAC_R,2,Y35-44,2021,28.324883,
ITC44,INAC_R,2,Y35-44,2022,21.104859,
ITC44,INAC_R,2,Y35-44,2023,18.846235,
ITC44,INAC_R,2,Y35-44,2024,26.885075,
ITC44,INAC_R,2,Y35-44,2025,22.117593,
ITC44,INAC_R,2,Y35-49,2018,21.378736,
ITC44,INAC_R,2,Y35-49,2019,21.740714,
ITC44,INAC_R,2,Y35-49,2020,22.757447,
ITC44,INAC_R,2,Y35-49,2021,23.720212,
ITC44,INAC_R,2,Y35-49,2022,20.363699,
ITC44,INAC_R,2,Y35-49,2023,20.021719,
ITC44,INAC_R,2,Y35-49,2024,28.036824,
ITC44,INAC_R,2,Y35-49,2025,25.59109,
ITC44,INAC_R,2,Y45-54,2018,23.553953,
ITC44,INAC_R,2,Y45-54,2019,24.192889,
ITC44,INAC_R,2,Y45-54,2020,25.020213,
ITC44,INAC_R,2,Y45-54,2021,22.665254,
ITC44,INAC_R,2,Y45-54,2022,20.647329,
ITC44,INAC_R,2,Y45-54,2023,23.125176,
ITC44,INAC_R,2,Y45-54,2024,32.872584,
ITC44,INAC_R,2,Y45-54,2025,30.57927,
ITC44,INAC_R,2,Y55-64,2018,55.346244,
ITC44,INAC_R,2,Y55-64,2019,55.21636,
ITC44,INAC_R,2,Y55-64,2020,53.108826,
ITC44,INAC_R,2,Y55-64,2021,53.277046,
ITC44,INAC_R,2,Y55-64,2022,51.93964,
ITC44,INAC_R,2,Y55-64,2023,52.064295,
ITC44,INAC_R,2,Y55-64,2024,40.382256,
ITC44,INAC_R,2,Y55-64,2025,48.09924,
ITC44,INAC_R,2,Y_GE15,2018,55.387203,
ITC44,INAC_R,2,Y_GE15,2019,54.602345,
ITC44,INAC_R,2,Y_GE15,2020,56.33668,
ITC44,INAC_R,2,Y_GE15,2021,56.105986,
ITC44,INAC_R,2,Y_GE15,2022,54.185592,
ITC44,INAC_R,2,Y_GE15,2023,55.830451,
ITC44,INAC_R,2,Y_GE15,2024,59.043649,
ITC44,INAC_R,2,Y_GE15,2025,59.250376,
ITC44,INAC_R,9,Y15-24,2018,63.594731,
ITC44,INAC_R,9,Y15-24,2019,60.848306,
ITC44,INAC_R,9,Y15-24,2020,60.625355,
ITC44,INAC_R,9,Y15-24,2021,63.347555,
ITC44,INAC_R,9,Y15-24,2022,67.672537,
ITC44,INAC_R,9,Y15-24,2023,64.612727,
ITC44,INAC_R,9,Y15-24,2024,71.457362,
ITC44,INAC_R,9,Y15-24,2025,65.968208,
ITC44,INAC_R,9,Y15-64,2018,30.194627,
ITC44,INAC_R,9,Y15-64,2019,29.414863,
ITC44,INAC_R,9,Y15-64,2020,31.403397,
ITC44,INAC_R,9,Y15-64,2021,31.486748,
ITC44,INAC_R,9,Y15-64,2022,30.188578,
ITC44,INAC_R,9,Y15-64,2023,30.522881,
ITC44,INAC_R,9,Y15-64,2024,31.86365,
ITC44,INAC_R,9,Y15-64,2025,31.982925,
ITC44,INAC_R,9,Y18-29,2018,37.109628,
ITC44,INAC_R,9,Y18-29,2019,29.216042,
ITC44,INAC_R,9,Y18-29,2020,33.71006,
ITC44,INAC_R,9,Y18-29,2021,35.598269,
ITC44,INAC_R,9,Y18-29,2022,40.375105,
ITC44,INAC_R,9,Y18-29,2023,39.054657,
ITC44,INAC_R,9,Y18-29,2024,40.440089,
ITC44,INAC_R,9,Y18-29,2025,43.038208,
ITC44,INAC_R,9,Y25-34,2018,18.91253,
ITC44,INAC_R,9,Y25-34,2019,10.502518,
ITC44,INAC_R,9,Y25-34,2020,16.729843,
ITC44,INAC_R,9,Y25-34,2021,16.660166,
ITC44,INAC_R,9,Y25-34,2022,19.255782,
ITC44,INAC_R,9,Y25-34,2023,18.027547,
ITC44,INAC_R,9,Y25-34,2024,21.546502,
ITC44,INAC_R,9,Y25-34,2025,21.910828,
ITC44,INAC_R,9,Y35-44,2018,13.539333,
ITC44,INAC_R,9,Y35-44,2019,13.48738,
ITC44,INAC_R,9,Y35-44,2020,13.886283,
ITC44,INAC_R,9,Y35-44,2021,16.747866,
ITC44,INAC_R,9,Y35-44,2022,12.418883,
ITC44,INAC_R,9,Y35-44,2023,11.856754,
ITC44,INAC_R,9,Y35-44,2024,12.03777,
ITC44,INAC_R,9,Y35-44,2025,11.180857,
ITC44,INAC_R,9,Y35-49,2018,12.424179,
ITC44,INAC_R,9,Y35-49,2019,12.943817,
ITC44,INAC_R,9,Y35-49,2020,14.424758,
ITC44,INAC_R,9,Y35-49,2021,14.504643,
ITC44,INAC_R,9,Y35-49,2022,12.24053,
ITC44,INAC_R,9,Y35-49,2023,12.491558,
ITC44,INAC_R,9,Y35-49,2024,14.968924,
ITC44,INAC_R,9,Y35-49,2025,14.052298,
ITC44,INAC_R,9,Y45-54,2018,13.458335,
ITC44,INAC_R,9,Y45-54,2019,13.895653,
ITC44,INAC_R,9,Y45-54,2020,17.22069,
ITC44,INAC_R,9,Y45-54,2021,15.538032,
ITC44,INAC_R,9,Y45-54,2022,12.429091,
ITC44,INAC_R,9,Y45-54,2023,14.535921,
ITC44,INAC_R,9,Y45-54,2024,19.312242,
ITC44,INAC_R,9,Y45-54,2025,18.841067,
ITC44,INAC_R,9,Y55-64,2018,47.686087,
ITC44,INAC_R,9,Y55-64,2019,52.723219,
ITC44,INAC_R,9,Y55-64,2020,50.203528,
ITC44,INAC_R,9,Y55-64,2021,48.146179,
ITC44,INAC_R,9,Y55-64,2022,45.836582,
ITC44,INAC_R,9,Y55-64,2023,44.715095,
ITC44,INAC_R,9,Y55-64,2024,38.457264,
ITC44,INAC_R,9,Y55-64,2025,40.704876,
ITC44,INAC_R,9,Y_GE15,2018,47.466497,
ITC44,INAC_R,9,Y_GE15,2019,47.095207,
ITC44,INAC_R,9,Y_GE15,2020,48.969415,
ITC44,INAC_R,9,Y_GE15,2021,49.385912,
ITC44,INAC_R,9,Y_GE15,2022,48.396692,
ITC44,INAC_R,9,Y_GE15,2023,48.744517,
ITC44,INAC_R,9,Y_GE15,2024,49.831654,
ITC44,INAC_R,9,Y_GE15,2025,50.629409,
ITC45,INAC_R,1,Y15-24,2018,69.959638,
ITC45,INAC_R,1,Y15-24,2019,70.883052,
ITC45,INAC_R,1,Y15-24,2020,75.259815,
ITC45,INAC_R,1,Y15-24,2021,69.206369,
ITC45,INAC_R,1,Y15-24,2022,72.037165,
ITC45,INAC_R,1,Y15-24,2023,70.867277,
ITC45,INAC_R,1,Y15-24,2024,68.219879,
ITC45,INAC_R,1,Y15-24,2025,77.253894,
ITC45,INAC_R,1,Y15-64,2018,20.534429,
ITC45,INAC_R,1,Y15-64,2019,19.791139,
ITC45,INAC_R,1,Y15-64,2020,23.276527,
ITC45,INAC_R,1,Y15-64,2021,22.122338,
ITC45,INAC_R,1,Y15-64,2022,20.491013,
ITC45,INAC_R,1,Y15-64,2023,19.847738,
ITC45,INAC_R,1,Y15-64,2024,19.605692,
ITC45,INAC_R,1,Y15-64,2025,20.413398,
ITC45,INAC_R,1,Y18-29,2018,40.27123,
ITC45,INAC_R,1,Y18-29,2019,39.417563,
ITC45,INAC_R,1,Y18-29,2020,46.132189,
ITC45,INAC_R,1,Y18-29,2021,39.889844,
ITC45,INAC_R,1,Y18-29,2022,39.9168,
ITC45,INAC_R,1,Y18-29,2023,39.489731,
ITC45,INAC_R,1,Y18-29,2024,40.881456,
ITC45,INAC_R,1,Y18-29,2025,48.968098,
ITC45,INAC_R,1,Y25-34,2018,11.121363,
ITC45,INAC_R,1,Y25-34,2019,9.492366,
ITC45,INAC_R,1,Y25-34,2020,14.171734,
ITC45,INAC_R,1,Y25-34,2021,11.435451,
ITC45,INAC_R,1,Y25-34,2022,10.441112,
ITC45,INAC_R,1,Y25-34,2023,10.370589,
ITC45,INAC_R,1,Y25-34,2024,12.775055,
ITC45,INAC_R,1,Y25-34,2025,13.309736,
ITC45,INAC_R,1,Y35-44,2018,4.768295,
ITC45,INAC_R,1,Y35-44,2019,4.497045,
ITC45,INAC_R,1,Y35-44,2020,6.306134,
ITC45,INAC_R,1,Y35-44,2021,4.853164,
ITC45,INAC_R,1,Y35-44,2022,3.982061,
ITC45,INAC_R,1,Y35-44,2023,4.174851,
ITC45,INAC_R,1,Y35-44,2024,3.611342,
ITC45,INAC_R,1,Y35-44,2025,2.910893,
ITC45,INAC_R,1,Y35-49,2018,4.938752,
ITC45,INAC_R,1,Y35-49,2019,4.254216,
ITC45,INAC_R,1,Y35-49,2020,7.148358,
ITC45,INAC_R,1,Y35-49,2021,5.636376,
ITC45,INAC_R,1,Y35-49,2022,3.792082,
ITC45,INAC_R,1,Y35-49,2023,4.31268,
ITC45,INAC_R,1,Y35-49,2024,3.919882,
ITC45,INAC_R,1,Y35-49,2025,3.083282,
ITC45,INAC_R,1,Y45-54,2018,5.987557,
ITC45,INAC_R,1,Y45-54,2019,4.386059,
ITC45,INAC_R,1,Y45-54,2020,8.098795,
ITC45,INAC_R,1,Y45-54,2021,6.53759,
ITC45,INAC_R,1,Y45-54,2022,4.282458,
ITC45,INAC_R,1,Y45-54,2023,4.387945,
ITC45,INAC_R,1,Y45-54,2024,4.160243,
ITC45,INAC_R,1,Y45-54,2025,4.368529,
ITC45,INAC_R,1,Y55-64,2018,29.292421,
ITC45,INAC_R,1,Y55-64,2019,28.789726,
ITC45,INAC_R,1,Y55-64,2020,29.968194,
ITC45,INAC_R,1,Y55-64,2021,31.264129,
ITC45,INAC_R,1,Y55-64,2022,26.503434,
ITC45,INAC_R,1,Y55-64,2023,23.294583,
ITC45,INAC_R,1,Y55-64,2024,21.651114,
ITC45,INAC_R,1,Y55-64,2025,18.492505,
ITC45,INAC_R,1,Y_GE15,2018,36.996505,
ITC45,INAC_R,1,Y_GE15,2019,36.350018,
ITC45,INAC_R,1,Y_GE15,2020,38.893755,
ITC45,INAC_R,1,Y_GE15,2021,37.646199,
ITC45,INAC_R,1,Y_GE15,2022,36.997627,
ITC45,INAC_R,1,Y_GE15,2023,36.749816,
ITC45,INAC_R,1,Y_GE15,2024,36.208948,
ITC45,INAC_R,1,Y_GE15,2025,36.662514,
ITC45,INAC_R,2,Y15-24,2018,79.166875,
ITC45,INAC_R,2,Y15-24,2019,77.252999,
ITC45,INAC_R,2,Y15-24,2020,77.363415,
ITC45,INAC_R,2,Y15-24,2021,81.054144,
ITC45,INAC_R,2,Y15-24,2022,74.219704,
ITC45,INAC_R,2,Y15-24,2023,72.774002,
ITC45,INAC_R,2,Y15-24,2024,78.174955,
ITC45,INAC_R,2,Y15-24,2025,79.329263,
ITC45,INAC_R,2,Y15-64,2018,30.698337,
ITC45,INAC_R,2,Y15-64,2019,29.972423,
ITC45,INAC_R,2,Y15-64,2020,32.59197,
ITC45,INAC_R,2,Y15-64,2021,32.494079,
ITC45,INAC_R,2,Y15-64,2022,31.130954,
ITC45,INAC_R,2,Y15-64,2023,30.664627,
ITC45,INAC_R,2,Y15-64,2024,29.954565,
ITC45,INAC_R,2,Y15-64,2025,29.493948,
ITC45,INAC_R,2,Y18-29,2018,48.177067,
ITC45,INAC_R,2,Y18-29,2019,48.93849,
ITC45,INAC_R,2,Y18-29,2020,48.850255,
ITC45,INAC_R,2,Y18-29,2021,51.935114,
ITC45,INAC_R,2,Y18-29,2022,46.238461,
ITC45,INAC_R,2,Y18-29,2023,45.11786,
ITC45,INAC_R,2,Y18-29,2024,47.477846,
ITC45,INAC_R,2,Y18-29,2025,51.007466,
ITC45,INAC_R,2,Y25-34,2018,17.428037,
ITC45,INAC_R,2,Y25-34,2019,17.212575,
ITC45,INAC_R,2,Y25-34,2020,22.12144,
ITC45,INAC_R,2,Y25-34,2021,22.614725,
ITC45,INAC_R,2,Y25-34,2022,19.009502,
ITC45,INAC_R,2,Y25-34,2023,15.748622,
ITC45,INAC_R,2,Y25-34,2024,15.606636,
ITC45,INAC_R,2,Y25-34,2025,20.608918,
ITC45,INAC_R,2,Y35-44,2018,14.931525,
ITC45,INAC_R,2,Y35-44,2019,15.911335,
ITC45,INAC_R,2,Y35-44,2020,18.75302,
ITC45,INAC_R,2,Y35-44,2021,17.512421,
ITC45,INAC_R,2,Y35-44,2022,15.906012,
ITC45,INAC_R,2,Y35-44,2023,17.83681,
ITC45,INAC_R,2,Y35-44,2024,14.962097,
ITC45,INAC_R,2,Y35-44,2025,18.400092,
ITC45,INAC_R,2,Y35-49,2018,16.300087,
ITC45,INAC_R,2,Y35-49,2019,15.47039,
ITC45,INAC_R,2,Y35-49,2020,20.362161,
ITC45,INAC_R,2,Y35-49,2021,17.945181,
ITC45,INAC_R,2,Y35-49,2022,14.797158,
ITC45,INAC_R,2,Y35-49,2023,16.085331,
ITC45,INAC_R,2,Y35-49,2024,14.697567,
ITC45,INAC_R,2,Y35-49,2025,16.391841,
ITC45,INAC_R,2,Y45-54,2018,19.484057,
ITC45,INAC_R,2,Y45-54,2019,16.287743,
ITC45,INAC_R,2,Y45-54,2020,20.978615,
ITC45,INAC_R,2,Y45-54,2021,16.757171,
ITC45,INAC_R,2,Y45-54,2022,15.087582,
ITC45,INAC_R,2,Y45-54,2023,17.75937,
ITC45,INAC_R,2,Y45-54,2024,17.820272,
ITC45,INAC_R,2,Y45-54,2025,12.800332,
ITC45,INAC_R,2,Y55-64,2018,40.796463,
ITC45,INAC_R,2,Y55-64,2019,39.921827,
ITC45,INAC_R,2,Y55-64,2020,40.074838,
ITC45,INAC_R,2,Y55-64,2021,41.820033,
ITC45,INAC_R,2,Y55-64,2022,43.139704,
ITC45,INAC_R,2,Y55-64,2023,40.937467,
ITC45,INAC_R,2,Y55-64,2024,37.283272,
ITC45,INAC_R,2,Y55-64,2025,32.850118,
ITC45,INAC_R,2,Y_GE15,2018,49.947117,
ITC45,INAC_R,2,Y_GE15,2019,49.517478,
ITC45,INAC_R,2,Y_GE15,2020,51.247881,
ITC45,INAC_R,2,Y_GE15,2021,51.163215,
ITC45,INAC_R,2,Y_GE15,2022,50.135478,
ITC45,INAC_R,2,Y_GE15,2023,49.570568,
ITC45,INAC_R,2,Y_GE15,2024,48.86994,
ITC45,INAC_R,2,Y_GE15,2025,48.658946,
ITC45,INAC_R,9,Y15-24,2018,74.405431,
ITC45,INAC_R,9,Y15-24,2019,74.012358,
ITC45,INAC_R,9,Y15-24,2020,76.271752,
ITC45,INAC_R,9,Y15-24,2021,74.791063,
ITC45,INAC_R,9,Y15-24,2022,73.11743,
ITC45,INAC_R,9,Y15-24,2023,71.788636,
ITC45,INAC_R,9,Y15-24,2024,72.912607,
ITC45,INAC_R,9,Y15-24,2025,78.226089,
ITC45,INAC_R,9,Y15-64,2018,25.621261,
ITC45,INAC_R,9,Y15-64,2019,24.879151,
ITC45,INAC_R,9,Y15-64,2020,27.930176,
ITC45,INAC_R,9,Y15-64,2021,27.302186,
ITC45,INAC_R,9,Y15-64,2022,25.797198,
ITC45,INAC_R,9,Y15-64,2023,25.229931,
ITC45,INAC_R,9,Y15-64,2024,24.749354,
ITC45,INAC_R,9,Y15-64,2025,24.916293,
ITC45,INAC_R,9,Y18-29,2018,44.079236,
ITC45,INAC_R,9,Y18-29,2019,44.002585,
ITC45,INAC_R,9,Y18-29,2020,47.434852,
ITC45,INAC_R,9,Y18-29,2021,45.804953,
ITC45,INAC_R,9,Y18-29,2022,42.980513,
ITC45,INAC_R,9,Y18-29,2023,42.216994,
ITC45,INAC_R,9,Y18-29,2024,44.081027,
ITC45,INAC_R,9,Y18-29,2025,49.940599,
ITC45,INAC_R,9,Y25-34,2018,14.184963,
ITC45,INAC_R,9,Y25-34,2019,13.145394,
ITC45,INAC_R,9,Y25-34,2020,18.080614,
ITC45,INAC_R,9,Y25-34,2021,16.936114,
ITC45,INAC_R,9,Y25-34,2022,14.61197,
ITC45,INAC_R,9,Y25-34,2023,12.899766,
ITC45,INAC_R,9,Y25-34,2024,14.142407,
ITC45,INAC_R,9,Y25-34,2025,16.89926,
ITC45,INAC_R,9,Y35-44,2018,9.930418,
ITC45,INAC_R,9,Y35-44,2019,10.311186,
ITC45,INAC_R,9,Y35-44,2020,12.502617,
ITC45,INAC_R,9,Y35-44,2021,11.123547,
ITC45,INAC_R,9,Y35-44,2022,9.701228,
ITC45,INAC_R,9,Y35-44,2023,11.02314,
ITC45,INAC_R,9,Y35-44,2024,9.30956,
ITC45,INAC_R,9,Y35-44,2025,10.592154,
ITC45,INAC_R,9,Y35-49,2018,10.63112,
ITC45,INAC_R,9,Y35-49,2019,9.891768,
ITC45,INAC_R,9,Y35-49,2020,13.730218,
ITC45,INAC_R,9,Y35-49,2021,11.81872,
ITC45,INAC_R,9,Y35-49,2022,9.217228,
ITC45,INAC_R,9,Y35-49,2023,10.258999,
ITC45,INAC_R,9,Y35-49,2024,9.331551,
ITC45,INAC_R,9,Y35-49,2025,9.676049,
ITC45,INAC_R,9,Y45-54,2018,12.74799,
ITC45,INAC_R,9,Y45-54,2019,10.305042,
ITC45,INAC_R,9,Y45-54,2020,14.647764,
ITC45,INAC_R,9,Y45-54,2021,11.801389,
ITC45,INAC_R,9,Y45-54,2022,9.887933,
ITC45,INAC_R,9,Y45-54,2023,11.302501,
ITC45,INAC_R,9,Y45-54,2024,11.119344,
ITC45,INAC_R,9,Y45-54,2025,8.604476,
ITC45,INAC_R,9,Y55-64,2018,35.229693,
ITC45,INAC_R,9,Y55-64,2019,34.575936,
ITC45,INAC_R,9,Y55-64,2020,35.114804,
ITC45,INAC_R,9,Y55-64,2021,36.64706,
ITC45,INAC_R,9,Y55-64,2022,34.907806,
ITC45,INAC_R,9,Y55-64,2023,32.157425,
ITC45,INAC_R,9,Y55-64,2024,29.57609,
ITC45,INAC_R,9,Y55-64,2025,25.816463,
ITC45,INAC_R,9,Y_GE15,2018,43.735763,
ITC45,INAC_R,9,Y_GE15,2019,43.193065,
ITC45,INAC_R,9,Y_GE15,2020,45.309777,
ITC45,INAC_R,9,Y_GE15,2021,44.664834,
ITC45,INAC_R,9,Y_GE15,2022,43.809687,
ITC45,INAC_R,9,Y_GE15,2023,43.382546,
ITC45,INAC_R,9,Y_GE15,2024,42.751919,
ITC45,INAC_R,9,Y_GE15,2025,42.848852,
ITC46,INAC_R,1,Y15-24,2018,63.044704,
ITC46,INAC_R,1,Y15-24,2019,64.506094,
ITC46,INAC_R,1,Y15-24,2020,67.022735,
ITC46,INAC_R,1,Y15-24,2021,65.571467,
ITC46,INAC_R,1,Y15-24,2022,62.794462,
ITC46,INAC_R,1,Y15-24,2023,61.982101,
ITC46,INAC_R,1,Y15-24,2024,71.573462,
ITC46,INAC_R,1,Y15-24,2025,69.667325,
ITC46,INAC_R,1,Y15-64,2018,20.412578,
ITC46,INAC_R,1,Y15-64,2019,19.387628,
ITC46,INAC_R,1,Y15-64,2020,22.308888,
ITC46,INAC_R,1,Y15-64,2021,23.580505,
ITC46,INAC_R,1,Y15-64,2022,21.110743,
ITC46,INAC_R,1,Y15-64,2023,20.403175,
ITC46,INAC_R,1,Y15-64,2024,22.795153,
ITC46,INAC_R,1,Y15-64,2025,22.534811,
ITC46,INAC_R,1,Y18-29,2018,36.960853,
ITC46,INAC_R,1,Y18-29,2019,34.501081,
ITC46,INAC_R,1,Y18-29,2020,39.243594,
ITC46,INAC_R,1,Y18-29,2021,37.458075,
ITC46,INAC_R,1,Y18-29,2022,30.755406,
ITC46,INAC_R,1,Y18-29,2023,35.061079,
ITC46,INAC_R,1,Y18-29,2024,40.956262,
ITC46,INAC_R,1,Y18-29,2025,39.486056,
ITC46,INAC_R,1,Y25-34,2018,12.435659,
ITC46,INAC_R,1,Y25-34,2019,11.384801,
ITC46,INAC_R,1,Y25-34,2020,13.282583,
ITC46,INAC_R,1,Y25-34,2021,14.788434,
ITC46,INAC_R,1,Y25-34,2022,6.246925,
ITC46,INAC_R,1,Y25-34,2023,9.129424,
ITC46,INAC_R,1,Y25-34,2024,11.424682,
ITC46,INAC_R,1,Y25-34,2025,11.515839,
ITC46,INAC_R,1,Y35-44,2018,3.476061,
ITC46,INAC_R,1,Y35-44,2019,1.505183,
ITC46,INAC_R,1,Y35-44,2020,3.187593,
ITC46,INAC_R,1,Y35-44,2021,1.999308,
ITC46,INAC_R,1,Y35-44,2022,3.617834,
ITC46,INAC_R,1,Y35-44,2023,4.400731,
ITC46,INAC_R,1,Y35-44,2024,4.656921,
ITC46,INAC_R,1,Y35-44,2025,4.242603,
ITC46,INAC_R,1,Y35-49,2018,3.610355,
ITC46,INAC_R,1,Y35-49,2019,2.581924,
ITC46,INAC_R,1,Y35-49,2020,3.431008,
ITC46,INAC_R,1,Y35-49,2021,2.414929,
ITC46,INAC_R,1,Y35-49,2022,3.216097,
ITC46,INAC_R,1,Y35-49,2023,4.51198,
ITC46,INAC_R,1,Y35-49,2024,3.070053,
ITC46,INAC_R,1,Y35-49,2025,3.256636,
ITC46,INAC_R,1,Y45-54,2018,3.738491,
ITC46,INAC_R,1,Y45-54,2019,5.033854,
ITC46,INAC_R,1,Y45-54,2020,5.975301,
ITC46,INAC_R,1,Y45-54,2021,5.001507,
ITC46,INAC_R,1,Y45-54,2022,3.178982,
ITC46,INAC_R,1,Y45-54,2023,3.697754,
ITC46,INAC_R,1,Y45-54,2024,3.257431,
ITC46,INAC_R,1,Y45-54,2025,2.482852,
ITC46,INAC_R,1,Y55-64,2018,31.85956,
ITC46,INAC_R,1,Y55-64,2019,29.316617,
ITC46,INAC_R,1,Y55-64,2020,34.982922,
ITC46,INAC_R,1,Y55-64,2021,40.851766,
ITC46,INAC_R,1,Y55-64,2022,39.914708,
ITC46,INAC_R,1,Y55-64,2023,30.051081,
ITC46,INAC_R,1,Y55-64,2024,30.905913,
ITC46,INAC_R,1,Y55-64,2025,32.43938,
ITC46,INAC_R,1,Y_GE15,2018,36.353124,
ITC46,INAC_R,1,Y_GE15,2019,36.065292,
ITC46,INAC_R,1,Y_GE15,2020,38.046274,
ITC46,INAC_R,1,Y_GE15,2021,38.814016,
ITC46,INAC_R,1,Y_GE15,2022,37.864297,
ITC46,INAC_R,1,Y_GE15,2023,37.553813,
ITC46,INAC_R,1,Y_GE15,2024,39.376459,
ITC46,INAC_R,1,Y_GE15,2025,39.620452,
ITC46,INAC_R,2,Y15-24,2018,72.6455,
ITC46,INAC_R,2,Y15-24,2019,69.59326,
ITC46,INAC_R,2,Y15-24,2020,72.29019,
ITC46,INAC_R,2,Y15-24,2021,79.090486,
ITC46,INAC_R,2,Y15-24,2022,74.159609,
ITC46,INAC_R,2,Y15-24,2023,69.118117,
ITC46,INAC_R,2,Y15-24,2024,70.032482,
ITC46,INAC_R,2,Y15-24,2025,71.627192,
ITC46,INAC_R,2,Y15-64,2018,41.724853,
ITC46,INAC_R,2,Y15-64,2019,43.693989,
ITC46,INAC_R,2,Y15-64,2020,43.877355,
ITC46,INAC_R,2,Y15-64,2021,41.009235,
ITC46,INAC_R,2,Y15-64,2022,39.313496,
ITC46,INAC_R,2,Y15-64,2023,40.33301,
ITC46,INAC_R,2,Y15-64,2024,38.562845,
ITC46,INAC_R,2,Y15-64,2025,40.242356,
ITC46,INAC_R,2,Y18-29,2018,47.246684,
ITC46,INAC_R,2,Y18-29,2019,50.054353,
ITC46,INAC_R,2,Y18-29,2020,48.809196,
ITC46,INAC_R,2,Y18-29,2021,55.834681,
ITC46,INAC_R,2,Y18-29,2022,51.562108,
ITC46,INAC_R,2,Y18-29,2023,46.53808,
ITC46,INAC_R,2,Y18-29,2024,44.587222,
ITC46,INAC_R,2,Y18-29,2025,46.3171,
ITC46,INAC_R,2,Y25-34,2018,28.060403,
ITC46,INAC_R,2,Y25-34,2019,33.007483,
ITC46,INAC_R,2,Y25-34,2020,30.666592,
ITC46,INAC_R,2,Y25-34,2021,27.211289,
ITC46,INAC_R,2,Y25-34,2022,28.946186,
ITC46,INAC_R,2,Y25-34,2023,32.622256,
ITC46,INAC_R,2,Y25-34,2024,22.55274,
ITC46,INAC_R,2,Y25-34,2025,21.061082,
ITC46,INAC_R,2,Y35-44,2018,27.063682,
ITC46,INAC_R,2,Y35-44,2019,29.192064,
ITC46,INAC_R,2,Y35-44,2020,27.317434,
ITC46,INAC_R,2,Y35-44,2021,26.550419,
ITC46,INAC_R,2,Y35-44,2022,25.861586,
ITC46,INAC_R,2,Y35-44,2023,27.327727,
ITC46,INAC_R,2,Y35-44,2024,26.918401,
ITC46,INAC_R,2,Y35-44,2025,30.843583,
ITC46,INAC_R,2,Y35-49,2018,26.018591,
ITC46,INAC_R,2,Y35-49,2019,26.309858,
ITC46,INAC_R,2,Y35-49,2020,26.526366,
ITC46,INAC_R,2,Y35-49,2021,26.60543,
ITC46,INAC_R,2,Y35-49,2022,22.67202,
ITC46,INAC_R,2,Y35-49,2023,24.737947,
ITC46,INAC_R,2,Y35-49,2024,23.960114,
ITC46,INAC_R,2,Y35-49,2025,27.558871,
ITC46,INAC_R,2,Y45-54,2018,30.645008,
ITC46,INAC_R,2,Y45-54,2019,30.031498,
ITC46,INAC_R,2,Y45-54,2020,33.011468,
ITC46,INAC_R,2,Y45-54,2021,26.21511,
ITC46,INAC_R,2,Y45-54,2022,21.125223,
ITC46,INAC_R,2,Y45-54,2023,25.133409,
ITC46,INAC_R,2,Y45-54,2024,24.314686,
ITC46,INAC_R,2,Y45-54,2025,27.542086,
ITC46,INAC_R,2,Y55-64,2018,58.499559,
ITC46,INAC_R,2,Y55-64,2019,61.100771,
ITC46,INAC_R,2,Y55-64,2020,60.240869,
ITC46,INAC_R,2,Y55-64,2021,52.085482,
ITC46,INAC_R,2,Y55-64,2022,53.819994,
ITC46,INAC_R,2,Y55-64,2023,51.353072,
ITC46,INAC_R,2,Y55-64,2024,51.722788,
ITC46,INAC_R,2,Y55-64,2025,50.541927,
ITC46,INAC_R,2,Y_GE15,2018,56.713914,
ITC46,INAC_R,2,Y_GE15,2019,58.094156,
ITC46,INAC_R,2,Y_GE15,2020,57.988308,
ITC46,INAC_R,2,Y_GE15,2021,56.247179,
ITC46,INAC_R,2,Y_GE15,2022,55.076361,
ITC46,INAC_R,2,Y_GE15,2023,55.958117,
ITC46,INAC_R,2,Y_GE15,2024,54.902623,
ITC46,INAC_R,2,Y_GE15,2025,56.164948,
ITC46,INAC_R,9,Y15-24,2018,67.571959,
ITC46,INAC_R,9,Y15-24,2019,67.100489,
ITC46,INAC_R,9,Y15-24,2020,69.678917,
ITC46,INAC_R,9,Y15-24,2021,72.439056,
ITC46,INAC_R,9,Y15-24,2022,68.449059,
ITC46,INAC_R,9,Y15-24,2023,65.426184,
ITC46,INAC_R,9,Y15-24,2024,70.828947,
ITC46,INAC_R,9,Y15-24,2025,70.633954,
ITC46,INAC_R,9,Y15-64,2018,30.883585,
ITC46,INAC_R,9,Y15-64,2019,31.328927,
ITC46,INAC_R,9,Y15-64,2020,32.911882,
ITC46,INAC_R,9,Y15-64,2021,32.142746,
ITC46,INAC_R,9,Y15-64,2022,30.031442,
ITC46,INAC_R,9,Y15-64,2023,30.169075,
ITC46,INAC_R,9,Y15-64,2024,30.518356,
ITC46,INAC_R,9,Y15-64,2025,31.194269,
ITC46,INAC_R,9,Y18-29,2018,41.980754,
ITC46,INAC_R,9,Y18-29,2019,41.963581,
ITC46,INAC_R,9,Y18-29,2020,43.874893,
ITC46,INAC_R,9,Y18-29,2021,46.338513,
ITC46,INAC_R,9,Y18-29,2022,41.06554,
ITC46,INAC_R,9,Y18-29,2023,40.670406,
ITC46,INAC_R,9,Y18-29,2024,42.74849,
ITC46,INAC_R,9,Y18-29,2025,42.847886,
ITC46,INAC_R,9,Y25-34,2018,20.406705,
ITC46,INAC_R,9,Y25-34,2019,21.377475,
ITC46,INAC_R,9,Y25-34,2020,21.49522,
ITC46,INAC_R,9,Y25-34,2021,20.931663,
ITC46,INAC_R,9,Y25-34,2022,17.075074,
ITC46,INAC_R,9,Y25-34,2023,20.807011,
ITC46,INAC_R,9,Y25-34,2024,16.906984,
ITC46,INAC_R,9,Y25-34,2025,16.303882,
ITC46,INAC_R,9,Y35-44,2018,15.022634,
ITC46,INAC_R,9,Y35-44,2019,15.442221,
ITC46,INAC_R,9,Y35-44,2020,14.870484,
ITC46,INAC_R,9,Y35-44,2021,13.317971,
ITC46,INAC_R,9,Y35-44,2022,14.511668,
ITC46,INAC_R,9,Y35-44,2023,15.689764,
ITC46,INAC_R,9,Y35-44,2024,15.617285,
ITC46,INAC_R,9,Y35-44,2025,17.336151,
ITC46,INAC_R,9,Y35-49,2018,14.509655,
ITC46,INAC_R,9,Y35-49,2019,14.260356,
ITC46,INAC_R,9,Y35-49,2020,14.773917,
ITC46,INAC_R,9,Y35-49,2021,13.983584,
ITC46,INAC_R,9,Y35-49,2022,12.742565,
ITC46,INAC_R,9,Y35-49,2023,14.359685,
ITC46,INAC_R,9,Y35-49,2024,13.266106,
ITC46,INAC_R,9,Y35-49,2025,14.822427,
ITC46,INAC_R,9,Y45-54,2018,16.612682,
ITC46,INAC_R,9,Y45-54,2019,16.803457,
ITC46,INAC_R,9,Y45-54,2020,19.427474,
ITC46,INAC_R,9,Y45-54,2021,15.742354,
ITC46,INAC_R,9,Y45-54,2022,11.865129,
ITC46,INAC_R,9,Y45-54,2023,13.784563,
ITC46,INAC_R,9,Y45-54,2024,13.461882,
ITC46,INAC_R,9,Y45-54,2025,14.116907,
ITC46,INAC_R,9,Y55-64,2018,45.379589,
ITC46,INAC_R,9,Y55-64,2019,45.623971,
ITC46,INAC_R,9,Y55-64,2020,47.511233,
ITC46,INAC_R,9,Y55-64,2021,46.297072,
ITC46,INAC_R,9,Y55-64,2022,46.894831,
ITC46,INAC_R,9,Y55-64,2023,40.878958,
ITC46,INAC_R,9,Y55-64,2024,41.219938,
ITC46,INAC_R,9,Y55-64,2025,41.478745,
ITC46,INAC_R,9,Y_GE15,2018,46.661188,
ITC46,INAC_R,9,Y_GE15,2019,47.21147,
ITC46,INAC_R,9,Y_GE15,2020,48.139267,
ITC46,INAC_R,9,Y_GE15,2021,47.63616,
ITC46,INAC_R,9,Y_GE15,2022,46.559925,
ITC46,INAC_R,9,Y_GE15,2023,46.840055,
ITC46,INAC_R,9,Y_GE15,2024,47.206613,
ITC46,INAC_R,9,Y_GE15,2025,47.951161,
ITC47,INAC_R,1,Y15-24,2018,63.138681,
ITC47,INAC_R,1,Y15-24,2019,60.812667,
ITC47,INAC_R,1,Y15-24,2020,63.866796,
ITC47,INAC_R,1,Y15-24,2021,69.023574,
ITC47,INAC_R,1,Y15-24,2022,59.955762,
ITC47,INAC_R,1,Y15-24,2023,60.140849,
ITC47,INAC_R,1,Y15-24,2024,59.754954,
ITC47,INAC_R,1,Y15-24,2025,61.836649,
ITC47,INAC_R,1,Y15-64,2018,18.195236,
ITC47,INAC_R,1,Y15-64,2019,19.122516,
ITC47,INAC_R,1,Y15-64,2020,21.157961,
ITC47,INAC_R,1,Y15-64,2021,19.977904,
ITC47,INAC_R,1,Y15-64,2022,21.157219,
ITC47,INAC_R,1,Y15-64,2023,21.38317,
ITC47,INAC_R,1,Y15-64,2024,21.424682,
ITC47,INAC_R,1,Y15-64,2025,19.69803,
ITC47,INAC_R,1,Y18-29,2018,32.800869,
ITC47,INAC_R,1,Y18-29,2019,34.743425,
ITC47,INAC_R,1,Y18-29,2020,35.013368,
ITC47,INAC_R,1,Y18-29,2021,35.873072,
ITC47,INAC_R,1,Y18-29,2022,36.669577,
ITC47,INAC_R,1,Y18-29,2023,32.705663,
ITC47,INAC_R,1,Y18-29,2024,30.921013,
ITC47,INAC_R,1,Y18-29,2025,27.821086,
ITC47,INAC_R,1,Y25-34,2018,4.78699,
ITC47,INAC_R,1,Y25-34,2019,9.202109,
ITC47,INAC_R,1,Y25-34,2020,9.24938,
ITC47,INAC_R,1,Y25-34,2021,6.524806,
ITC47,INAC_R,1,Y25-34,2022,8.414078,
ITC47,INAC_R,1,Y25-34,2023,8.836922,
ITC47,INAC_R,1,Y25-34,2024,8.313553,
ITC47,INAC_R,1,Y25-34,2025,7.11099,
ITC47,INAC_R,1,Y35-44,2018,0.974799,
ITC47,INAC_R,1,Y35-44,2019,3.423155,
ITC47,INAC_R,1,Y35-44,2020,5.280941,
ITC47,INAC_R,1,Y35-44,2021,6.108902,
ITC47,INAC_R,1,Y35-44,2022,2.228214,
ITC47,INAC_R,1,Y35-44,2023,2.905235,
ITC47,INAC_R,1,Y35-44,2024,4.229647,
ITC47,INAC_R,1,Y35-44,2025,4.101332,
ITC47,INAC_R,1,Y35-49,2018,2.201433,
ITC47,INAC_R,1,Y35-49,2019,3.861711,
ITC47,INAC_R,1,Y35-49,2020,5.774542,
ITC47,INAC_R,1,Y35-49,2021,5.622716,
ITC47,INAC_R,1,Y35-49,2022,1.625157,
ITC47,INAC_R,1,Y35-49,2023,3.830322,
ITC47,INAC_R,1,Y35-49,2024,3.414653,
ITC47,INAC_R,1,Y35-49,2025,2.659279,
ITC47,INAC_R,1,Y45-54,2018,4.743306,
ITC47,INAC_R,1,Y45-54,2019,3.79678,
ITC47,INAC_R,1,Y45-54,2020,5.924601,
ITC47,INAC_R,1,Y45-54,2021,4.639335,
ITC47,INAC_R,1,Y45-54,2022,1.775318,
ITC47,INAC_R,1,Y45-54,2023,5.645683,
ITC47,INAC_R,1,Y45-54,2024,4.901504,
ITC47,INAC_R,1,Y45-54,2025,2.046224,
ITC47,INAC_R,1,Y55-64,2018,31.415632,
ITC47,INAC_R,1,Y55-64,2019,27.488046,
ITC47,INAC_R,1,Y55-64,2020,31.413619,
ITC47,INAC_R,1,Y55-64,2021,28.80304,
ITC47,INAC_R,1,Y55-64,2022,38.136488,
ITC47,INAC_R,1,Y55-64,2023,33.528766,
ITC47,INAC_R,1,Y55-64,2024,35.74324,
ITC47,INAC_R,1,Y55-64,2025,34.17677,
ITC47,INAC_R,1,Y_GE15,2018,34.593158,
ITC47,INAC_R,1,Y_GE15,2019,35.479205,
ITC47,INAC_R,1,Y_GE15,2020,37.696267,
ITC47,INAC_R,1,Y_GE15,2021,36.263229,
ITC47,INAC_R,1,Y_GE15,2022,37.495367,
ITC47,INAC_R,1,Y_GE15,2023,37.633605,
ITC47,INAC_R,1,Y_GE15,2024,38.436784,
ITC47,INAC_R,1,Y_GE15,2025,36.78676,
ITC47,INAC_R,2,Y15-24,2018,71.516354,
ITC47,INAC_R,2,Y15-24,2019,66.224565,
ITC47,INAC_R,2,Y15-24,2020,78.407545,
ITC47,INAC_R,2,Y15-24,2021,80.207482,
ITC47,INAC_R,2,Y15-24,2022,84.978488,
ITC47,INAC_R,2,Y15-24,2023,74.891068,
ITC47,INAC_R,2,Y15-24,2024,72.957911,
ITC47,INAC_R,2,Y15-24,2025,73.915441,
ITC47,INAC_R,2,Y15-64,2018,40.970249,
ITC47,INAC_R,2,Y15-64,2019,39.74123,
ITC47,INAC_R,2,Y15-64,2020,42.929723,
ITC47,INAC_R,2,Y15-64,2021,41.993381,
ITC47,INAC_R,2,Y15-64,2022,41.657484,
ITC47,INAC_R,2,Y15-64,2023,40.7695,
ITC47,INAC_R,2,Y15-64,2024,40.440968,
ITC47,INAC_R,2,Y15-64,2025,41.193996,
ITC47,INAC_R,2,Y18-29,2018,41.451865,
ITC47,INAC_R,2,Y18-29,2019,39.296116,
ITC47,INAC_R,2,Y18-29,2020,53.146192,
ITC47,INAC_R,2,Y18-29,2021,54.847708,
ITC47,INAC_R,2,Y18-29,2022,51.76087,
ITC47,INAC_R,2,Y18-29,2023,44.250055,
ITC47,INAC_R,2,Y18-29,2024,43.521831,
ITC47,INAC_R,2,Y18-29,2025,50.08873,
ITC47,INAC_R,2,Y25-34,2018,26.614495,
ITC47,INAC_R,2,Y25-34,2019,28.636329,
ITC47,INAC_R,2,Y25-34,2020,31.282957,
ITC47,INAC_R,2,Y25-34,2021,28.116767,
ITC47,INAC_R,2,Y25-34,2022,30.141501,
ITC47,INAC_R,2,Y25-34,2023,25.504656,
ITC47,INAC_R,2,Y25-34,2024,21.404135,
ITC47,INAC_R,2,Y25-34,2025,32.192846,
ITC47,INAC_R,2,Y35-44,2018,31.329538,
ITC47,INAC_R,2,Y35-44,2019,30.134775,
ITC47,INAC_R,2,Y35-44,2020,29.633429,
ITC47,INAC_R,2,Y35-44,2021,27.785083,
ITC47,INAC_R,2,Y35-44,2022,21.523706,
ITC47,INAC_R,2,Y35-44,2023,18.842547,
ITC47,INAC_R,2,Y35-44,2024,25.937135,
ITC47,INAC_R,2,Y35-44,2025,31.012167,
ITC47,INAC_R,2,Y35-49,2018,31.571065,
ITC47,INAC_R,2,Y35-49,2019,28.691125,
ITC47,INAC_R,2,Y35-49,2020,29.32398,
ITC47,INAC_R,2,Y35-49,2021,26.811005,
ITC47,INAC_R,2,Y35-49,2022,19.050445,
ITC47,INAC_R,2,Y35-49,2023,21.809227,
ITC47,INAC_R,2,Y35-49,2024,25.18657,
ITC47,INAC_R,2,Y35-49,2025,26.709174,
ITC47,INAC_R,2,Y45-54,2018,32.066175,
ITC47,INAC_R,2,Y45-54,2019,27.347614,
ITC47,INAC_R,2,Y45-54,2020,26.794254,
ITC47,INAC_R,2,Y45-54,2021,26.048183,
ITC47,INAC_R,2,Y45-54,2022,25.162885,
ITC47,INAC_R,2,Y45-54,2023,32.733783,
ITC47,INAC_R,2,Y45-54,2024,24.490466,
ITC47,INAC_R,2,Y45-54,2025,20.079027,
ITC47,INAC_R,2,Y55-64,2018,55.403909,
ITC47,INAC_R,2,Y55-64,2019,58.253851,
ITC47,INAC_R,2,Y55-64,2020,61.341225,
ITC47,INAC_R,2,Y55-64,2021,56.073552,
ITC47,INAC_R,2,Y55-64,2022,58.334225,
ITC47,INAC_R,2,Y55-64,2023,55.073743,
ITC47,INAC_R,2,Y55-64,2024,58.503184,
ITC47,INAC_R,2,Y55-64,2025,54.493445,
ITC47,INAC_R,2,Y_GE15,2018,56.200758,
ITC47,INAC_R,2,Y_GE15,2019,55.5007,
ITC47,INAC_R,2,Y_GE15,2020,57.667611,
ITC47,INAC_R,2,Y_GE15,2021,56.974041,
ITC47,INAC_R,2,Y_GE15,2022,57.354346,
ITC47,INAC_R,2,Y_GE15,2023,57.0235,
ITC47,INAC_R,2,Y_GE15,2024,56.405017,
ITC47,INAC_R,2,Y_GE15,2025,57.153349,
ITC47,INAC_R,9,Y15-24,2018,67.018485,
ITC47,INAC_R,9,Y15-24,2019,63.1863,
ITC47,INAC_R,9,Y15-24,2020,70.310177,
ITC47,INAC_R,9,Y15-24,2021,74.623055,
ITC47,INAC_R,9,Y15-24,2022,71.173831,
ITC47,INAC_R,9,Y15-24,2023,66.951489,
ITC47,INAC_R,9,Y15-24,2024,66.025947,
ITC47,INAC_R,9,Y15-24,2025,67.936581,
ITC47,INAC_R,9,Y15-64,2018,29.42808,
ITC47,INAC_R,9,Y15-64,2019,29.279918,
ITC47,INAC_R,9,Y15-64,2020,31.884132,
ITC47,INAC_R,9,Y15-64,2021,30.810658,
ITC47,INAC_R,9,Y15-64,2022,31.209547,
ITC47,INAC_R,9,Y15-64,2023,30.88707,
ITC47,INAC_R,9,Y15-64,2024,30.744834,
ITC47,INAC_R,9,Y15-64,2025,30.215364,
ITC47,INAC_R,9,Y18-29,2018,37.048721,
ITC47,INAC_R,9,Y18-29,2019,36.979598,
ITC47,INAC_R,9,Y18-29,2020,44.049982,
ITC47,INAC_R,9,Y18-29,2021,44.837428,
ITC47,INAC_R,9,Y18-29,2022,43.492534,
ITC47,INAC_R,9,Y18-29,2023,38.149151,
ITC47,INAC_R,9,Y18-29,2024,36.745829,
ITC47,INAC_R,9,Y18-29,2025,38.183816,
ITC47,INAC_R,9,Y25-34,2018,16.681105,
ITC47,INAC_R,9,Y25-34,2019,20.292954,
ITC47,INAC_R,9,Y25-34,2020,21.227728,
ITC47,INAC_R,9,Y25-34,2021,17.969351,
ITC47,INAC_R,9,Y25-34,2022,19.45024,
ITC47,INAC_R,9,Y25-34,2023,17.443371,
ITC47,INAC_R,9,Y25-34,2024,14.721025,
ITC47,INAC_R,9,Y25-34,2025,18.313046,
ITC47,INAC_R,9,Y35-44,2018,14.618789,
ITC47,INAC_R,9,Y35-44,2019,15.665744,
ITC47,INAC_R,9,Y35-44,2020,16.976508,
ITC47,INAC_R,9,Y35-44,2021,16.333913,
ITC47,INAC_R,9,Y35-44,2022,12.303738,
ITC47,INAC_R,9,Y35-44,2023,11.013136,
ITC47,INAC_R,9,Y35-44,2024,15.078007,
ITC47,INAC_R,9,Y35-44,2025,17.571776,
ITC47,INAC_R,9,Y35-49,2018,16.177461,
ITC47,INAC_R,9,Y35-49,2019,15.576115,
ITC47,INAC_R,9,Y35-49,2020,17.117861,
ITC47,INAC_R,9,Y35-49,2021,15.383069,
ITC47,INAC_R,9,Y35-49,2022,10.274917,
ITC47,INAC_R,9,Y35-49,2023,12.562496,
ITC47,INAC_R,9,Y35-49,2024,14.14419,
ITC47,INAC_R,9,Y35-49,2025,14.692884,
ITC47,INAC_R,9,Y45-54,2018,18.81812,
ITC47,INAC_R,9,Y45-54,2019,15.806267,
ITC47,INAC_R,9,Y45-54,2020,15.825699,
ITC47,INAC_R,9,Y45-54,2021,14.426655,
ITC47,INAC_R,9,Y45-54,2022,12.741772,
ITC47,INAC_R,9,Y45-54,2023,17.896458,
ITC47,INAC_R,9,Y45-54,2024,14.007832,
ITC47,INAC_R,9,Y45-54,2025,10.746204,
ITC47,INAC_R,9,Y55-64,2018,43.329976,
ITC47,INAC_R,9,Y55-64,2019,42.392558,
ITC47,INAC_R,9,Y55-64,2020,46.975494,
ITC47,INAC_R,9,Y55-64,2021,42.850711,
ITC47,INAC_R,9,Y55-64,2022,48.221067,
ITC47,INAC_R,9,Y55-64,2023,44.582918,
ITC47,INAC_R,9,Y55-64,2024,47.553779,
ITC47,INAC_R,9,Y55-64,2025,44.5391,
ITC47,INAC_R,9,Y_GE15,2018,45.612458,
ITC47,INAC_R,9,Y_GE15,2019,45.674014,
ITC47,INAC_R,9,Y_GE15,2020,47.860715,
ITC47,INAC_R,9,Y_GE15,2021,46.793756,
ITC47,INAC_R,9,Y_GE15,2022,47.562578,
ITC47,INAC_R,9,Y_GE15,2023,47.450761,
ITC47,INAC_R,9,Y_GE15,2024,47.530845,
ITC47,INAC_R,9,Y_GE15,2025,47.074642,
ITC48,INAC_R,1,Y15-24,2018,66.531182,
ITC48,INAC_R,1,Y15-24,2019,64.611343,
ITC48,INAC_R,1,Y15-24,2020,68.787198,
ITC48,INAC_R,1,Y15-24,2021,66.056303,
ITC48,INAC_R,1,Y15-24,2022,66.45144,
ITC48,INAC_R,1,Y15-24,2023,66.683574,
ITC48,INAC_R,1,Y15-24,2024,70.243282,
ITC48,INAC_R,1,Y15-24,2025,69.477789,
ITC48,INAC_R,1,Y15-64,2018,22.805346,
ITC48,INAC_R,1,Y15-64,2019,21.907272,
ITC48,INAC_R,1,Y15-64,2020,24.765754,
ITC48,INAC_R,1,Y15-64,2021,23.924348,
ITC48,INAC_R,1,Y15-64,2022,22.004583,
ITC48,INAC_R,1,Y15-64,2023,21.864195,
ITC48,INAC_R,1,Y15-64,2024,22.980692,
ITC48,INAC_R,1,Y15-64,2025,21.789971,
ITC48,INAC_R,1,Y18-29,2018,35.983626,
ITC48,INAC_R,1,Y18-29,2019,35.865509,
ITC48,INAC_R,1,Y18-29,2020,47.304814,
ITC48,INAC_R,1,Y18-29,2021,34.110381,
ITC48,INAC_R,1,Y18-29,2022,38.206478,
ITC48,INAC_R,1,Y18-29,2023,35.779275,
ITC48,INAC_R,1,Y18-29,2024,37.913043,
ITC48,INAC_R,1,Y18-29,2025,42.346954,
ITC48,INAC_R,1,Y25-34,2018,12.779212,
ITC48,INAC_R,1,Y25-34,2019,9.785007,
ITC48,INAC_R,1,Y25-34,2020,22.238158,
ITC48,INAC_R,1,Y25-34,2021,10.387827,
ITC48,INAC_R,1,Y25-34,2022,9.965622,
ITC48,INAC_R,1,Y25-34,2023,16.247899,
ITC48,INAC_R,1,Y25-34,2024,13.107248,
ITC48,INAC_R,1,Y25-34,2025,13.70067,
ITC48,INAC_R,1,Y35-44,2018,5.881427,
ITC48,INAC_R,1,Y35-44,2019,5.017132,
ITC48,INAC_R,1,Y35-44,2020,6.089967,
ITC48,INAC_R,1,Y35-44,2021,6.752887,
ITC48,INAC_R,1,Y35-44,2022,5.425289,
ITC48,INAC_R,1,Y35-44,2023,5.322731,
ITC48,INAC_R,1,Y35-44,2024,7.181485,
ITC48,INAC_R,1,Y35-44,2025,6.525291,
ITC48,INAC_R,1,Y35-49,2018,5.129337,
ITC48,INAC_R,1,Y35-49,2019,5.174985,
ITC48,INAC_R,1,Y35-49,2020,7.147149,
ITC48,INAC_R,1,Y35-49,2021,8.096213,
ITC48,INAC_R,1,Y35-49,2022,4.987877,
ITC48,INAC_R,1,Y35-49,2023,4.954498,
ITC48,INAC_R,1,Y35-49,2024,6.87163,
ITC48,INAC_R,1,Y35-49,2025,6.938628,
ITC48,INAC_R,1,Y45-54,2018,7.539341,
ITC48,INAC_R,1,Y45-54,2019,5.685788,
ITC48,INAC_R,1,Y45-54,2020,9.244533,
ITC48,INAC_R,1,Y45-54,2021,9.993638,
ITC48,INAC_R,1,Y45-54,2022,4.55312,
ITC48,INAC_R,1,Y45-54,2023,5.985184,
ITC48,INAC_R,1,Y45-54,2024,5.599292,
ITC48,INAC_R,1,Y45-54,2025,5.146667,
ITC48,INAC_R,1,Y55-64,2018,37.733523,
ITC48,INAC_R,1,Y55-64,2019,38.606049,
ITC48,INAC_R,1,Y55-64,2020,34.367221,
ITC48,INAC_R,1,Y55-64,2021,40.047213,
ITC48,INAC_R,1,Y55-64,2022,33.274884,
ITC48,INAC_R,1,Y55-64,2023,26.622232,
ITC48,INAC_R,1,Y55-64,2024,29.802026,
ITC48,INAC_R,1,Y55-64,2025,25.6612,
ITC48,INAC_R,1,Y_GE15,2018,39.676297,
ITC48,INAC_R,1,Y_GE15,2019,39.111099,
ITC48,INAC_R,1,Y_GE15,2020,41.525398,
ITC48,INAC_R,1,Y_GE15,2021,40.341359,
ITC48,INAC_R,1,Y_GE15,2022,38.382132,
ITC48,INAC_R,1,Y_GE15,2023,39.310375,
ITC48,INAC_R,1,Y_GE15,2024,39.727323,
ITC48,INAC_R,1,Y_GE15,2025,39.269065,
ITC48,INAC_R,2,Y15-24,2018,71.296759,
ITC48,INAC_R,2,Y15-24,2019,70.817835,
ITC48,INAC_R,2,Y15-24,2020,76.613997,
ITC48,INAC_R,2,Y15-24,2021,76.376799,
ITC48,INAC_R,2,Y15-24,2022,73.673582,
ITC48,INAC_R,2,Y15-24,2023,78.573301,
ITC48,INAC_R,2,Y15-24,2024,82.602876,
ITC48,INAC_R,2,Y15-24,2025,81.188715,
ITC48,INAC_R,2,Y15-64,2018,35.265228,
ITC48,INAC_R,2,Y15-64,2019,32.582143,
ITC48,INAC_R,2,Y15-64,2020,37.792318,
ITC48,INAC_R,2,Y15-64,2021,36.955461,
ITC48,INAC_R,2,Y15-64,2022,35.955775,
ITC48,INAC_R,2,Y15-64,2023,36.005217,
ITC48,INAC_R,2,Y15-64,2024,37.05036,
ITC48,INAC_R,2,Y15-64,2025,34.731354,
ITC48,INAC_R,2,Y18-29,2018,50.532378,
ITC48,INAC_R,2,Y18-29,2019,45.069077,
ITC48,INAC_R,2,Y18-29,2020,48.604668,
ITC48,INAC_R,2,Y18-29,2021,50.211745,
ITC48,INAC_R,2,Y18-29,2022,47.652753,
ITC48,INAC_R,2,Y18-29,2023,58.077903,
ITC48,INAC_R,2,Y18-29,2024,62.557735,
ITC48,INAC_R,2,Y18-29,2025,53.187949,
ITC48,INAC_R,2,Y25-34,2018,28.92245,
ITC48,INAC_R,2,Y25-34,2019,23.060852,
ITC48,INAC_R,2,Y25-34,2020,26.76845,
ITC48,INAC_R,2,Y25-34,2021,32.573623,
ITC48,INAC_R,2,Y25-34,2022,25.641526,
ITC48,INAC_R,2,Y25-34,2023,33.025946,
ITC48,INAC_R,2,Y25-34,2024,31.833824,
ITC48,INAC_R,2,Y25-34,2025,27.109248,
ITC48,INAC_R,2,Y35-44,2018,19.148383,
ITC48,INAC_R,2,Y35-44,2019,14.970907,
ITC48,INAC_R,2,Y35-44,2020,24.120385,
ITC48,INAC_R,2,Y35-44,2021,18.397139,
ITC48,INAC_R,2,Y35-44,2022,23.561261,
ITC48,INAC_R,2,Y35-44,2023,23.626949,
ITC48,INAC_R,2,Y35-44,2024,25.028965,
ITC48,INAC_R,2,Y35-44,2025,18.546958,
ITC48,INAC_R,2,Y35-49,2018,19.12831,
ITC48,INAC_R,2,Y35-49,2019,18.861389,
ITC48,INAC_R,2,Y35-49,2020,23.975417,
ITC48,INAC_R,2,Y35-49,2021,18.225398,
ITC48,INAC_R,2,Y35-49,2022,20.473816,
ITC48,INAC_R,2,Y35-49,2023,20.328635,
ITC48,INAC_R,2,Y35-49,2024,20.199774,
ITC48,INAC_R,2,Y35-49,2025,18.414634,
ITC48,INAC_R,2,Y45-54,2018,20.705752,
ITC48,INAC_R,2,Y45-54,2019,19.317856,
ITC48,INAC_R,2,Y45-54,2020,22.011716,
ITC48,INAC_R,2,Y45-54,2021,21.158662,
ITC48,INAC_R,2,Y45-54,2022,21.009166,
ITC48,INAC_R,2,Y45-54,2023,17.660085,
ITC48,INAC_R,2,Y45-54,2024,19.234392,
ITC48,INAC_R,2,Y45-54,2025,19.678551,
ITC48,INAC_R,2,Y55-64,2018,52.262951,
ITC48,INAC_R,2,Y55-64,2019,51.470511,
ITC48,INAC_R,2,Y55-64,2020,52.766743,
ITC48,INAC_R,2,Y55-64,2021,51.146858,
ITC48,INAC_R,2,Y55-64,2022,47.749875,
ITC48,INAC_R,2,Y55-64,2023,43.236768,
ITC48,INAC_R,2,Y55-64,2024,41.508213,
ITC48,INAC_R,2,Y55-64,2025,40.343546,
ITC48,INAC_R,2,Y_GE15,2018,54.635888,
ITC48,INAC_R,2,Y_GE15,2019,52.594196,
ITC48,INAC_R,2,Y_GE15,2020,55.81467,
ITC48,INAC_R,2,Y_GE15,2021,55.057064,
ITC48,INAC_R,2,Y_GE15,2022,54.771157,
ITC48,INAC_R,2,Y_GE15,2023,54.168918,
ITC48,INAC_R,2,Y_GE15,2024,55.196581,
ITC48,INAC_R,2,Y_GE15,2025,53.662437,
ITC48,INAC_R,9,Y15-24,2018,68.79503,
ITC48,INAC_R,9,Y15-24,2019,67.369325,
ITC48,INAC_R,9,Y15-24,2020,72.495748,
ITC48,INAC_R,9,Y15-24,2021,71.045064,
ITC48,INAC_R,9,Y15-24,2022,69.734373,
ITC48,INAC_R,9,Y15-24,2023,72.29447,
ITC48,INAC_R,9,Y15-24,2024,76.074957,
ITC48,INAC_R,9,Y15-24,2025,74.990893,
ITC48,INAC_R,9,Y15-64,2018,28.970468,
ITC48,INAC_R,9,Y15-64,2019,27.183792,
ITC48,INAC_R,9,Y15-64,2020,31.206309,
ITC48,INAC_R,9,Y15-64,2021,30.364119,
ITC48,INAC_R,9,Y15-64,2022,28.893726,
ITC48,INAC_R,9,Y15-64,2023,28.83482,
ITC48,INAC_R,9,Y15-64,2024,29.908449,
ITC48,INAC_R,9,Y15-64,2025,28.146456,
ITC48,INAC_R,9,Y18-29,2018,43.387514,
ITC48,INAC_R,9,Y18-29,2019,40.456548,
ITC48,INAC_R,9,Y18-29,2020,47.93535,
ITC48,INAC_R,9,Y18-29,2021,41.916168,
ITC48,INAC_R,9,Y18-29,2022,42.834316,
ITC48,INAC_R,9,Y18-29,2023,47.267585,
ITC48,INAC_R,9,Y18-29,2024,50.113499,
ITC48,INAC_R,9,Y18-29,2025,47.402031,
ITC48,INAC_R,9,Y25-34,2018,20.249982,
ITC48,INAC_R,9,Y25-34,2019,16.207277,
ITC48,INAC_R,9,Y25-34,2020,24.400185,
ITC48,INAC_R,9,Y25-34,2021,20.803851,
ITC48,INAC_R,9,Y25-34,2022,17.85511,
ITC48,INAC_R,9,Y25-34,2023,24.736093,
ITC48,INAC_R,9,Y25-34,2024,22.697548,
ITC48,INAC_R,9,Y25-34,2025,19.898776,
ITC48,INAC_R,9,Y35-44,2018,12.543568,
ITC48,INAC_R,9,Y35-44,2019,10.040409,
ITC48,INAC_R,9,Y35-44,2020,15.134289,
ITC48,INAC_R,9,Y35-44,2021,12.845683,
ITC48,INAC_R,9,Y35-44,2022,15.141685,
ITC48,INAC_R,9,Y35-44,2023,14.655918,
ITC48,INAC_R,9,Y35-44,2024,15.980155,
ITC48,INAC_R,9,Y35-44,2025,12.486499,
ITC48,INAC_R,9,Y35-49,2018,12.272009,
ITC48,INAC_R,9,Y35-49,2019,12.179476,
ITC48,INAC_R,9,Y35-49,2020,15.623575,
ITC48,INAC_R,9,Y35-49,2021,13.199761,
ITC48,INAC_R,9,Y35-49,2022,12.739045,
ITC48,INAC_R,9,Y35-49,2023,12.492839,
ITC48,INAC_R,9,Y35-49,2024,13.339758,
ITC48,INAC_R,9,Y35-49,2025,12.805486,
ITC48,INAC_R,9,Y45-54,2018,14.203489,
ITC48,INAC_R,9,Y45-54,2019,12.489821,
ITC48,INAC_R,9,Y45-54,2020,15.466675,
ITC48,INAC_R,9,Y45-54,2021,15.273047,
ITC48,INAC_R,9,Y45-54,2022,12.270529,
ITC48,INAC_R,9,Y45-54,2023,11.761081,
ITC48,INAC_R,9,Y45-54,2024,12.203596,
ITC48,INAC_R,9,Y45-54,2025,12.493132,
ITC48,INAC_R,9,Y55-64,2018,45.133671,
ITC48,INAC_R,9,Y55-64,2019,45.25969,
ITC48,INAC_R,9,Y55-64,2020,43.96833,
ITC48,INAC_R,9,Y55-64,2021,45.813668,
ITC48,INAC_R,9,Y55-64,2022,40.588249,
ITC48,INAC_R,9,Y55-64,2023,34.644013,
ITC48,INAC_R,9,Y55-64,2024,35.64337,
ITC48,INAC_R,9,Y55-64,2025,33.09827,
ITC48,INAC_R,9,Y_GE15,2018,47.386654,
ITC48,INAC_R,9,Y_GE15,2019,46.048407,
ITC48,INAC_R,9,Y_GE15,2020,48.872274,
ITC48,INAC_R,9,Y_GE15,2021,47.900148,
ITC48,INAC_R,9,Y_GE15,2022,46.790378,
ITC48,INAC_R,9,Y_GE15,2023,46.911919,
ITC48,INAC_R,9,Y_GE15,2024,47.634941,
ITC48,INAC_R,9,Y_GE15,2025,46.607343,
ITC49,INAC_R,1,Y15-24,2018,62.270169,
ITC49,INAC_R,1,Y15-24,2019,63.461023,
ITC49,INAC_R,1,Y15-24,2020,74.432735,
ITC49,INAC_R,1,Y15-24,2021,66.15245,
ITC49,INAC_R,1,Y15-24,2022,69.370641,
ITC49,INAC_R,1,Y15-24,2023,66.28038,
ITC49,INAC_R,1,Y15-24,2024,71.350838,
ITC49,INAC_R,1,Y15-24,2025,73.491869,
ITC49,INAC_R,1,Y15-64,2018,19.562629,
ITC49,INAC_R,1,Y15-64,2019,20.763371,
ITC49,INAC_R,1,Y15-64,2020,22.361023,
ITC49,INAC_R,1,Y15-64,2021,20.028705,
ITC49,INAC_R,1,Y15-64,2022,21.589852,
ITC49,INAC_R,1,Y15-64,2023,22.17612,
ITC49,INAC_R,1,Y15-64,2024,22.306707,
ITC49,INAC_R,1,Y15-64,2025,23.548682,
ITC49,INAC_R,1,Y18-29,2018,38.524769,
ITC49,INAC_R,1,Y18-29,2019,35.344561,
ITC49,INAC_R,1,Y18-29,2020,39.019276,
ITC49,INAC_R,1,Y18-29,2021,31.865991,
ITC49,INAC_R,1,Y18-29,2022,36.226121,
ITC49,INAC_R,1,Y18-29,2023,39.076713,
ITC49,INAC_R,1,Y18-29,2024,40.431605,
ITC49,INAC_R,1,Y18-29,2025,41.770806,
ITC49,INAC_R,1,Y25-34,2018,13.715147,
ITC49,INAC_R,1,Y25-34,2019,13.101356,
ITC49,INAC_R,1,Y25-34,2020,9.377575,
ITC49,INAC_R,1,Y25-34,2021,7.617122,
ITC49,INAC_R,1,Y25-34,2022,8.200948,
ITC49,INAC_R,1,Y25-34,2023,12.13704,
ITC49,INAC_R,1,Y25-34,2024,10.565696,
ITC49,INAC_R,1,Y25-34,2025,10.482921,
ITC49,INAC_R,1,Y35-44,2018,5.61649,
ITC49,INAC_R,1,Y35-44,2019,3.814679,
ITC49,INAC_R,1,Y35-44,2020,6.810542,
ITC49,INAC_R,1,Y35-44,2021,3.554698,
ITC49,INAC_R,1,Y35-44,2022,5.659352,
ITC49,INAC_R,1,Y35-44,2023,3.648069,
ITC49,INAC_R,1,Y35-44,2024,5.589978,
ITC49,INAC_R,1,Y35-44,2025,9.44787,
ITC49,INAC_R,1,Y35-49,2018,4.647945,
ITC49,INAC_R,1,Y35-49,2019,5.068712,
ITC49,INAC_R,1,Y35-49,2020,7.052471,
ITC49,INAC_R,1,Y35-49,2021,5.009284,
ITC49,INAC_R,1,Y35-49,2022,6.5927,
ITC49,INAC_R,1,Y35-49,2023,4.826263,
ITC49,INAC_R,1,Y35-49,2024,6.203285,
ITC49,INAC_R,1,Y35-49,2025,9.082652,
ITC49,INAC_R,1,Y45-54,2018,4.848307,
ITC49,INAC_R,1,Y45-54,2019,7.692308,
ITC49,INAC_R,1,Y45-54,2020,6.828662,
ITC49,INAC_R,1,Y45-54,2021,6.858385,
ITC49,INAC_R,1,Y45-54,2022,5.880788,
ITC49,INAC_R,1,Y45-54,2023,6.72379,
ITC49,INAC_R,1,Y45-54,2024,6.461087,
ITC49,INAC_R,1,Y45-54,2025,7.694158,
ITC49,INAC_R,1,Y55-64,2018,28.780063,
ITC49,INAC_R,1,Y55-64,2019,30.976199,
ITC49,INAC_R,1,Y55-64,2020,32.258065,
ITC49,INAC_R,1,Y55-64,2021,28.356238,
ITC49,INAC_R,1,Y55-64,2022,28.52842,
ITC49,INAC_R,1,Y55-64,2023,31.44143,
ITC49,INAC_R,1,Y55-64,2024,29.54703,
ITC49,INAC_R,1,Y55-64,2025,30.095449,
ITC49,INAC_R,1,Y_GE15,2018,35.20146,
ITC49,INAC_R,1,Y_GE15,2019,36.916866,
ITC49,INAC_R,1,Y_GE15,2020,37.763383,
ITC49,INAC_R,1,Y_GE15,2021,36.133617,
ITC49,INAC_R,1,Y_GE15,2022,37.950061,
ITC49,INAC_R,1,Y_GE15,2023,38.603783,
ITC49,INAC_R,1,Y_GE15,2024,38.686557,
ITC49,INAC_R,1,Y_GE15,2025,39.820441,
ITC49,INAC_R,2,Y15-24,2018,77.051282,
ITC49,INAC_R,2,Y15-24,2019,72.296748,
ITC49,INAC_R,2,Y15-24,2020,78.920863,
ITC49,INAC_R,2,Y15-24,2021,74.009269,
ITC49,INAC_R,2,Y15-24,2022,67.859327,
ITC49,INAC_R,2,Y15-24,2023,76.081399,
ITC49,INAC_R,2,Y15-24,2024,86.040121,
ITC49,INAC_R,2,Y15-24,2025,88.584873,
ITC49,INAC_R,2,Y15-64,2018,39.023813,
ITC49,INAC_R,2,Y15-64,2019,38.086811,
ITC49,INAC_R,2,Y15-64,2020,38.729331,
ITC49,INAC_R,2,Y15-64,2021,36.477416,
ITC49,INAC_R,2,Y15-64,2022,35.914271,
ITC49,INAC_R,2,Y15-64,2023,37.803802,
ITC49,INAC_R,2,Y15-64,2024,43.043878,
ITC49,INAC_R,2,Y15-64,2025,40.651018,
ITC49,INAC_R,2,Y18-29,2018,46.681941,
ITC49,INAC_R,2,Y18-29,2019,50.583124,
ITC49,INAC_R,2,Y18-29,2020,52.162162,
ITC49,INAC_R,2,Y18-29,2021,51.095715,
ITC49,INAC_R,2,Y18-29,2022,46.92461,
ITC49,INAC_R,2,Y18-29,2023,47.485536,
ITC49,INAC_R,2,Y18-29,2024,57.885642,
ITC49,INAC_R,2,Y18-29,2025,59.563451,
ITC49,INAC_R,2,Y25-34,2018,21.251865,
ITC49,INAC_R,2,Y25-34,2019,29.251701,
ITC49,INAC_R,2,Y25-34,2020,29.218763,
ITC49,INAC_R,2,Y25-34,2021,25.099565,
ITC49,INAC_R,2,Y25-34,2022,29.548872,
ITC49,INAC_R,2,Y25-34,2023,28.033147,
ITC49,INAC_R,2,Y25-34,2024,33.909756,
ITC49,INAC_R,2,Y25-34,2025,36.211581,
ITC49,INAC_R,2,Y35-44,2018,20.836151,
ITC49,INAC_R,2,Y35-44,2019,20.016407,
ITC49,INAC_R,2,Y35-44,2020,25.104546,
ITC49,INAC_R,2,Y35-44,2021,24.722462,
ITC49,INAC_R,2,Y35-44,2022,22.637628,
ITC49,INAC_R,2,Y35-44,2023,23.426221,
ITC49,INAC_R,2,Y35-44,2024,30.915625,
ITC49,INAC_R,2,Y35-44,2025,25.543237,
ITC49,INAC_R,2,Y35-49,2018,23.198253,
ITC49,INAC_R,2,Y35-49,2019,20.213266,
ITC49,INAC_R,2,Y35-49,2020,27.099637,
ITC49,INAC_R,2,Y35-49,2021,24.266177,
ITC49,INAC_R,2,Y35-49,2022,22.510299,
ITC49,INAC_R,2,Y35-49,2023,23.263823,
ITC49,INAC_R,2,Y35-49,2024,25.778894,
ITC49,INAC_R,2,Y35-49,2025,21.99281,
ITC49,INAC_R,2,Y45-54,2018,27.987053,
ITC49,INAC_R,2,Y45-54,2019,24.473183,
ITC49,INAC_R,2,Y45-54,2020,27.606725,
ITC49,INAC_R,2,Y45-54,2021,24.629893,
ITC49,INAC_R,2,Y45-54,2022,25.128314,
ITC49,INAC_R,2,Y45-54,2023,28.220621,
ITC49,INAC_R,2,Y45-54,2024,27.048823,
ITC49,INAC_R,2,Y45-54,2025,22.490574,
ITC49,INAC_R,2,Y55-64,2018,61.68237,
ITC49,INAC_R,2,Y55-64,2019,59.119288,
ITC49,INAC_R,2,Y55-64,2020,50.085239,
ITC49,INAC_R,2,Y55-64,2021,45.355795,
ITC49,INAC_R,2,Y55-64,2022,46.500098,
ITC49,INAC_R,2,Y55-64,2023,45.149411,
ITC49,INAC_R,2,Y55-64,2024,47.853789,
ITC49,INAC_R,2,Y55-64,2025,42.969777,
ITC49,INAC_R,2,Y_GE15,2018,54.79277,
ITC49,INAC_R,2,Y_GE15,2019,54.165019,
ITC49,INAC_R,2,Y_GE15,2020,54.530271,
ITC49,INAC_R,2,Y_GE15,2021,53.010645,
ITC49,INAC_R,2,Y_GE15,2022,53.255286,
ITC49,INAC_R,2,Y_GE15,2023,54.538586,
ITC49,INAC_R,2,Y_GE15,2024,58.010408,
ITC49,INAC_R,2,Y_GE15,2025,56.570238,
ITC49,INAC_R,9,Y15-24,2018,69.475962,
ITC49,INAC_R,9,Y15-24,2019,67.59827,
ITC49,INAC_R,9,Y15-24,2020,76.58787,
ITC49,INAC_R,9,Y15-24,2021,69.999537,
ITC49,INAC_R,9,Y15-24,2022,68.687654,
ITC49,INAC_R,9,Y15-24,2023,70.601216,
ITC49,INAC_R,9,Y15-24,2024,78.475217,
ITC49,INAC_R,9,Y15-24,2025,81.050886,
ITC49,INAC_R,9,Y15-64,2018,29.153913,
ITC49,INAC_R,9,Y15-64,2019,29.29761,
ITC49,INAC_R,9,Y15-64,2020,30.427254,
ITC49,INAC_R,9,Y15-64,2021,28.120442,
ITC49,INAC_R,9,Y15-64,2022,28.616851,
ITC49,INAC_R,9,Y15-64,2023,29.824008,
ITC49,INAC_R,9,Y15-64,2024,32.45436,
ITC49,INAC_R,9,Y15-64,2025,31.892435,
ITC49,INAC_R,9,Y18-29,2018,42.363678,
ITC49,INAC_R,9,Y18-29,2019,43.015002,
ITC49,INAC_R,9,Y18-29,2020,45.919736,
ITC49,INAC_R,9,Y18-29,2021,41.644329,
ITC49,INAC_R,9,Y18-29,2022,41.721025,
ITC49,INAC_R,9,Y18-29,2023,43.326835,
ITC49,INAC_R,9,Y18-29,2024,48.634485,
ITC49,INAC_R,9,Y18-29,2025,49.860492,
ITC49,INAC_R,9,Y25-34,2018,17.600811,
ITC49,INAC_R,9,Y25-34,2019,21.087595,
ITC49,INAC_R,9,Y25-34,2020,18.735159,
ITC49,INAC_R,9,Y25-34,2021,15.94529,
ITC49,INAC_R,9,Y25-34,2022,19.413182,
ITC49,INAC_R,9,Y25-34,2023,20.967107,
ITC49,INAC_R,9,Y25-34,2024,22.366335,
ITC49,INAC_R,9,Y25-34,2025,23.28854,
ITC49,INAC_R,9,Y35-44,2018,13.324411,
ITC49,INAC_R,9,Y35-44,2019,12.000638,
ITC49,INAC_R,9,Y35-44,2020,15.942761,
ITC49,INAC_R,9,Y35-44,2021,14.326793,
ITC49,INAC_R,9,Y35-44,2022,13.964949,
ITC49,INAC_R,9,Y35-44,2023,12.811657,
ITC49,INAC_R,9,Y35-44,2024,17.038869,
ITC49,INAC_R,9,Y35-44,2025,17.327592,
ITC49,INAC_R,9,Y35-49,2018,13.559618,
ITC49,INAC_R,9,Y35-49,2019,12.614513,
ITC49,INAC_R,9,Y35-49,2020,17.182117,
ITC49,INAC_R,9,Y35-49,2021,14.583206,
ITC49,INAC_R,9,Y35-49,2022,14.377354,
ITC49,INAC_R,9,Y35-49,2023,13.578339,
ITC49,INAC_R,9,Y35-49,2024,15.608611,
ITC49,INAC_R,9,Y35-49,2025,15.18108,
ITC49,INAC_R,9,Y45-54,2018,15.639884,
ITC49,INAC_R,9,Y45-54,2019,15.78725,
ITC49,INAC_R,9,Y45-54,2020,17.69894,
ITC49,INAC_R,9,Y45-54,2021,15.730195,
ITC49,INAC_R,9,Y45-54,2022,15.532796,
ITC49,INAC_R,9,Y45-54,2023,16.961457,
ITC49,INAC_R,9,Y45-54,2024,16.55799,
ITC49,INAC_R,9,Y45-54,2025,14.622726,
ITC49,INAC_R,9,Y55-64,2018,45.13325,
ITC49,INAC_R,9,Y55-64,2019,45.309962,
ITC49,INAC_R,9,Y55-64,2020,40.672568,
ITC49,INAC_R,9,Y55-64,2021,36.514031,
ITC49,INAC_R,9,Y55-64,2022,37.155561,
ITC49,INAC_R,9,Y55-64,2023,38.414765,
ITC49,INAC_R,9,Y55-64,2024,38.852273,
ITC49,INAC_R,9,Y55-64,2025,36.449122,
ITC49,INAC_R,9,Y_GE15,2018,45.189767,
ITC49,INAC_R,9,Y_GE15,2019,45.696055,
ITC49,INAC_R,9,Y_GE15,2020,46.29977,
ITC49,INAC_R,9,Y_GE15,2021,44.71693,
ITC49,INAC_R,9,Y_GE15,2022,45.714022,
ITC49,INAC_R,9,Y_GE15,2023,46.664934,
ITC49,INAC_R,9,Y_GE15,2024,48.458654,
ITC49,INAC_R,9,Y_GE15,2025,48.268407,
ITC4A,INAC_R,1,Y15-24,2018,60.58874,
ITC4A,INAC_R,1,Y15-24,2019,66.261905,
ITC4A,INAC_R,1,Y15-24,2020,65.602195,
ITC4A,INAC_R,1,Y15-24,2021,57.430131,
ITC4A,INAC_R,1,Y15-24,2022,57.465713,
ITC4A,INAC_R,1,Y15-24,2023,58.265453,
ITC4A,INAC_R,1,Y15-24,2024,58.298596,
ITC4A,INAC_R,1,Y15-24,2025,67.598596,
ITC4A,INAC_R,1,Y15-64,2018,19.652989,
ITC4A,INAC_R,1,Y15-64,2019,20.36856,
ITC4A,INAC_R,1,Y15-64,2020,24.922667,
ITC4A,INAC_R,1,Y15-64,2021,24.126038,
ITC4A,INAC_R,1,Y15-64,2022,21.192666,
ITC4A,INAC_R,1,Y15-64,2023,19.681935,
ITC4A,INAC_R,1,Y15-64,2024,19.647038,
ITC4A,INAC_R,1,Y15-64,2025,20.47497,
ITC4A,INAC_R,1,Y18-29,2018,32.468785,
ITC4A,INAC_R,1,Y18-29,2019,39.534325,
ITC4A,INAC_R,1,Y18-29,2020,39.049639,
ITC4A,INAC_R,1,Y18-29,2021,33.406071,
ITC4A,INAC_R,1,Y18-29,2022,25.992102,
ITC4A,INAC_R,1,Y18-29,2023,30.990462,
ITC4A,INAC_R,1,Y18-29,2024,33.055503,
ITC4A,INAC_R,1,Y18-29,2025,40.091148,
ITC4A,INAC_R,1,Y25-34,2018,12.893553,
ITC4A,INAC_R,1,Y25-34,2019,13.501332,
ITC4A,INAC_R,1,Y25-34,2020,14.782009,
ITC4A,INAC_R,1,Y25-34,2021,13.875355,
ITC4A,INAC_R,1,Y25-34,2022,6.885504,
ITC4A,INAC_R,1,Y25-34,2023,14.032342,
ITC4A,INAC_R,1,Y25-34,2024,13.283192,
ITC4A,INAC_R,1,Y25-34,2025,17.653846,
ITC4A,INAC_R,1,Y35-44,2018,2.044085,
ITC4A,INAC_R,1,Y35-44,2019,1.697551,
ITC4A,INAC_R,1,Y35-44,2020,6.670728,
ITC4A,INAC_R,1,Y35-44,2021,8.460803,
ITC4A,INAC_R,1,Y35-44,2022,5.444753,
ITC4A,INAC_R,1,Y35-44,2023,6.00358,
ITC4A,INAC_R,1,Y35-44,2024,3.412298,
ITC4A,INAC_R,1,Y35-44,2025,4.194891,
ITC4A,INAC_R,1,Y35-49,2018,2.88732,
ITC4A,INAC_R,1,Y35-49,2019,1.84713,
ITC4A,INAC_R,1,Y35-49,2020,6.34665,
ITC4A,INAC_R,1,Y35-49,2021,6.890661,
ITC4A,INAC_R,1,Y35-49,2022,5.656974,
ITC4A,INAC_R,1,Y35-49,2023,4.082142,
ITC4A,INAC_R,1,Y35-49,2024,3.22922,
ITC4A,INAC_R,1,Y35-49,2025,3.784956,
ITC4A,INAC_R,1,Y45-54,2018,4.806723,
ITC4A,INAC_R,1,Y45-54,2019,2.623462,
ITC4A,INAC_R,1,Y45-54,2020,5.439584,
ITC4A,INAC_R,1,Y45-54,2021,6.541181,
ITC4A,INAC_R,1,Y45-54,2022,8.314437,
ITC4A,INAC_R,1,Y45-54,2023,3.681177,
ITC4A,INAC_R,1,Y45-54,2024,6.872951,
ITC4A,INAC_R,1,Y45-54,2025,3.482076,
ITC4A,INAC_R,1,Y55-64,2018,32.417369,
ITC4A,INAC_R,1,Y55-64,2019,33.087779,
ITC4A,INAC_R,1,Y55-64,2020,43.488597,
ITC4A,INAC_R,1,Y55-64,2021,41.457418,
ITC4A,INAC_R,1,Y55-64,2022,36.269927,
ITC4A,INAC_R,1,Y55-64,2023,28.032787,
ITC4A,INAC_R,1,Y55-64,2024,24.305275,
ITC4A,INAC_R,1,Y55-64,2025,23.797588,
ITC4A,INAC_R,1,Y_GE15,2018,37.796569,
ITC4A,INAC_R,1,Y_GE15,2019,38.26376,
ITC4A,INAC_R,1,Y_GE15,2020,42.294642,
ITC4A,INAC_R,1,Y_GE15,2021,42.317234,
ITC4A,INAC_R,1,Y_GE15,2022,40.053558,
ITC4A,INAC_R,1,Y_GE15,2023,38.437744,
ITC4A,INAC_R,1,Y_GE15,2024,38.915033,
ITC4A,INAC_R,1,Y_GE15,2025,40.073643,
ITC4A,INAC_R,2,Y15-24,2018,74.363177,
ITC4A,INAC_R,2,Y15-24,2019,68.86243,
ITC4A,INAC_R,2,Y15-24,2020,79.698153,
ITC4A,INAC_R,2,Y15-24,2021,75.325872,
ITC4A,INAC_R,2,Y15-24,2022,72.487374,
ITC4A,INAC_R,2,Y15-24,2023,71.032064,
ITC4A,INAC_R,2,Y15-24,2024,75.024975,
ITC4A,INAC_R,2,Y15-24,2025,76.680558,
ITC4A,INAC_R,2,Y15-64,2018,39.226022,
ITC4A,INAC_R,2,Y15-64,2019,38.906588,
ITC4A,INAC_R,2,Y15-64,2020,42.283461,
ITC4A,INAC_R,2,Y15-64,2021,40.920489,
ITC4A,INAC_R,2,Y15-64,2022,41.087894,
ITC4A,INAC_R,2,Y15-64,2023,38.777165,
ITC4A,INAC_R,2,Y15-64,2024,37.40492,
ITC4A,INAC_R,2,Y15-64,2025,38.753602,
ITC4A,INAC_R,2,Y18-29,2018,43.719212,
ITC4A,INAC_R,2,Y18-29,2019,42.497296,
ITC4A,INAC_R,2,Y18-29,2020,53.854886,
ITC4A,INAC_R,2,Y18-29,2021,51.159774,
ITC4A,INAC_R,2,Y18-29,2022,50.098671,
ITC4A,INAC_R,2,Y18-29,2023,52.444444,
ITC4A,INAC_R,2,Y18-29,2024,54.612565,
ITC4A,INAC_R,2,Y18-29,2025,52.592025,
ITC4A,INAC_R,2,Y25-34,2018,23.052695,
ITC4A,INAC_R,2,Y25-34,2019,23.55366,
ITC4A,INAC_R,2,Y25-34,2020,31.887652,
ITC4A,INAC_R,2,Y25-34,2021,31.368036,
ITC4A,INAC_R,2,Y25-34,2022,21.932148,
ITC4A,INAC_R,2,Y25-34,2023,28.661113,
ITC4A,INAC_R,2,Y25-34,2024,36.910604,
ITC4A,INAC_R,2,Y25-34,2025,26.562109,
ITC4A,INAC_R,2,Y35-44,2018,26.831466,
ITC4A,INAC_R,2,Y35-44,2019,20.495745,
ITC4A,INAC_R,2,Y35-44,2020,14.676491,
ITC4A,INAC_R,2,Y35-44,2021,21.555964,
ITC4A,INAC_R,2,Y35-44,2022,25.118885,
ITC4A,INAC_R,2,Y35-44,2023,22.054996,
ITC4A,INAC_R,2,Y35-44,2024,16.912236,
ITC4A,INAC_R,2,Y35-44,2025,24.131517,
ITC4A,INAC_R,2,Y35-49,2018,26.869057,
ITC4A,INAC_R,2,Y35-49,2019,21.956005,
ITC4A,INAC_R,2,Y35-49,2020,17.285856,
ITC4A,INAC_R,2,Y35-49,2021,25.603509,
ITC4A,INAC_R,2,Y35-49,2022,27.915244,
ITC4A,INAC_R,2,Y35-49,2023,24.052245,
ITC4A,INAC_R,2,Y35-49,2024,20.38835,
ITC4A,INAC_R,2,Y35-49,2025,22.943608,
ITC4A,INAC_R,2,Y45-54,2018,29.226515,
ITC4A,INAC_R,2,Y45-54,2019,31.152332,
ITC4A,INAC_R,2,Y45-54,2020,27.648419,
ITC4A,INAC_R,2,Y45-54,2021,27.798488,
ITC4A,INAC_R,2,Y45-54,2022,28.56847,
ITC4A,INAC_R,2,Y45-54,2023,22.362309,
ITC4A,INAC_R,2,Y45-54,2024,27.183193,
ITC4A,INAC_R,2,Y45-54,2025,24.666577,
ITC4A,INAC_R,2,Y55-64,2018,54.749134,
ITC4A,INAC_R,2,Y55-64,2019,55.75261,
ITC4A,INAC_R,2,Y55-64,2020,63.322829,
ITC4A,INAC_R,2,Y55-64,2021,58.128722,
ITC4A,INAC_R,2,Y55-64,2022,60.887175,
ITC4A,INAC_R,2,Y55-64,2023,55.623309,
ITC4A,INAC_R,2,Y55-64,2024,44.293137,
ITC4A,INAC_R,2,Y55-64,2025,49.762808,
ITC4A,INAC_R,2,Y_GE15,2018,56.769578,
ITC4A,INAC_R,2,Y_GE15,2019,56.558063,
ITC4A,INAC_R,2,Y_GE15,2020,59.070811,
ITC4A,INAC_R,2,Y_GE15,2021,57.909133,
ITC4A,INAC_R,2,Y_GE15,2022,58.290503,
ITC4A,INAC_R,2,Y_GE15,2023,57.11683,
ITC4A,INAC_R,2,Y_GE15,2024,56.096353,
ITC4A,INAC_R,2,Y_GE15,2025,57.053036,
ITC4A,INAC_R,9,Y15-24,2018,66.866851,
ITC4A,INAC_R,9,Y15-24,2019,67.507906,
ITC4A,INAC_R,9,Y15-24,2020,72.20809,
ITC4A,INAC_R,9,Y15-24,2021,65.499124,
ITC4A,INAC_R,9,Y15-24,2022,64.762343,
ITC4A,INAC_R,9,Y15-24,2023,64.562149,
ITC4A,INAC_R,9,Y15-24,2024,65.854539,
ITC4A,INAC_R,9,Y15-24,2025,72.105011,
ITC4A,INAC_R,9,Y15-64,2018,29.32553,
ITC4A,INAC_R,9,Y15-64,2019,29.514635,
ITC4A,INAC_R,9,Y15-64,2020,33.492682,
ITC4A,INAC_R,9,Y15-64,2021,32.40933,
ITC4A,INAC_R,9,Y15-64,2022,30.975745,
ITC4A,INAC_R,9,Y15-64,2023,29.052453,
ITC4A,INAC_R,9,Y15-64,2024,28.354783,
ITC4A,INAC_R,9,Y15-64,2025,29.415027,
ITC4A,INAC_R,9,Y18-29,2018,38.178091,
ITC4A,INAC_R,9,Y18-29,2019,40.967149,
ITC4A,INAC_R,9,Y18-29,2020,46.536705,
ITC4A,INAC_R,9,Y18-29,2021,41.979796,
ITC4A,INAC_R,9,Y18-29,2022,37.591204,
ITC4A,INAC_R,9,Y18-29,2023,41.546566,
ITC4A,INAC_R,9,Y18-29,2024,43.441778,
ITC4A,INAC_R,9,Y18-29,2025,46.014098,
ITC4A,INAC_R,9,Y25-34,2018,18.539295,
ITC4A,INAC_R,9,Y25-34,2019,18.72308,
ITC4A,INAC_R,9,Y25-34,2020,23.535505,
ITC4A,INAC_R,9,Y25-34,2021,22.935072,
ITC4A,INAC_R,9,Y25-34,2022,14.25,
ITC4A,INAC_R,9,Y25-34,2023,21.198143,
ITC4A,INAC_R,9,Y25-34,2024,26.29708,
ITC4A,INAC_R,9,Y25-34,2025,21.822009,
ITC4A,INAC_R,9,Y35-44,2018,13.706763,
ITC4A,INAC_R,9,Y35-44,2019,10.778577,
ITC4A,INAC_R,9,Y35-44,2020,10.562466,
ITC4A,INAC_R,9,Y35-44,2021,15.062617,
ITC4A,INAC_R,9,Y35-44,2022,14.729475,
ITC4A,INAC_R,9,Y35-44,2023,13.70367,
ITC4A,INAC_R,9,Y35-44,2024,9.684066,
ITC4A,INAC_R,9,Y35-44,2025,13.972238,
ITC4A,INAC_R,9,Y35-49,2018,14.267746,
ITC4A,INAC_R,9,Y35-49,2019,11.442673,
ITC4A,INAC_R,9,Y35-49,2020,11.686042,
ITC4A,INAC_R,9,Y35-49,2021,16.178407,
ITC4A,INAC_R,9,Y35-49,2022,16.525908,
ITC4A,INAC_R,9,Y35-49,2023,13.736775,
ITC4A,INAC_R,9,Y35-49,2024,11.330593,
ITC4A,INAC_R,9,Y35-49,2025,13.137981,
ITC4A,INAC_R,9,Y45-54,2018,16.611688,
ITC4A,INAC_R,9,Y45-54,2019,15.763105,
ITC4A,INAC_R,9,Y45-54,2020,15.726169,
ITC4A,INAC_R,9,Y45-54,2021,16.765253,
ITC4A,INAC_R,9,Y45-54,2022,18.417246,
ITC4A,INAC_R,9,Y45-54,2023,12.827362,
ITC4A,INAC_R,9,Y45-54,2024,17.379284,
ITC4A,INAC_R,9,Y45-54,2025,14.193253,
ITC4A,INAC_R,9,Y55-64,2018,43.840358,
ITC4A,INAC_R,9,Y55-64,2019,44.991157,
ITC4A,INAC_R,9,Y55-64,2020,54.045497,
ITC4A,INAC_R,9,Y55-64,2021,49.992132,
ITC4A,INAC_R,9,Y55-64,2022,48.73585,
ITC4A,INAC_R,9,Y55-64,2023,41.831211,
ITC4A,INAC_R,9,Y55-64,2024,33.639228,
ITC4A,INAC_R,9,Y55-64,2025,36.231637,
ITC4A,INAC_R,9,Y_GE15,2018,47.522193,
ITC4A,INAC_R,9,Y_GE15,2019,47.621786,
ITC4A,INAC_R,9,Y_GE15,2020,50.872927,
ITC4A,INAC_R,9,Y_GE15,2021,50.285315,
ITC4A,INAC_R,9,Y_GE15,2022,49.348414,
ITC4A,INAC_R,9,Y_GE15,2023,47.933732,
ITC4A,INAC_R,9,Y_GE15,2024,47.640856,
ITC4A,INAC_R,9,Y_GE15,2025,48.670814,
ITC4B,INAC_R,1,Y15-24,2018,63.310705,
ITC4B,INAC_R,1,Y15-24,2019,59.255424,
ITC4B,INAC_R,1,Y15-24,2020,64.243635,
ITC4B,INAC_R,1,Y15-24,2021,64.706177,
ITC4B,INAC_R,1,Y15-24,2022,63.425902,
ITC4B,INAC_R,1,Y15-24,2023,61.952181,
ITC4B,INAC_R,1,Y15-24,2024,57.593874,
ITC4B,INAC_R,1,Y15-24,2025,56.065184,
ITC4B,INAC_R,1,Y15-64,2018,19.629558,
ITC4B,INAC_R,1,Y15-64,2019,19.095983,
ITC4B,INAC_R,1,Y15-64,2020,21.07068,
ITC4B,INAC_R,1,Y15-64,2021,20.833752,
ITC4B,INAC_R,1,Y15-64,2022,18.256271,
ITC4B,INAC_R,1,Y15-64,2023,19.982947,
ITC4B,INAC_R,1,Y15-64,2024,19.777006,
ITC4B,INAC_R,1,Y15-64,2025,17.925975,
ITC4B,INAC_R,1,Y18-29,2018,32.586007,
ITC4B,INAC_R,1,Y18-29,2019,33.810405,
ITC4B,INAC_R,1,Y18-29,2020,34.393882,
ITC4B,INAC_R,1,Y18-29,2021,35.615434,
ITC4B,INAC_R,1,Y18-29,2022,30.703553,
ITC4B,INAC_R,1,Y18-29,2023,30.605097,
ITC4B,INAC_R,1,Y18-29,2024,27.427822,
ITC4B,INAC_R,1,Y18-29,2025,26.706267,
ITC4B,INAC_R,1,Y25-34,2018,6.374891,
ITC4B,INAC_R,1,Y25-34,2019,12.210223,
ITC4B,INAC_R,1,Y25-34,2020,8.390464,
ITC4B,INAC_R,1,Y25-34,2021,6.192339,
ITC4B,INAC_R,1,Y25-34,2022,5.832908,
ITC4B,INAC_R,1,Y25-34,2023,7.083369,
ITC4B,INAC_R,1,Y25-34,2024,10.63654,
ITC4B,INAC_R,1,Y25-34,2025,6.156128,
ITC4B,INAC_R,1,Y35-44,2018,3.993158,
ITC4B,INAC_R,1,Y35-44,2019,3.336823,
ITC4B,INAC_R,1,Y35-44,2020,4.93438,
ITC4B,INAC_R,1,Y35-44,2021,6.477793,
ITC4B,INAC_R,1,Y35-44,2022,2.671312,
ITC4B,INAC_R,1,Y35-44,2023,1.723607,
ITC4B,INAC_R,1,Y35-44,2024,3.034717,
ITC4B,INAC_R,1,Y35-44,2025,4.430816,
ITC4B,INAC_R,1,Y35-49,2018,3.940777,
ITC4B,INAC_R,1,Y35-49,2019,3.158772,
ITC4B,INAC_R,1,Y35-49,2020,5.184097,
ITC4B,INAC_R,1,Y35-49,2021,5.048651,
ITC4B,INAC_R,1,Y35-49,2022,3.830415,
ITC4B,INAC_R,1,Y35-49,2023,2.95619,
ITC4B,INAC_R,1,Y35-49,2024,3.390916,
ITC4B,INAC_R,1,Y35-49,2025,3.509027,
ITC4B,INAC_R,1,Y45-54,2018,7.500482,
ITC4B,INAC_R,1,Y45-54,2019,5.408006,
ITC4B,INAC_R,1,Y45-54,2020,5.256234,
ITC4B,INAC_R,1,Y45-54,2021,3.964447,
ITC4B,INAC_R,1,Y45-54,2022,3.749262,
ITC4B,INAC_R,1,Y45-54,2023,5.044726,
ITC4B,INAC_R,1,Y45-54,2024,5.885537,
ITC4B,INAC_R,1,Y45-54,2025,3.52268,
ITC4B,INAC_R,1,Y55-64,2018,32.124072,
ITC4B,INAC_R,1,Y55-64,2019,33.877779,
ITC4B,INAC_R,1,Y55-64,2020,35.495707,
ITC4B,INAC_R,1,Y55-64,2021,34.219996,
ITC4B,INAC_R,1,Y55-64,2022,26.324028,
ITC4B,INAC_R,1,Y55-64,2023,31.102835,
ITC4B,INAC_R,1,Y55-64,2024,29.053823,
ITC4B,INAC_R,1,Y55-64,2025,26.72954,
ITC4B,INAC_R,1,Y_GE15,2018,35.818826,
ITC4B,INAC_R,1,Y_GE15,2019,35.789025,
ITC4B,INAC_R,1,Y_GE15,2020,36.607737,
ITC4B,INAC_R,1,Y_GE15,2021,37.233725,
ITC4B,INAC_R,1,Y_GE15,2022,35.756157,
ITC4B,INAC_R,1,Y_GE15,2023,37.118457,
ITC4B,INAC_R,1,Y_GE15,2024,36.83333,
ITC4B,INAC_R,1,Y_GE15,2025,35.87957,
ITC4B,INAC_R,2,Y15-24,2018,76.210081,
ITC4B,INAC_R,2,Y15-24,2019,74.222271,
ITC4B,INAC_R,2,Y15-24,2020,76.147438,
ITC4B,INAC_R,2,Y15-24,2021,82.774566,
ITC4B,INAC_R,2,Y15-24,2022,80.238763,
ITC4B,INAC_R,2,Y15-24,2023,78.903832,
ITC4B,INAC_R,2,Y15-24,2024,77.724635,
ITC4B,INAC_R,2,Y15-24,2025,74.458967,
ITC4B,INAC_R,2,Y15-64,2018,38.515823,
ITC4B,INAC_R,2,Y15-64,2019,35.357961,
ITC4B,INAC_R,2,Y15-64,2020,40.763086,
ITC4B,INAC_R,2,Y15-64,2021,41.143876,
ITC4B,INAC_R,2,Y15-64,2022,36.795524,
ITC4B,INAC_R,2,Y15-64,2023,35.614633,
ITC4B,INAC_R,2,Y15-64,2024,37.553239,
ITC4B,INAC_R,2,Y15-64,2025,39.492194,
ITC4B,INAC_R,2,Y18-29,2018,52.792541,
ITC4B,INAC_R,2,Y18-29,2019,48.943121,
ITC4B,INAC_R,2,Y18-29,2020,55.169386,
ITC4B,INAC_R,2,Y18-29,2021,55.099452,
ITC4B,INAC_R,2,Y18-29,2022,53.668801,
ITC4B,INAC_R,2,Y18-29,2023,47.334448,
ITC4B,INAC_R,2,Y18-29,2024,52.495989,
ITC4B,INAC_R,2,Y18-29,2025,53.935258,
ITC4B,INAC_R,2,Y25-34,2018,34.415842,
ITC4B,INAC_R,2,Y25-34,2019,22.95501,
ITC4B,INAC_R,2,Y25-34,2020,35.596801,
ITC4B,INAC_R,2,Y25-34,2021,36.803324,
ITC4B,INAC_R,2,Y25-34,2022,28.22815,
ITC4B,INAC_R,2,Y25-34,2023,23.450796,
ITC4B,INAC_R,2,Y25-34,2024,30.92975,
ITC4B,INAC_R,2,Y25-34,2025,34.443701,
ITC4B,INAC_R,2,Y35-44,2018,22.147101,
ITC4B,INAC_R,2,Y35-44,2019,21.160495,
ITC4B,INAC_R,2,Y35-44,2020,25.612823,
ITC4B,INAC_R,2,Y35-44,2021,17.802564,
ITC4B,INAC_R,2,Y35-44,2022,17.302185,
ITC4B,INAC_R,2,Y35-44,2023,18.150895,
ITC4B,INAC_R,2,Y35-44,2024,19.711365,
ITC4B,INAC_R,2,Y35-44,2025,20.487387,
ITC4B,INAC_R,2,Y35-49,2018,19.73661,
ITC4B,INAC_R,2,Y35-49,2019,20.724355,
ITC4B,INAC_R,2,Y35-49,2020,26.121936,
ITC4B,INAC_R,2,Y35-49,2021,20.037449,
ITC4B,INAC_R,2,Y35-49,2022,18.116882,
ITC4B,INAC_R,2,Y35-49,2023,17.279676,
ITC4B,INAC_R,2,Y35-49,2024,20.308326,
ITC4B,INAC_R,2,Y35-49,2025,21.536414,
ITC4B,INAC_R,2,Y45-54,2018,24.936309,
ITC4B,INAC_R,2,Y45-54,2019,23.768223,
ITC4B,INAC_R,2,Y45-54,2020,30.794861,
ITC4B,INAC_R,2,Y45-54,2021,27.600168,
ITC4B,INAC_R,2,Y45-54,2022,18.626428,
ITC4B,INAC_R,2,Y45-54,2023,23.600342,
ITC4B,INAC_R,2,Y45-54,2024,25.890335,
ITC4B,INAC_R,2,Y45-54,2025,25.467871,
ITC4B,INAC_R,2,Y55-64,2018,51.963177,
ITC4B,INAC_R,2,Y55-64,2019,46.67857,
ITC4B,INAC_R,2,Y55-64,2020,46.502551,
ITC4B,INAC_R,2,Y55-64,2021,54.855318,
ITC4B,INAC_R,2,Y55-64,2022,50.585723,
ITC4B,INAC_R,2,Y55-64,2023,42.857605,
ITC4B,INAC_R,2,Y55-64,2024,43.07511,
ITC4B,INAC_R,2,Y55-64,2025,49.241943,
ITC4B,INAC_R,2,Y_GE15,2018,56.459282,
ITC4B,INAC_R,2,Y_GE15,2019,54.205743,
ITC4B,INAC_R,2,Y_GE15,2020,57.885541,
ITC4B,INAC_R,2,Y_GE15,2021,58.046357,
ITC4B,INAC_R,2,Y_GE15,2022,55.19707,
ITC4B,INAC_R,2,Y_GE15,2023,54.296617,
ITC4B,INAC_R,2,Y_GE15,2024,55.512443,
ITC4B,INAC_R,2,Y_GE15,2025,56.183181,
ITC4B,INAC_R,9,Y15-24,2018,69.380134,
ITC4B,INAC_R,9,Y15-24,2019,66.707718,
ITC4B,INAC_R,9,Y15-24,2020,70.011613,
ITC4B,INAC_R,9,Y15-24,2021,73.096338,
ITC4B,INAC_R,9,Y15-24,2022,71.492317,
ITC4B,INAC_R,9,Y15-24,2023,70.198074,
ITC4B,INAC_R,9,Y15-24,2024,67.236409,
ITC4B,INAC_R,9,Y15-24,2025,64.902077,
ITC4B,INAC_R,9,Y15-64,2018,28.925349,
ITC4B,INAC_R,9,Y15-64,2019,27.084114,
ITC4B,INAC_R,9,Y15-64,2020,30.744683,
ITC4B,INAC_R,9,Y15-64,2021,30.796473,
ITC4B,INAC_R,9,Y15-64,2022,27.32456,
ITC4B,INAC_R,9,Y15-64,2023,27.622163,
ITC4B,INAC_R,9,Y15-64,2024,28.455402,
ITC4B,INAC_R,9,Y15-64,2025,28.426877,
ITC4B,INAC_R,9,Y18-29,2018,42.275278,
ITC4B,INAC_R,9,Y18-29,2019,40.78924,
ITC4B,INAC_R,9,Y18-29,2020,44.317153,
ITC4B,INAC_R,9,Y18-29,2021,45.114543,
ITC4B,INAC_R,9,Y18-29,2022,41.675956,
ITC4B,INAC_R,9,Y18-29,2023,38.373623,
ITC4B,INAC_R,9,Y18-29,2024,39.44041,
ITC4B,INAC_R,9,Y18-29,2025,39.51475,
ITC4B,INAC_R,9,Y25-34,2018,21.042546,
ITC4B,INAC_R,9,Y25-34,2019,17.413046,
ITC4B,INAC_R,9,Y25-34,2020,22.109214,
ITC4B,INAC_R,9,Y25-34,2021,20.732767,
ITC4B,INAC_R,9,Y25-34,2022,16.408912,
ITC4B,INAC_R,9,Y25-34,2023,14.598272,
ITC4B,INAC_R,9,Y25-34,2024,20.189786,
ITC4B,INAC_R,9,Y25-34,2025,19.558006,
ITC4B,INAC_R,9,Y35-44,2018,12.902091,
ITC4B,INAC_R,9,Y35-44,2019,12.008809,
ITC4B,INAC_R,9,Y35-44,2020,14.802408,
ITC4B,INAC_R,9,Y35-44,2021,12.192537,
ITC4B,INAC_R,9,Y35-44,2022,9.78676,
ITC4B,INAC_R,9,Y35-44,2023,10.225899,
ITC4B,INAC_R,9,Y35-44,2024,11.412058,
ITC4B,INAC_R,9,Y35-44,2025,12.206452,
ITC4B,INAC_R,9,Y35-49,2018,11.499455,
ITC4B,INAC_R,9,Y35-49,2019,11.630144,
ITC4B,INAC_R,9,Y35-49,2020,15.239865,
ITC4B,INAC_R,9,Y35-49,2021,12.562808,
ITC4B,INAC_R,9,Y35-49,2022,10.874311,
ITC4B,INAC_R,9,Y35-49,2023,10.082564,
ITC4B,INAC_R,9,Y35-49,2024,11.712863,
ITC4B,INAC_R,9,Y35-49,2025,12.283586,
ITC4B,INAC_R,9,Y45-54,2018,15.74706,
ITC4B,INAC_R,9,Y45-54,2019,14.073977,
ITC4B,INAC_R,9,Y45-54,2020,17.584559,
ITC4B,INAC_R,9,Y45-54,2021,15.216654,
ITC4B,INAC_R,9,Y45-54,2022,11.119818,
ITC4B,INAC_R,9,Y45-54,2023,14.141414,
ITC4B,INAC_R,9,Y45-54,2024,15.505425,
ITC4B,INAC_R,9,Y45-54,2025,14.142664,
ITC4B,INAC_R,9,Y55-64,2018,42.266326,
ITC4B,INAC_R,9,Y55-64,2019,40.563327,
ITC4B,INAC_R,9,Y55-64,2020,41.108279,
ITC4B,INAC_R,9,Y55-64,2021,44.94698,
ITC4B,INAC_R,9,Y55-64,2022,38.503395,
ITC4B,INAC_R,9,Y55-64,2023,36.831474,
ITC4B,INAC_R,9,Y55-64,2024,36.074279,
ITC4B,INAC_R,9,Y55-64,2025,38.071863,
ITC4B,INAC_R,9,Y_GE15,2018,46.393841,
ITC4B,INAC_R,9,Y_GE15,2019,45.207732,
ITC4B,INAC_R,9,Y_GE15,2020,47.485275,
ITC4B,INAC_R,9,Y_GE15,2021,47.85858,
ITC4B,INAC_R,9,Y_GE15,2022,45.655769,
ITC4B,INAC_R,9,Y_GE15,2023,45.848819,
ITC4B,INAC_R,9,Y_GE15,2024,46.316502,
ITC4B,INAC_R,9,Y_GE15,2025,46.160888,
