REF_AREA,DATA_TYPE,SEX,AGE,TIME_PERIOD,OBS_VALUE,OBS_STATUS
IT,EMP_R,1,Y15-24,2018,20.701345,
IT,EMP_R,1,Y15-24,2019,21.355795,
IT,EMP_R,1,Y15-24,2020,20.227674,
IT,EMP_R,1,Y15-24,2021,21.264674,
IT,EMP_R,1,Y15-24,2022,23.405842,
IT,EMP_R,1,Y15-24,2023,24.32494,
IT,EMP_R,1,Y15-24,2024,24.004036,
IT,EMP_R,1,Y15-24,2025,21.23075,
IT,EMP_R,1,Y15-29,2018,34.885406,
IT,EMP_R,1,Y15-29,2019,35.818134,
IT,EMP_R,1,Y15-29,2020,34.121825,
IT,EMP_R,1,Y15-29,2021,35.486686,
IT,EMP_R,1,Y15-29,2022,38.28283,
IT,EMP_R,1,Y15-29,2023,39.732979,
IT,EMP_R,1,Y15-29,2024,39.351598,
IT,EMP_R,1,Y15-29,2025,37.408303,
IT,EMP_R,1,Y15-64,2018,67.557619,
IT,EMP_R,1,Y15-64,2019,67.978149,
IT,EMP_R,1,Y15-64,2020,66.550086,
IT,EMP_R,1,Y15-64,2021,67.079496,
IT,EMP_R,1,Y15-64,2022,69.196611,
IT,EMP_R,1,Y15-64,2023,70.412215,
IT,EMP_R,1,Y15-64,2024,71.063068,
IT,EMP_R,1,Y15-64,2025,71.214713,
IT,EMP_R,1,Y15-89,2018,53.84428,
IT,EMP_R,1,Y15-89,2019,54.071111,
IT,EMP_R,1,Y15-89,2020,52.729162,
IT,EMP_R,1,Y15-89,2021,53.117048,
IT,EMP_R,1,Y15-89,2022,54.462928,
IT,EMP_R,1,Y15-89,2023,55.326465,
IT,EMP_R,1,Y15-89,2024,55.809456,
IT,EMP_R,1,Y15-89,2025,55.938256,
IT,EMP_R,1,Y18-29,2018,42.923477,
IT,EMP_R,1,Y18-29,2019,44.100184,
IT,EMP_R,1,Y18-29,2020,42.130863,
IT,EMP_R,1,Y18-29,2021,43.894594,
IT,EMP_R,1,Y18-29,2022,47.45014,
IT,EMP_R,1,Y18-29,2023,49.23205,
IT,EMP_R,1,Y18-29,2024,48.731524,
IT,EMP_R,1,Y18-29,2025,46.389016,
IT,EMP_R,1,Y20-64,2018,72.870649,
IT,EMP_R,1,Y20-64,2019,73.318612,
IT,EMP_R,1,Y20-64,2020,71.839491,
IT,EMP_R,1,Y20-64,2021,72.423956,
IT,EMP_R,1,Y20-64,2022,74.725921,
IT,EMP_R,1,Y20-64,2023,76.015191,
IT,EMP_R,1,Y20-64,2024,76.752134,
IT,EMP_R,1,Y20-64,2025,77.108734,
IT,EMP_R,1,Y25-34,2018,69.970427,
IT,EMP_R,1,Y25-34,2019,70.778586,
IT,EMP_R,1,Y25-34,2020,68.59379,
IT,EMP_R,1,Y25-34,2021,71.006347,
IT,EMP_R,1,Y25-34,2022,74.909846,
IT,EMP_R,1,Y25-34,2023,76.34214,
IT,EMP_R,1,Y25-34,2024,76.164088,
IT,EMP_R,1,Y25-34,2025,76.262163,
IT,EMP_R,1,Y35-44,2018,84.206866,
IT,EMP_R,1,Y35-44,2019,84.694037,
IT,EMP_R,1,Y35-44,2020,83.375587,
IT,EMP_R,1,Y35-44,2021,83.557729,
IT,EMP_R,1,Y35-44,2022,85.384379,
IT,EMP_R,1,Y35-44,2023,86.591812,
IT,EMP_R,1,Y35-44,2024,86.852509,
IT,EMP_R,1,Y35-44,2025,87.709468,
IT,EMP_R,1,Y45-54,2018,84.023541,
IT,EMP_R,1,Y45-54,2019,84.408396,
IT,EMP_R,1,Y45-54,2020,83.400124,
IT,EMP_R,1,Y45-54,2021,83.858727,
IT,EMP_R,1,Y45-54,2022,85.866149,
IT,EMP_R,1,Y45-54,2023,86.483648,
IT,EMP_R,1,Y45-54,2024,87.454603,
IT,EMP_R,1,Y45-54,2025,88.031829,
IT,EMP_R,1,Y55-64,2018,63.950198,
IT,EMP_R,1,Y55-64,2019,64.372035,
IT,EMP_R,1,Y55-64,2020,63.441454,
IT,EMP_R,1,Y55-64,2021,63.386937,
IT,EMP_R,1,Y55-64,2022,65.333495,
IT,EMP_R,1,Y55-64,2023,67.83703,
IT,EMP_R,1,Y55-64,2024,70.068093,
IT,EMP_R,1,Y55-64,2025,71.815208,
IT,EMP_R,2,Y15-24,2018,14.254311,
IT,EMP_R,2,Y15-24,2019,15.153887,
IT,EMP_R,2,Y15-24,2020,12.764855,
IT,EMP_R,2,Y15-24,2021,13.523719,
IT,EMP_R,2,Y15-24,2022,15.971105,
IT,EMP_R,2,Y15-24,2023,16.179371,
IT,EMP_R,2,Y15-24,2024,15.10852,
IT,EMP_R,2,Y15-24,2025,14.383702,
IT,EMP_R,2,Y15-29,2018,26.439433,
IT,EMP_R,2,Y15-29,2019,27.413855,
IT,EMP_R,2,Y15-29,2020,24.680704,
IT,EMP_R,2,Y15-29,2021,26.374062,
IT,EMP_R,2,Y15-29,2022,28.970299,
IT,EMP_R,2,Y15-29,2023,29.27823,
IT,EMP_R,2,Y15-29,2024,29.108075,
IT,EMP_R,2,Y15-29,2025,28.355732,
IT,EMP_R,2,Y15-64,2018,49.550207,
IT,EMP_R,2,Y15-64,2019,50.174255,
IT,EMP_R,2,Y15-64,2020,48.435447,
IT,EMP_R,2,Y15-64,2021,49.407684,
IT,EMP_R,2,Y15-64,2022,51.099794,
IT,EMP_R,2,Y15-64,2023,52.520935,
IT,EMP_R,2,Y15-64,2024,53.262699,
IT,EMP_R,2,Y15-64,2025,53.770638,
IT,EMP_R,2,Y15-89,2018,36.930001,
IT,EMP_R,2,Y15-89,2019,37.378891,
IT,EMP_R,2,Y15-89,2020,36.016806,
IT,EMP_R,2,Y15-89,2021,36.598153,
IT,EMP_R,2,Y15-89,2022,37.681623,
IT,EMP_R,2,Y15-89,2023,38.695605,
IT,EMP_R,2,Y15-89,2024,39.270858,
IT,EMP_R,2,Y15-89,2025,39.628749,
IT,EMP_R,2,Y18-29,2018,32.53295,
IT,EMP_R,2,Y18-29,2019,33.754438,
IT,EMP_R,2,Y18-29,2020,30.468931,
IT,EMP_R,2,Y18-29,2021,32.662689,
IT,EMP_R,2,Y18-29,2022,35.949997,
IT,EMP_R,2,Y18-29,2023,36.40085,
IT,EMP_R,2,Y18-29,2024,36.162744,
IT,EMP_R,2,Y18-29,2025,35.250496,
IT,EMP_R,2,Y20-64,2018,53.210004,
IT,EMP_R,2,Y20-64,2019,53.892264,
IT,EMP_R,2,Y20-64,2020,52.080002,
IT,EMP_R,2,Y20-64,2021,53.164248,
IT,EMP_R,2,Y20-64,2022,54.959423,
IT,EMP_R,2,Y20-64,2023,56.532606,
IT,EMP_R,2,Y20-64,2024,57.408203,
IT,EMP_R,2,Y20-64,2025,57.971166,
IT,EMP_R,2,Y25-34,2018,53.654034,
IT,EMP_R,2,Y25-34,2019,54.422477,
IT,EMP_R,2,Y25-34,2020,51.570426,
IT,EMP_R,2,Y25-34,2021,53.95779,
IT,EMP_R,2,Y25-34,2022,56.973045,
IT,EMP_R,2,Y25-34,2023,59.531356,
IT,EMP_R,2,Y25-34,2024,60.820992,
IT,EMP_R,2,Y25-34,2025,60.264189,
IT,EMP_R,2,Y35-44,2018,62.810852,
IT,EMP_R,2,Y35-44,2019,62.588605,
IT,EMP_R,2,Y35-44,2020,61.261965,
IT,EMP_R,2,Y35-44,2021,62.354416,
IT,EMP_R,2,Y35-44,2022,64.021695,
IT,EMP_R,2,Y35-44,2023,65.508391,
IT,EMP_R,2,Y35-44,2024,65.800218,
IT,EMP_R,2,Y35-44,2025,65.938075,
IT,EMP_R,2,Y45-54,2018,60.837856,
IT,EMP_R,2,Y45-54,2019,62.246907,
IT,EMP_R,2,Y45-54,2020,60.988404,
IT,EMP_R,2,Y45-54,2021,62.287889,
IT,EMP_R,2,Y45-54,2022,63.78926,
IT,EMP_R,2,Y45-54,2023,65.227825,
IT,EMP_R,2,Y45-54,2024,66.787668,
IT,EMP_R,2,Y45-54,2025,67.464422,
IT,EMP_R,2,Y55-64,2018,43.678388,
IT,EMP_R,2,Y55-64,2019,44.458712,
IT,EMP_R,2,Y55-64,2020,43.68745,
IT,EMP_R,2,Y55-64,2021,43.99626,
IT,EMP_R,2,Y55-64,2022,45.238766,
IT,EMP_R,2,Y55-64,2023,47.205821,
IT,EMP_R,2,Y55-64,2024,48.476177,
IT,EMP_R,2,Y55-64,2025,51.00198,
IT,EMP_R,9,Y15-24,2018,17.591727,
IT,EMP_R,9,Y15-24,2019,18.363208,
IT,EMP_R,9,Y15-24,2020,16.622702,
IT,EMP_R,9,Y15-24,2021,17.527335,
IT,EMP_R,9,Y15-24,2022,19.817472,
IT,EMP_R,9,Y15-24,2023,20.392569,
IT,EMP_R,9,Y15-24,2024,19.714045,
IT,EMP_R,9,Y15-24,2025,17.934812,
IT,EMP_R,9,Y15-29,2018,30.781089,
IT,EMP_R,9,Y15-29,2019,31.736629,
IT,EMP_R,9,Y15-29,2020,29.536465,
IT,EMP_R,9,Y15-29,2021,31.067404,
IT,EMP_R,9,Y15-29,2022,33.774526,
IT,EMP_R,9,Y15-29,2023,34.679241,
IT,EMP_R,9,Y15-29,2024,34.411187,
IT,EMP_R,9,Y15-29,2025,33.057973,
IT,EMP_R,9,Y15-64,2018,58.52055,
IT,EMP_R,9,Y15-64,2019,59.049285,
IT,EMP_R,9,Y15-64,2020,57.466765,
IT,EMP_R,9,Y15-64,2021,58.224408,
IT,EMP_R,9,Y15-64,2022,60.141852,
IT,EMP_R,9,Y15-64,2023,61.479051,
IT,EMP_R,9,Y15-64,2024,62.180504,
IT,EMP_R,9,Y15-64,2025,62.526358,
IT,EMP_R,9,Y15-89,2018,45.132042,
IT,EMP_R,9,Y15-89,2019,45.481132,
IT,EMP_R,9,Y15-89,2020,44.132046,
IT,EMP_R,9,Y15-89,2021,44.623988,
IT,EMP_R,9,Y15-89,2022,45.845775,
IT,EMP_R,9,Y15-89,2023,46.805152,
IT,EMP_R,9,Y15-89,2024,47.339467,
IT,EMP_R,9,Y15-89,2025,47.598993,
IT,EMP_R,9,Y18-29,2018,37.868948,
IT,EMP_R,9,Y18-29,2019,39.073655,
IT,EMP_R,9,Y18-29,2020,36.464705,
IT,EMP_R,9,Y18-29,2021,38.44656,
IT,EMP_R,9,Y18-29,2022,41.88302,
IT,EMP_R,9,Y18-29,2023,43.031535,
IT,EMP_R,9,Y18-29,2024,42.675433,
IT,EMP_R,9,Y18-29,2025,41.043908,
IT,EMP_R,9,Y20-64,2018,62.97185,
IT,EMP_R,9,Y20-64,2019,63.547806,
IT,EMP_R,9,Y20-64,2020,61.904197,
IT,EMP_R,9,Y20-64,2021,62.747031,
IT,EMP_R,9,Y20-64,2022,64.80939,
IT,EMP_R,9,Y20-64,2023,66.262679,
IT,EMP_R,9,Y20-64,2024,67.074339,
IT,EMP_R,9,Y20-64,2025,67.552393,
IT,EMP_R,9,Y25-34,2018,61.887211,
IT,EMP_R,9,Y25-34,2019,62.69274,
IT,EMP_R,9,Y25-34,2020,60.187616,
IT,EMP_R,9,Y25-34,2021,62.610094,
IT,EMP_R,9,Y25-34,2022,66.105447,
IT,EMP_R,9,Y25-34,2023,68.124197,
IT,EMP_R,9,Y25-34,2024,68.689589,
IT,EMP_R,9,Y25-34,2025,68.51513,
IT,EMP_R,9,Y35-44,2018,73.480849,
IT,EMP_R,9,Y35-44,2019,73.623991,
IT,EMP_R,9,Y35-44,2020,72.302094,
IT,EMP_R,9,Y35-44,2021,72.941727,
IT,EMP_R,9,Y35-44,2022,74.700755,
IT,EMP_R,9,Y35-44,2023,76.070601,
IT,EMP_R,9,Y35-44,2024,76.354428,
IT,EMP_R,9,Y35-44,2025,76.875534,
IT,EMP_R,9,Y45-54,2018,72.283655,
IT,EMP_R,9,Y45-54,2019,73.194893,
IT,EMP_R,9,Y45-54,2020,72.060885,
IT,EMP_R,9,Y45-54,2021,72.946254,
IT,EMP_R,9,Y45-54,2022,74.709605,
IT,EMP_R,9,Y45-54,2023,75.76066,
IT,EMP_R,9,Y45-54,2024,77.02365,
IT,EMP_R,9,Y45-54,2025,77.656229,
IT,EMP_R,9,Y55-64,2018,53.483107,
IT,EMP_R,9,Y55-64,2019,54.098287,
IT,EMP_R,9,Y55-64,2020,53.262647,
IT,EMP_R,9,Y55-64,2021,53.406821,
IT,EMP_R,9,Y55-64,2022,55.01235,
IT,EMP_R,9,Y55-64,2023,57.271776,
IT,EMP_R,9,Y55-64,2024,59.004579,
IT,EMP_R,9,Y55-64,2025,61.157291,
IT108,EMP_R,1,Y15-24,2018,23.272253,
IT108,EMP_R,1,Y15-24,2019,19.739176,
IT108,EMP_R,1,Y15-24,2020,16.13447,
IT108,EMP_R,1,Y15-24,2021,17.751269,
IT108,EMP_R,1,Y15-24,2022,22.081752,
IT108,EMP_R,1,Y15-24,2023,19.161477,
IT108,EMP_R,1,Y15-24,2024,18.161845,
IT108,EMP_R,1,Y15-24,2025,19.737453,
IT108,EMP_R,1,Y15-29,2018,40.231454,
IT108,EMP_R,1,Y15-29,2019,39.916899,
IT108,EMP_R,1,Y15-29,2020,35.283025,
IT108,EMP_R,1,Y15-29,2021,33.410752,
IT108,EMP_R,1,Y15-29,2022,37.998317,
IT108,EMP_R,1,Y15-29,2023,38.380458,
IT108,EMP_R,1,Y15-29,2024,40.816235,
IT108,EMP_R,1,Y15-29,2025,34.43428,
IT108,EMP_R,1,Y15-64,2018,75.414419,
IT108,EMP_R,1,Y15-64,2019,76.559903,
IT108,EMP_R,1,Y15-64,2020,73.136973,
IT108,EMP_R,1,Y15-64,2021,71.511909,
IT108,EMP_R,1,Y15-64,2022,75.783864,
IT108,EMP_R,1,Y15-64,2023,75.646036,
IT108,EMP_R,1,Y15-64,2024,76.132071,
IT108,EMP_R,1,Y15-64,2025,73.268538,
IT108,EMP_R,1,Y15-89,2018,60.401275,
IT108,EMP_R,1,Y15-89,2019,61.058622,
IT108,EMP_R,1,Y15-89,2020,57.899271,
IT108,EMP_R,1,Y15-89,2021,56.586281,
IT108,EMP_R,1,Y15-89,2022,59.527663,
IT108,EMP_R,1,Y15-89,2023,59.287524,
IT108,EMP_R,1,Y15-89,2024,59.529373,
IT108,EMP_R,1,Y15-89,2025,56.635214,
IT108,EMP_R,1,Y18-29,2018,48.922822,
IT108,EMP_R,1,Y18-29,2019,49.393343,
IT108,EMP_R,1,Y18-29,2020,44.475659,
IT108,EMP_R,1,Y18-29,2021,40.266478,
IT108,EMP_R,1,Y18-29,2022,47.985448,
IT108,EMP_R,1,Y18-29,2023,48.581452,
IT108,EMP_R,1,Y18-29,2024,48.760995,
IT108,EMP_R,1,Y18-29,2025,43.454693,
IT108,EMP_R,1,Y20-64,2018,80.854429,
IT108,EMP_R,1,Y20-64,2019,83.088939,
IT108,EMP_R,1,Y20-64,2020,79.57782,
IT108,EMP_R,1,Y20-64,2021,76.07589,
IT108,EMP_R,1,Y20-64,2022,81.416923,
IT108,EMP_R,1,Y20-64,2023,81.638985,
IT108,EMP_R,1,Y20-64,2024,81.768324,
IT108,EMP_R,1,Y20-64,2025,79.176532,
IT108,EMP_R,1,Y25-34,2018,78.011977,
IT108,EMP_R,1,Y25-34,2019,85.331108,
IT108,EMP_R,1,Y25-34,2020,82.175457,
IT108,EMP_R,1,Y25-34,2021,78.202108,
IT108,EMP_R,1,Y25-34,2022,81.005271,
IT108,EMP_R,1,Y25-34,2023,86.360664,
IT108,EMP_R,1,Y25-34,2024,85.437451,
IT108,EMP_R,1,Y25-34,2025,81.521998,
IT108,EMP_R,1,Y35-44,2018,93.352257,
IT108,EMP_R,1,Y35-44,2019,93.669437,
IT108,EMP_R,1,Y35-44,2020,93.119515,
IT108,EMP_R,1,Y35-44,2021,92.830996,
IT108,EMP_R,1,Y35-44,2022,93.434995,
IT108,EMP_R,1,Y35-44,2023,97.01272,
IT108,EMP_R,1,Y35-44,2024,98.902001,
IT108,EMP_R,1,Y35-44,2025,97.345192,
IT108,EMP_R,1,Y45-54,2018,91.567994,
IT108,EMP_R,1,Y45-54,2019,92.404101,
IT108,EMP_R,1,Y45-54,2020,92.38606,
IT108,EMP_R,1,Y45-54,2021,89.849664,
IT108,EMP_R,1,Y45-54,2022,94.10432,
IT108,EMP_R,1,Y45-54,2023,91.854848,
IT108,EMP_R,1,Y45-54,2024,96.496432,
IT108,EMP_R,1,Y45-54,2025,97.621147,
IT108,EMP_R,1,Y55-64,2018,67.538298,
IT108,EMP_R,1,Y55-64,2019,73.003145,
IT108,EMP_R,1,Y55-64,2020,65.098298,
IT108,EMP_R,1,Y55-64,2021,62.573804,
IT108,EMP_R,1,Y55-64,2022,71.857386,
IT108,EMP_R,1,Y55-64,2023,72.155946,
IT108,EMP_R,1,Y55-64,2024,68.482984,
IT108,EMP_R,1,Y55-64,2025,67.332745,
IT108,EMP_R,2,Y15-24,2018,13.338066,
IT108,EMP_R,2,Y15-24,2019,10.420722,
IT108,EMP_R,2,Y15-24,2020,15.832994,
IT108,EMP_R,2,Y15-24,2021,17.073818,
IT108,EMP_R,2,Y15-24,2022,18.117143,
IT108,EMP_R,2,Y15-24,2023,19.261865,
IT108,EMP_R,2,Y15-24,2024,17.255047,
IT108,EMP_R,2,Y15-24,2025,14.585182,
IT108,EMP_R,2,Y15-29,2018,28.904616,
IT108,EMP_R,2,Y15-29,2019,26.2258,
IT108,EMP_R,2,Y15-29,2020,32.165595,
IT108,EMP_R,2,Y15-29,2021,33.717702,
IT108,EMP_R,2,Y15-29,2022,37.0615,
IT108,EMP_R,2,Y15-29,2023,38.002379,
IT108,EMP_R,2,Y15-29,2024,35.56125,
IT108,EMP_R,2,Y15-29,2025,34.725667,
IT108,EMP_R,2,Y15-64,2018,59.312325,
IT108,EMP_R,2,Y15-64,2019,60.069222,
IT108,EMP_R,2,Y15-64,2020,61.851943,
IT108,EMP_R,2,Y15-64,2021,63.855299,
IT108,EMP_R,2,Y15-64,2022,63.456853,
IT108,EMP_R,2,Y15-64,2023,66.822449,
IT108,EMP_R,2,Y15-64,2024,65.372957,
IT108,EMP_R,2,Y15-64,2025,62.919082,
IT108,EMP_R,2,Y15-89,2018,44.693341,
IT108,EMP_R,2,Y15-89,2019,44.657326,
IT108,EMP_R,2,Y15-89,2020,45.681926,
IT108,EMP_R,2,Y15-89,2021,47.260612,
IT108,EMP_R,2,Y15-89,2022,47.248826,
IT108,EMP_R,2,Y15-89,2023,49.720523,
IT108,EMP_R,2,Y15-89,2024,48.371726,
IT108,EMP_R,2,Y15-89,2025,46.39054,
IT108,EMP_R,2,Y18-29,2018,37.278553,
IT108,EMP_R,2,Y18-29,2019,33.138582,
IT108,EMP_R,2,Y18-29,2020,39.997539,
IT108,EMP_R,2,Y18-29,2021,44.275484,
IT108,EMP_R,2,Y18-29,2022,45.923007,
IT108,EMP_R,2,Y18-29,2023,47.685232,
IT108,EMP_R,2,Y18-29,2024,47.505741,
IT108,EMP_R,2,Y18-29,2025,43.494865,
IT108,EMP_R,2,Y20-64,2018,63.785589,
IT108,EMP_R,2,Y20-64,2019,64.533042,
IT108,EMP_R,2,Y20-64,2020,66.667322,
IT108,EMP_R,2,Y20-64,2021,69.00414,
IT108,EMP_R,2,Y20-64,2022,67.703491,
IT108,EMP_R,2,Y20-64,2023,71.472682,
IT108,EMP_R,2,Y20-64,2024,71.111261,
IT108,EMP_R,2,Y20-64,2025,67.012851,
IT108,EMP_R,2,Y25-34,2018,67.666211,
IT108,EMP_R,2,Y25-34,2019,65.726334,
IT108,EMP_R,2,Y25-34,2020,67.686451,
IT108,EMP_R,2,Y25-34,2021,66.555082,
IT108,EMP_R,2,Y25-34,2022,76.286073,
IT108,EMP_R,2,Y25-34,2023,79.594269,
IT108,EMP_R,2,Y25-34,2024,77.638436,
IT108,EMP_R,2,Y25-34,2025,72.79185,
IT108,EMP_R,2,Y35-44,2018,79.041433,
IT108,EMP_R,2,Y35-44,2019,76.831406,
IT108,EMP_R,2,Y35-44,2020,79.028753,
IT108,EMP_R,2,Y35-44,2021,86.004453,
IT108,EMP_R,2,Y35-44,2022,77.689799,
IT108,EMP_R,2,Y35-44,2023,82.131293,
IT108,EMP_R,2,Y35-44,2024,81.635562,
IT108,EMP_R,2,Y35-44,2025,77.250978,
IT108,EMP_R,2,Y45-54,2018,75.266255,
IT108,EMP_R,2,Y45-54,2019,76.427683,
IT108,EMP_R,2,Y45-54,2020,77.03714,
IT108,EMP_R,2,Y45-54,2021,78.048401,
IT108,EMP_R,2,Y45-54,2022,75.16286,
IT108,EMP_R,2,Y45-54,2023,83.010068,
IT108,EMP_R,2,Y45-54,2024,83.749478,
IT108,EMP_R,2,Y45-54,2025,81.608088,
IT108,EMP_R,2,Y55-64,2018,45.19353,
IT108,EMP_R,2,Y55-64,2019,53.305901,
IT108,EMP_R,2,Y55-64,2020,55.263196,
IT108,EMP_R,2,Y55-64,2021,56.622867,
IT108,EMP_R,2,Y55-64,2022,58.525644,
IT108,EMP_R,2,Y55-64,2023,59.032164,
IT108,EMP_R,2,Y55-64,2024,56.532067,
IT108,EMP_R,2,Y55-64,2025,54.242572,
IT108,EMP_R,9,Y15-24,2018,18.246105,
IT108,EMP_R,9,Y15-24,2019,15.173375,
IT108,EMP_R,9,Y15-24,2020,15.987522,
IT108,EMP_R,9,Y15-24,2021,17.415374,
IT108,EMP_R,9,Y15-24,2022,20.162527,
IT108,EMP_R,9,Y15-24,2023,19.209322,
IT108,EMP_R,9,Y15-24,2024,17.70742,
IT108,EMP_R,9,Y15-24,2025,17.490122,
IT108,EMP_R,9,Y15-29,2018,34.715954,
IT108,EMP_R,9,Y15-29,2019,33.260284,
IT108,EMP_R,9,Y15-29,2020,33.768721,
IT108,EMP_R,9,Y15-29,2021,33.559695,
IT108,EMP_R,9,Y15-29,2022,37.544508,
IT108,EMP_R,9,Y15-29,2023,38.19784,
IT108,EMP_R,9,Y15-29,2024,38.26971,
IT108,EMP_R,9,Y15-29,2025,34.574529,
IT108,EMP_R,9,Y15-64,2018,67.388942,
IT108,EMP_R,9,Y15-64,2019,68.345299,
IT108,EMP_R,9,Y15-64,2020,67.516423,
IT108,EMP_R,9,Y15-64,2021,67.702429,
IT108,EMP_R,9,Y15-64,2022,69.659741,
IT108,EMP_R,9,Y15-64,2023,71.261183,
IT108,EMP_R,9,Y15-64,2024,70.786171,
IT108,EMP_R,9,Y15-64,2025,68.136541,
IT108,EMP_R,9,Y15-89,2018,52.364698,
IT108,EMP_R,9,Y15-89,2019,52.668633,
IT108,EMP_R,9,Y15-89,2020,51.6504,
IT108,EMP_R,9,Y15-89,2021,51.817232,
IT108,EMP_R,9,Y15-89,2022,53.262011,
IT108,EMP_R,9,Y15-89,2023,54.412036,
IT108,EMP_R,9,Y15-89,2024,53.843071,
IT108,EMP_R,9,Y15-89,2025,51.419799,
IT108,EMP_R,9,Y18-29,2018,43.423948,
IT108,EMP_R,9,Y18-29,2019,41.575691,
IT108,EMP_R,9,Y18-29,2020,42.284768,
IT108,EMP_R,9,Y18-29,2021,42.126063,
IT108,EMP_R,9,Y18-29,2022,46.971067,
IT108,EMP_R,9,Y18-29,2023,48.145745,
IT108,EMP_R,9,Y18-29,2024,48.187646,
IT108,EMP_R,9,Y18-29,2025,43.474104,
IT108,EMP_R,9,Y20-64,2018,72.375742,
IT108,EMP_R,9,Y20-64,2019,73.795817,
IT108,EMP_R,9,Y20-64,2020,73.121377,
IT108,EMP_R,9,Y20-64,2021,72.581632,
IT108,EMP_R,9,Y20-64,2022,74.575105,
IT108,EMP_R,9,Y20-64,2023,76.555995,
IT108,EMP_R,9,Y20-64,2024,76.513941,
IT108,EMP_R,9,Y20-64,2025,73.106774,
IT108,EMP_R,9,Y25-34,2018,72.820476,
IT108,EMP_R,9,Y25-34,2019,75.459531,
IT108,EMP_R,9,Y25-34,2020,74.87961,
IT108,EMP_R,9,Y25-34,2021,72.973742,
IT108,EMP_R,9,Y25-34,2022,78.745595,
IT108,EMP_R,9,Y25-34,2023,82.820548,
IT108,EMP_R,9,Y25-34,2024,81.756408,
IT108,EMP_R,9,Y25-34,2025,77.064113,
IT108,EMP_R,9,Y35-44,2018,86.484124,
IT108,EMP_R,9,Y35-44,2019,85.335206,
IT108,EMP_R,9,Y35-44,2020,85.909554,
IT108,EMP_R,9,Y35-44,2021,89.217002,
IT108,EMP_R,9,Y35-44,2022,85.44001,
IT108,EMP_R,9,Y35-44,2023,90.16311,
IT108,EMP_R,9,Y35-44,2024,90.596857,
IT108,EMP_R,9,Y35-44,2025,87.478993,
IT108,EMP_R,9,Y45-54,2018,83.572529,
IT108,EMP_R,9,Y45-54,2019,84.553268,
IT108,EMP_R,9,Y45-54,2020,85.133687,
IT108,EMP_R,9,Y45-54,2021,84.110506,
IT108,EMP_R,9,Y45-54,2022,84.810202,
IT108,EMP_R,9,Y45-54,2023,87.341547,
IT108,EMP_R,9,Y45-54,2024,89.790898,
IT108,EMP_R,9,Y45-54,2025,88.883325,
IT108,EMP_R,9,Y55-64,2018,55.888699,
IT108,EMP_R,9,Y55-64,2019,62.933773,
IT108,EMP_R,9,Y55-64,2020,59.999697,
IT108,EMP_R,9,Y55-64,2021,59.491691,
IT108,EMP_R,9,Y55-64,2022,64.981547,
IT108,EMP_R,9,Y55-64,2023,65.492257,
IT108,EMP_R,9,Y55-64,2024,62.579231,
IT108,EMP_R,9,Y55-64,2025,60.967572,
ITC4,EMP_R,1,Y15-24,2018,26.910715,
ITC4,EMP_R,1,Y15-24,2019,27.735763,
ITC4,EMP_R,1,Y15-24,2020,24.230408,
ITC4,EMP_R,1,Y15-24,2021,25.713339,
ITC4,EMP_R,1,Y15-24,2022,28.617628,
ITC4,EMP_R,1,Y15-24,2023,28.054324,
ITC4,EMP_R,1,Y15-24,2024,28.394073,
ITC4,EMP_R,1,Y15-24,2025,25.568036,
ITC4,EMP_R,1,Y15-29,2018,44.007699,
ITC4,EMP_R,1,Y15-29,2019,45.402071,
ITC4,EMP_R,1,Y15-29,2020,41.184758,
ITC4,EMP_R,1,Y15-29,2021,42.237003,
ITC4,EMP_R,1,Y15-29,2022,45.932101,
ITC4,EMP_R,1,Y15-29,2023,45.937286,
ITC4,EMP_R,1,Y15-29,2024,45.616108,
ITC4,EMP_R,1,Y15-29,2025,43.939047,
ITC4,EMP_R,1,Y15-64,2018,75.557622,
ITC4,EMP_R,1,Y15-64,2019,76.148751,
ITC4,EMP_R,1,Y15-64,2020,73.529057,
ITC4,EMP_R,1,Y15-64,2021,73.421401,
ITC4,EMP_R,1,Y15-64,2022,75.826077,
ITC4,EMP_R,1,Y15-64,2023,76.412355,
ITC4,EMP_R,1,Y15-64,2024,76.311691,
ITC4,EMP_R,1,Y15-64,2025,76.765281,
ITC4,EMP_R,1,Y15-89,2018,60.277985,
ITC4,EMP_R,1,Y15-89,2019,60.695261,
ITC4,EMP_R,1,Y15-89,2020,58.568643,
ITC4,EMP_R,1,Y15-89,2021,58.521271,
ITC4,EMP_R,1,Y15-89,2022,60.050764,
ITC4,EMP_R,1,Y15-89,2023,60.4396,
ITC4,EMP_R,1,Y15-89,2024,60.419167,
ITC4,EMP_R,1,Y15-89,2025,60.652425,
ITC4,EMP_R,1,Y18-29,2018,54.574259,
ITC4,EMP_R,1,Y18-29,2019,56.299173,
ITC4,EMP_R,1,Y18-29,2020,51.167141,
ITC4,EMP_R,1,Y18-29,2021,52.472936,
ITC4,EMP_R,1,Y18-29,2022,57.108034,
ITC4,EMP_R,1,Y18-29,2023,57.24009,
ITC4,EMP_R,1,Y18-29,2024,56.786996,
ITC4,EMP_R,1,Y18-29,2025,54.653048,
ITC4,EMP_R,1,Y20-64,2018,81.231887,
ITC4,EMP_R,1,Y20-64,2019,81.87187,
ITC4,EMP_R,1,Y20-64,2020,79.247933,
ITC4,EMP_R,1,Y20-64,2021,79.049042,
ITC4,EMP_R,1,Y20-64,2022,81.665586,
ITC4,EMP_R,1,Y20-64,2023,82.345207,
ITC4,EMP_R,1,Y20-64,2024,82.297936,
ITC4,EMP_R,1,Y20-64,2025,83.055727,
ITC4,EMP_R,1,Y25-34,2018,83.43721,
ITC4,EMP_R,1,Y25-34,2019,85.377772,
ITC4,EMP_R,1,Y25-34,2020,81.703643,
ITC4,EMP_R,1,Y25-34,2021,81.910869,
ITC4,EMP_R,1,Y25-34,2022,86.350835,
ITC4,EMP_R,1,Y25-34,2023,86.790296,
ITC4,EMP_R,1,Y25-34,2024,85.718183,
ITC4,EMP_R,1,Y25-34,2025,85.927213,
ITC4,EMP_R,1,Y35-44,2018,93.174643,
ITC4,EMP_R,1,Y35-44,2019,92.96391,
ITC4,EMP_R,1,Y35-44,2020,91.32015,
ITC4,EMP_R,1,Y35-44,2021,91.700929,
ITC4,EMP_R,1,Y35-44,2022,93.391783,
ITC4,EMP_R,1,Y35-44,2023,93.609311,
ITC4,EMP_R,1,Y35-44,2024,93.938314,
ITC4,EMP_R,1,Y35-44,2025,94.640099,
ITC4,EMP_R,1,Y45-54,2018,91.501754,
ITC4,EMP_R,1,Y45-54,2019,91.919888,
ITC4,EMP_R,1,Y45-54,2020,90.429382,
ITC4,EMP_R,1,Y45-54,2021,91.016194,
ITC4,EMP_R,1,Y45-54,2022,92.890048,
ITC4,EMP_R,1,Y45-54,2023,92.869144,
ITC4,EMP_R,1,Y45-54,2024,93.034849,
ITC4,EMP_R,1,Y45-54,2025,94.748704,
ITC4,EMP_R,1,Y55-64,2018,64.998833,
ITC4,EMP_R,1,Y55-64,2019,66.596284,
ITC4,EMP_R,1,Y55-64,2020,64.403713,
ITC4,EMP_R,1,Y55-64,2021,63.079115,
ITC4,EMP_R,1,Y55-64,2022,66.210259,
ITC4,EMP_R,1,Y55-64,2023,69.758936,
ITC4,EMP_R,1,Y55-64,2024,69.917974,
ITC4,EMP_R,1,Y55-64,2025,72.187103,
ITC4,EMP_R,2,Y15-24,2018,18.953443,
ITC4,EMP_R,2,Y15-24,2019,20.25602,
ITC4,EMP_R,2,Y15-24,2020,17.896596,
ITC4,EMP_R,2,Y15-24,2021,17.163673,
ITC4,EMP_R,2,Y15-24,2022,20.38632,
ITC4,EMP_R,2,Y15-24,2023,22.557189,
ITC4,EMP_R,2,Y15-24,2024,20.130556,
ITC4,EMP_R,2,Y15-24,2025,19.990306,
ITC4,EMP_R,2,Y15-29,2018,35.668041,
ITC4,EMP_R,2,Y15-29,2019,36.132643,
ITC4,EMP_R,2,Y15-29,2020,34.070044,
ITC4,EMP_R,2,Y15-29,2021,33.819049,
ITC4,EMP_R,2,Y15-29,2022,36.900366,
ITC4,EMP_R,2,Y15-29,2023,38.714665,
ITC4,EMP_R,2,Y15-29,2024,38.088108,
ITC4,EMP_R,2,Y15-29,2025,36.252806,
ITC4,EMP_R,2,Y15-64,2018,59.623671,
ITC4,EMP_R,2,Y15-64,2019,60.440914,
ITC4,EMP_R,2,Y15-64,2020,58.618449,
ITC4,EMP_R,2,Y15-64,2021,59.508789,
ITC4,EMP_R,2,Y15-64,2022,60.427207,
ITC4,EMP_R,2,Y15-64,2023,61.944863,
ITC4,EMP_R,2,Y15-64,2024,62.26917,
ITC4,EMP_R,2,Y15-64,2025,62.127745,
ITC4,EMP_R,2,Y15-89,2018,44.160378,
ITC4,EMP_R,2,Y15-89,2019,44.744864,
ITC4,EMP_R,2,Y15-89,2020,43.443918,
ITC4,EMP_R,2,Y15-89,2021,44.04764,
ITC4,EMP_R,2,Y15-89,2022,44.583661,
ITC4,EMP_R,2,Y15-89,2023,45.791906,
ITC4,EMP_R,2,Y15-89,2024,46.037874,
ITC4,EMP_R,2,Y15-89,2025,45.878914,
ITC4,EMP_R,2,Y18-29,2018,44.256226,
ITC4,EMP_R,2,Y18-29,2019,44.655392,
ITC4,EMP_R,2,Y18-29,2020,42.273338,
ITC4,EMP_R,2,Y18-29,2021,42.147198,
ITC4,EMP_R,2,Y18-29,2022,46.073231,
ITC4,EMP_R,2,Y18-29,2023,48.41968,
ITC4,EMP_R,2,Y18-29,2024,47.583883,
ITC4,EMP_R,2,Y18-29,2025,45.358526,
ITC4,EMP_R,2,Y20-64,2018,63.862911,
ITC4,EMP_R,2,Y20-64,2019,64.774343,
ITC4,EMP_R,2,Y20-64,2020,62.935297,
ITC4,EMP_R,2,Y20-64,2021,64.034051,
ITC4,EMP_R,2,Y20-64,2022,64.90883,
ITC4,EMP_R,2,Y20-64,2023,66.671295,
ITC4,EMP_R,2,Y20-64,2024,67.131911,
ITC4,EMP_R,2,Y20-64,2025,66.918704,
ITC4,EMP_R,2,Y25-34,2018,69.800325,
ITC4,EMP_R,2,Y25-34,2019,70.615179,
ITC4,EMP_R,2,Y25-34,2020,68.135888,
ITC4,EMP_R,2,Y25-34,2021,68.128541,
ITC4,EMP_R,2,Y25-34,2022,71.141649,
ITC4,EMP_R,2,Y25-34,2023,74.197182,
ITC4,EMP_R,2,Y25-34,2024,75.418364,
ITC4,EMP_R,2,Y25-34,2025,71.582348,
ITC4,EMP_R,2,Y35-44,2018,74.255211,
ITC4,EMP_R,2,Y35-44,2019,75.031191,
ITC4,EMP_R,2,Y35-44,2020,73.637124,
ITC4,EMP_R,2,Y35-44,2021,74.656236,
ITC4,EMP_R,2,Y35-44,2022,75.138945,
ITC4,EMP_R,2,Y35-44,2023,75.654461,
ITC4,EMP_R,2,Y35-44,2024,76.340527,
ITC4,EMP_R,2,Y35-44,2025,74.530766,
ITC4,EMP_R,2,Y45-54,2018,71.891116,
ITC4,EMP_R,2,Y45-54,2019,73.955411,
ITC4,EMP_R,2,Y45-54,2020,72.018641,
ITC4,EMP_R,2,Y45-54,2021,74.490665,
ITC4,EMP_R,2,Y45-54,2022,75.483807,
ITC4,EMP_R,2,Y45-54,2023,75.599404,
ITC4,EMP_R,2,Y45-54,2024,76.381375,
ITC4,EMP_R,2,Y45-54,2025,78.618093,
ITC4,EMP_R,2,Y55-64,2018,48.407774,
ITC4,EMP_R,2,Y55-64,2019,48.475702,
ITC4,EMP_R,2,Y55-64,2020,48.386844,
ITC4,EMP_R,2,Y55-64,2021,50.185609,
ITC4,EMP_R,2,Y55-64,2022,49.603612,
ITC4,EMP_R,2,Y55-64,2023,52.91918,
ITC4,EMP_R,2,Y55-64,2024,53.919032,
ITC4,EMP_R,2,Y55-64,2025,55.823604,
ITC4,EMP_R,9,Y15-24,2018,23.079914,
ITC4,EMP_R,9,Y15-24,2019,24.135676,
ITC4,EMP_R,9,Y15-24,2020,21.178471,
ITC4,EMP_R,9,Y15-24,2021,21.595993,
ITC4,EMP_R,9,Y15-24,2022,24.656298,
ITC4,EMP_R,9,Y15-24,2023,25.408188,
ITC4,EMP_R,9,Y15-24,2024,24.423185,
ITC4,EMP_R,9,Y15-24,2025,22.896405,
ITC4,EMP_R,9,Y15-29,2018,39.957176,
ITC4,EMP_R,9,Y15-29,2019,40.904559,
ITC4,EMP_R,9,Y15-29,2020,37.732826,
ITC4,EMP_R,9,Y15-29,2021,38.159248,
ITC4,EMP_R,9,Y15-29,2022,41.567087,
ITC4,EMP_R,9,Y15-29,2023,42.452557,
ITC4,EMP_R,9,Y15-29,2024,41.994434,
ITC4,EMP_R,9,Y15-29,2025,40.260007,
ITC4,EMP_R,9,Y15-64,2018,67.645574,
ITC4,EMP_R,9,Y15-64,2019,68.356435,
ITC4,EMP_R,9,Y15-64,2020,66.132528,
ITC4,EMP_R,9,Y15-64,2021,66.524483,
ITC4,EMP_R,9,Y15-64,2022,68.205818,
ITC4,EMP_R,9,Y15-64,2023,69.262427,
ITC4,EMP_R,9,Y15-64,2024,69.37641,
ITC4,EMP_R,9,Y15-64,2025,69.551248,
ITC4,EMP_R,9,Y15-89,2018,52.030406,
ITC4,EMP_R,9,Y15-89,2019,52.543813,
ITC4,EMP_R,9,Y15-89,2020,50.842492,
ITC4,EMP_R,9,Y15-89,2021,51.132433,
ITC4,EMP_R,9,Y15-89,2022,52.166576,
ITC4,EMP_R,9,Y15-89,2023,52.987183,
ITC4,EMP_R,9,Y15-89,2024,53.107103,
ITC4,EMP_R,9,Y15-89,2025,53.155377,
ITC4,EMP_R,9,Y18-29,2018,49.5553,
ITC4,EMP_R,9,Y18-29,2019,50.644756,
ITC4,EMP_R,9,Y18-29,2020,46.849654,
ITC4,EMP_R,9,Y18-29,2021,47.471146,
ITC4,EMP_R,9,Y18-29,2022,51.776984,
ITC4,EMP_R,9,Y18-29,2023,52.985224,
ITC4,EMP_R,9,Y18-29,2024,52.362752,
ITC4,EMP_R,9,Y18-29,2025,50.214645,
ITC4,EMP_R,9,Y20-64,2018,72.585085,
ITC4,EMP_R,9,Y20-64,2019,73.371332,
ITC4,EMP_R,9,Y20-64,2020,71.139169,
ITC4,EMP_R,9,Y20-64,2021,71.590871,
ITC4,EMP_R,9,Y20-64,2022,73.357877,
ITC4,EMP_R,9,Y20-64,2023,74.585199,
ITC4,EMP_R,9,Y20-64,2024,74.793973,
ITC4,EMP_R,9,Y20-64,2025,75.087748,
ITC4,EMP_R,9,Y25-34,2018,76.682705,
ITC4,EMP_R,9,Y25-34,2019,78.084113,
ITC4,EMP_R,9,Y25-34,2020,75.003805,
ITC4,EMP_R,9,Y25-34,2021,75.120614,
ITC4,EMP_R,9,Y25-34,2022,78.885655,
ITC4,EMP_R,9,Y25-34,2023,80.634472,
ITC4,EMP_R,9,Y25-34,2024,80.699697,
ITC4,EMP_R,9,Y25-34,2025,78.980565,
ITC4,EMP_R,9,Y35-44,2018,83.816018,
ITC4,EMP_R,9,Y35-44,2019,84.094691,
ITC4,EMP_R,9,Y35-44,2020,82.566474,
ITC4,EMP_R,9,Y35-44,2021,83.258202,
ITC4,EMP_R,9,Y35-44,2022,84.365796,
ITC4,EMP_R,9,Y35-44,2023,84.729808,
ITC4,EMP_R,9,Y35-44,2024,85.236167,
ITC4,EMP_R,9,Y35-44,2025,84.708413,
ITC4,EMP_R,9,Y45-54,2018,81.78115,
ITC4,EMP_R,9,Y45-54,2019,83.022346,
ITC4,EMP_R,9,Y45-54,2020,81.308131,
ITC4,EMP_R,9,Y45-54,2021,82.825939,
ITC4,EMP_R,9,Y45-54,2022,84.268348,
ITC4,EMP_R,9,Y45-54,2023,84.316575,
ITC4,EMP_R,9,Y45-54,2024,84.782064,
ITC4,EMP_R,9,Y45-54,2025,86.754056,
ITC4,EMP_R,9,Y55-64,2018,56.512077,
ITC4,EMP_R,9,Y55-64,2019,57.34549,
ITC4,EMP_R,9,Y55-64,2020,56.247037,
ITC4,EMP_R,9,Y55-64,2021,56.529497,
ITC4,EMP_R,9,Y55-64,2022,57.797952,
ITC4,EMP_R,9,Y55-64,2023,61.255311,
ITC4,EMP_R,9,Y55-64,2024,61.839309,
ITC4,EMP_R,9,Y55-64,2025,63.936959,
ITC41,EMP_R,1,Y15-24,2018,26.228387,
ITC41,EMP_R,1,Y15-24,2019,24.124071,
ITC41,EMP_R,1,Y15-24,2020,18.903397,
ITC41,EMP_R,1,Y15-24,2021,23.907617,
ITC41,EMP_R,1,Y15-24,2022,31.95532,
ITC41,EMP_R,1,Y15-24,2023,29.137193,
ITC41,EMP_R,1,Y15-24,2024,24.604217,
ITC41,EMP_R,1,Y15-24,2025,26.372233,
ITC41,EMP_R,1,Y15-29,2018,47.523821,
ITC41,EMP_R,1,Y15-29,2019,42.458547,
ITC41,EMP_R,1,Y15-29,2020,39.907214,
ITC41,EMP_R,1,Y15-29,2021,38.890097,
ITC41,EMP_R,1,Y15-29,2022,47.677303,
ITC41,EMP_R,1,Y15-29,2023,49.772661,
ITC41,EMP_R,1,Y15-29,2024,45.161339,
ITC41,EMP_R,1,Y15-29,2025,48.884387,
ITC41,EMP_R,1,Y15-64,2018,75.290821,
ITC41,EMP_R,1,Y15-64,2019,73.70763,
ITC41,EMP_R,1,Y15-64,2020,73.092002,
ITC41,EMP_R,1,Y15-64,2021,72.342526,
ITC41,EMP_R,1,Y15-64,2022,75.573731,
ITC41,EMP_R,1,Y15-64,2023,77.332571,
ITC41,EMP_R,1,Y15-64,2024,75.990753,
ITC41,EMP_R,1,Y15-64,2025,78.57556,
ITC41,EMP_R,1,Y15-89,2018,58.592618,
ITC41,EMP_R,1,Y15-89,2019,58.123954,
ITC41,EMP_R,1,Y15-89,2020,56.872583,
ITC41,EMP_R,1,Y15-89,2021,55.708561,
ITC41,EMP_R,1,Y15-89,2022,58.097606,
ITC41,EMP_R,1,Y15-89,2023,59.79439,
ITC41,EMP_R,1,Y15-89,2024,59.872337,
ITC41,EMP_R,1,Y15-89,2025,61.40775,
ITC41,EMP_R,1,Y18-29,2018,59.946624,
ITC41,EMP_R,1,Y18-29,2019,53.83241,
ITC41,EMP_R,1,Y18-29,2020,49.201536,
ITC41,EMP_R,1,Y18-29,2021,49.115096,
ITC41,EMP_R,1,Y18-29,2022,60.094199,
ITC41,EMP_R,1,Y18-29,2023,60.34038,
ITC41,EMP_R,1,Y18-29,2024,57.131233,
ITC41,EMP_R,1,Y18-29,2025,61.436514,
ITC41,EMP_R,1,Y20-64,2018,80.677987,
ITC41,EMP_R,1,Y20-64,2019,79.262307,
ITC41,EMP_R,1,Y20-64,2020,78.7944,
ITC41,EMP_R,1,Y20-64,2021,77.624346,
ITC41,EMP_R,1,Y20-64,2022,80.830615,
ITC41,EMP_R,1,Y20-64,2023,82.681002,
ITC41,EMP_R,1,Y20-64,2024,82.451378,
ITC41,EMP_R,1,Y20-64,2025,84.844895,
ITC41,EMP_R,1,Y25-34,2018,85.678021,
ITC41,EMP_R,1,Y25-34,2019,85.508557,
ITC41,EMP_R,1,Y25-34,2020,84.362362,
ITC41,EMP_R,1,Y25-34,2021,79.120457,
ITC41,EMP_R,1,Y25-34,2022,84.450465,
ITC41,EMP_R,1,Y25-34,2023,91.610646,
ITC41,EMP_R,1,Y25-34,2024,89.683727,
ITC41,EMP_R,1,Y25-34,2025,94.277487,
ITC41,EMP_R,1,Y35-44,2018,95.186181,
ITC41,EMP_R,1,Y35-44,2019,93.257563,
ITC41,EMP_R,1,Y35-44,2020,95.045541,
ITC41,EMP_R,1,Y35-44,2021,93.000549,
ITC41,EMP_R,1,Y35-44,2022,95.684973,
ITC41,EMP_R,1,Y35-44,2023,93.733159,
ITC41,EMP_R,1,Y35-44,2024,94.982674,
ITC41,EMP_R,1,Y35-44,2025,94.313683,
ITC41,EMP_R,1,Y45-54,2018,93.541627,
ITC41,EMP_R,1,Y45-54,2019,92.986049,
ITC41,EMP_R,1,Y45-54,2020,89.469995,
ITC41,EMP_R,1,Y45-54,2021,90.158942,
ITC41,EMP_R,1,Y45-54,2022,92.371394,
ITC41,EMP_R,1,Y45-54,2023,91.615489,
ITC41,EMP_R,1,Y45-54,2024,90.922172,
ITC41,EMP_R,1,Y45-54,2025,95.93544,
ITC41,EMP_R,1,Y55-64,2018,58.793016,
ITC41,EMP_R,1,Y55-64,2019,57.967855,
ITC41,EMP_R,1,Y55-64,2020,60.041667,
ITC41,EMP_R,1,Y55-64,2021,60.372631,
ITC41,EMP_R,1,Y55-64,2022,61.489176,
ITC41,EMP_R,1,Y55-64,2023,67.435196,
ITC41,EMP_R,1,Y55-64,2024,67.856163,
ITC41,EMP_R,1,Y55-64,2025,73.781956,
ITC41,EMP_R,2,Y15-24,2018,21.895888,
ITC41,EMP_R,2,Y15-24,2019,18.072945,
ITC41,EMP_R,2,Y15-24,2020,16.491725,
ITC41,EMP_R,2,Y15-24,2021,24.190526,
ITC41,EMP_R,2,Y15-24,2022,21.527693,
ITC41,EMP_R,2,Y15-24,2023,19.092812,
ITC41,EMP_R,2,Y15-24,2024,17.461793,
ITC41,EMP_R,2,Y15-24,2025,20.777391,
ITC41,EMP_R,2,Y15-29,2018,36.887102,
ITC41,EMP_R,2,Y15-29,2019,33.831913,
ITC41,EMP_R,2,Y15-29,2020,30.810043,
ITC41,EMP_R,2,Y15-29,2021,39.278347,
ITC41,EMP_R,2,Y15-29,2022,34.405665,
ITC41,EMP_R,2,Y15-29,2023,34.836771,
ITC41,EMP_R,2,Y15-29,2024,34.391611,
ITC41,EMP_R,2,Y15-29,2025,34.387244,
ITC41,EMP_R,2,Y15-64,2018,59.895816,
ITC41,EMP_R,2,Y15-64,2019,59.592074,
ITC41,EMP_R,2,Y15-64,2020,56.249547,
ITC41,EMP_R,2,Y15-64,2021,59.954583,
ITC41,EMP_R,2,Y15-64,2022,58.714416,
ITC41,EMP_R,2,Y15-64,2023,61.698592,
ITC41,EMP_R,2,Y15-64,2024,61.668958,
ITC41,EMP_R,2,Y15-64,2025,60.911217,
ITC41,EMP_R,2,Y15-89,2018,43.967807,
ITC41,EMP_R,2,Y15-89,2019,43.993631,
ITC41,EMP_R,2,Y15-89,2020,40.929776,
ITC41,EMP_R,2,Y15-89,2021,43.177773,
ITC41,EMP_R,2,Y15-89,2022,42.126934,
ITC41,EMP_R,2,Y15-89,2023,44.410216,
ITC41,EMP_R,2,Y15-89,2024,44.683278,
ITC41,EMP_R,2,Y15-89,2025,44.329527,
ITC41,EMP_R,2,Y18-29,2018,45.12768,
ITC41,EMP_R,2,Y18-29,2019,41.171076,
ITC41,EMP_R,2,Y18-29,2020,38.471671,
ITC41,EMP_R,2,Y18-29,2021,48.614038,
ITC41,EMP_R,2,Y18-29,2022,43.124513,
ITC41,EMP_R,2,Y18-29,2023,45.62161,
ITC41,EMP_R,2,Y18-29,2024,42.347131,
ITC41,EMP_R,2,Y18-29,2025,43.14292,
ITC41,EMP_R,2,Y20-64,2018,63.601865,
ITC41,EMP_R,2,Y20-64,2019,63.449522,
ITC41,EMP_R,2,Y20-64,2020,60.662001,
ITC41,EMP_R,2,Y20-64,2021,63.71073,
ITC41,EMP_R,2,Y20-64,2022,63.620559,
ITC41,EMP_R,2,Y20-64,2023,67.605849,
ITC41,EMP_R,2,Y20-64,2024,66.647487,
ITC41,EMP_R,2,Y20-64,2025,66.966562,
ITC41,EMP_R,2,Y25-34,2018,66.855435,
ITC41,EMP_R,2,Y25-34,2019,66.73266,
ITC41,EMP_R,2,Y25-34,2020,69.1169,
ITC41,EMP_R,2,Y25-34,2021,68.741994,
ITC41,EMP_R,2,Y25-34,2022,69.845821,
ITC41,EMP_R,2,Y25-34,2023,77.095367,
ITC41,EMP_R,2,Y25-34,2024,71.441728,
ITC41,EMP_R,2,Y25-34,2025,69.690039,
ITC41,EMP_R,2,Y35-44,2018,73.027713,
ITC41,EMP_R,2,Y35-44,2019,76.454111,
ITC41,EMP_R,2,Y35-44,2020,68.105063,
ITC41,EMP_R,2,Y35-44,2021,76.283306,
ITC41,EMP_R,2,Y35-44,2022,71.644413,
ITC41,EMP_R,2,Y35-44,2023,70.247967,
ITC41,EMP_R,2,Y35-44,2024,76.230269,
ITC41,EMP_R,2,Y35-44,2025,74.62851,
ITC41,EMP_R,2,Y45-54,2018,70.892025,
ITC41,EMP_R,2,Y45-54,2019,73.01549,
ITC41,EMP_R,2,Y45-54,2020,72.567858,
ITC41,EMP_R,2,Y45-54,2021,71.295859,
ITC41,EMP_R,2,Y45-54,2022,70.668917,
ITC41,EMP_R,2,Y45-54,2023,76.863015,
ITC41,EMP_R,2,Y45-54,2024,79.188968,
ITC41,EMP_R,2,Y45-54,2025,78.307362,
ITC41,EMP_R,2,Y55-64,2018,53.793546,
ITC41,EMP_R,2,Y55-64,2019,48.296144,
ITC41,EMP_R,2,Y55-64,2020,43.724836,
ITC41,EMP_R,2,Y55-64,2021,48.50515,
ITC41,EMP_R,2,Y55-64,2022,51.415173,
ITC41,EMP_R,2,Y55-64,2023,56.708163,
ITC41,EMP_R,2,Y55-64,2024,54.432863,
ITC41,EMP_R,2,Y55-64,2025,54.787423,
ITC41,EMP_R,9,Y15-24,2018,24.080894,
ITC41,EMP_R,9,Y15-24,2019,21.263692,
ITC41,EMP_R,9,Y15-24,2020,17.684763,
ITC41,EMP_R,9,Y15-24,2021,24.041336,
ITC41,EMP_R,9,Y15-24,2022,26.836831,
ITC41,EMP_R,9,Y15-24,2023,24.029,
ITC41,EMP_R,9,Y15-24,2024,21.094015,
ITC41,EMP_R,9,Y15-24,2025,23.559676,
ITC41,EMP_R,9,Y15-29,2018,42.326931,
ITC41,EMP_R,9,Y15-29,2019,38.242853,
ITC41,EMP_R,9,Y15-29,2020,35.466571,
ITC41,EMP_R,9,Y15-29,2021,39.07914,
ITC41,EMP_R,9,Y15-29,2022,41.218421,
ITC41,EMP_R,9,Y15-29,2023,42.525475,
ITC41,EMP_R,9,Y15-29,2024,39.94508,
ITC41,EMP_R,9,Y15-29,2025,41.893789,
ITC41,EMP_R,9,Y15-64,2018,67.609031,
ITC41,EMP_R,9,Y15-64,2019,66.667388,
ITC41,EMP_R,9,Y15-64,2020,64.693778,
ITC41,EMP_R,9,Y15-64,2021,66.16751,
ITC41,EMP_R,9,Y15-64,2022,67.179457,
ITC41,EMP_R,9,Y15-64,2023,69.559116,
ITC41,EMP_R,9,Y15-64,2024,68.869717,
ITC41,EMP_R,9,Y15-64,2025,69.811181,
ITC41,EMP_R,9,Y15-89,2018,51.080769,
ITC41,EMP_R,9,Y15-89,2019,50.858482,
ITC41,EMP_R,9,Y15-89,2020,48.676184,
ITC41,EMP_R,9,Y15-89,2021,49.258935,
ITC41,EMP_R,9,Y15-89,2022,49.887796,
ITC41,EMP_R,9,Y15-89,2023,51.91167,
ITC41,EMP_R,9,Y15-89,2024,52.090056,
ITC41,EMP_R,9,Y15-89,2025,52.675311,
ITC41,EMP_R,9,Y18-29,2018,52.593729,
ITC41,EMP_R,9,Y18-29,2019,47.515219,
ITC41,EMP_R,9,Y18-29,2020,44.023677,
ITC41,EMP_R,9,Y18-29,2021,48.868598,
ITC41,EMP_R,9,Y18-29,2022,51.811906,
ITC41,EMP_R,9,Y18-29,2023,53.481803,
ITC41,EMP_R,9,Y18-29,2024,49.826043,
ITC41,EMP_R,9,Y18-29,2025,52.607521,
ITC41,EMP_R,9,Y20-64,2018,72.133633,
ITC41,EMP_R,9,Y20-64,2019,71.344338,
ITC41,EMP_R,9,Y20-64,2020,69.763112,
ITC41,EMP_R,9,Y20-64,2021,70.647884,
ITC41,EMP_R,9,Y20-64,2022,72.309382,
ITC41,EMP_R,9,Y20-64,2023,75.280474,
ITC41,EMP_R,9,Y20-64,2024,74.550319,
ITC41,EMP_R,9,Y20-64,2025,76.045915,
ITC41,EMP_R,9,Y25-34,2018,77.433195,
ITC41,EMP_R,9,Y25-34,2019,76.056862,
ITC41,EMP_R,9,Y25-34,2020,77.164779,
ITC41,EMP_R,9,Y25-34,2021,73.872989,
ITC41,EMP_R,9,Y25-34,2022,77.139294,
ITC41,EMP_R,9,Y25-34,2023,84.386533,
ITC41,EMP_R,9,Y25-34,2024,80.705154,
ITC41,EMP_R,9,Y25-34,2025,82.113068,
ITC41,EMP_R,9,Y35-44,2018,83.374879,
ITC41,EMP_R,9,Y35-44,2019,85.159081,
ITC41,EMP_R,9,Y35-44,2020,81.004968,
ITC41,EMP_R,9,Y35-44,2021,84.619304,
ITC41,EMP_R,9,Y35-44,2022,84.318841,
ITC41,EMP_R,9,Y35-44,2023,83.100235,
ITC41,EMP_R,9,Y35-44,2024,85.980901,
ITC41,EMP_R,9,Y35-44,2025,84.924281,
ITC41,EMP_R,9,Y45-54,2018,82.195191,
ITC41,EMP_R,9,Y45-54,2019,82.644291,
ITC41,EMP_R,9,Y45-54,2020,81.267035,
ITC41,EMP_R,9,Y45-54,2021,80.961379,
ITC41,EMP_R,9,Y45-54,2022,81.477485,
ITC41,EMP_R,9,Y45-54,2023,84.18701,
ITC41,EMP_R,9,Y45-54,2024,85.217942,
ITC41,EMP_R,9,Y45-54,2025,86.929514,
ITC41,EMP_R,9,Y55-64,2018,56.221412,
ITC41,EMP_R,9,Y55-64,2019,53.090309,
ITC41,EMP_R,9,Y55-64,2020,51.743426,
ITC41,EMP_R,9,Y55-64,2021,54.185231,
ITC41,EMP_R,9,Y55-64,2022,56.290965,
ITC41,EMP_R,9,Y55-64,2023,61.849303,
ITC41,EMP_R,9,Y55-64,2024,60.744601,
ITC41,EMP_R,9,Y55-64,2025,64.43904,
ITC42,EMP_R,1,Y15-24,2018,34.173228,
ITC42,EMP_R,1,Y15-24,2019,28.888497,
ITC42,EMP_R,1,Y15-24,2020,19.405055,
ITC42,EMP_R,1,Y15-24,2021,26.033113,
ITC42,EMP_R,1,Y15-24,2022,29.204189,
ITC42,EMP_R,1,Y15-24,2023,20.692331,
ITC42,EMP_R,1,Y15-24,2024,26.366538,
ITC42,EMP_R,1,Y15-24,2025,27.070367,
ITC42,EMP_R,1,Y15-29,2018,51.25051,
ITC42,EMP_R,1,Y15-29,2019,45.341699,
ITC42,EMP_R,1,Y15-29,2020,37.567866,
ITC42,EMP_R,1,Y15-29,2021,41.964567,
ITC42,EMP_R,1,Y15-29,2022,47.850105,
ITC42,EMP_R,1,Y15-29,2023,44.23815,
ITC42,EMP_R,1,Y15-29,2024,41.960009,
ITC42,EMP_R,1,Y15-29,2025,43.940543,
ITC42,EMP_R,1,Y15-64,2018,75.175993,
ITC42,EMP_R,1,Y15-64,2019,75.672497,
ITC42,EMP_R,1,Y15-64,2020,72.404319,
ITC42,EMP_R,1,Y15-64,2021,71.854487,
ITC42,EMP_R,1,Y15-64,2022,73.746578,
ITC42,EMP_R,1,Y15-64,2023,73.686167,
ITC42,EMP_R,1,Y15-64,2024,73.923769,
ITC42,EMP_R,1,Y15-64,2025,75.05831,
ITC42,EMP_R,1,Y15-89,2018,60.085373,
ITC42,EMP_R,1,Y15-89,2019,60.815991,
ITC42,EMP_R,1,Y15-89,2020,57.896275,
ITC42,EMP_R,1,Y15-89,2021,56.267118,
ITC42,EMP_R,1,Y15-89,2022,58.048419,
ITC42,EMP_R,1,Y15-89,2023,59.006047,
ITC42,EMP_R,1,Y15-89,2024,58.792621,
ITC42,EMP_R,1,Y15-89,2025,59.764515,
ITC42,EMP_R,1,Y18-29,2018,63.227498,
ITC42,EMP_R,1,Y18-29,2019,56.63622,
ITC42,EMP_R,1,Y18-29,2020,46.6579,
ITC42,EMP_R,1,Y18-29,2021,52.499789,
ITC42,EMP_R,1,Y18-29,2022,60.301765,
ITC42,EMP_R,1,Y18-29,2023,55.49832,
ITC42,EMP_R,1,Y18-29,2024,52.076686,
ITC42,EMP_R,1,Y18-29,2025,55.593936,
ITC42,EMP_R,1,Y20-64,2018,80.53945,
ITC42,EMP_R,1,Y20-64,2019,81.924429,
ITC42,EMP_R,1,Y20-64,2020,78.539783,
ITC42,EMP_R,1,Y20-64,2021,77.002411,
ITC42,EMP_R,1,Y20-64,2022,79.04833,
ITC42,EMP_R,1,Y20-64,2023,80.199561,
ITC42,EMP_R,1,Y20-64,2024,80.226807,
ITC42,EMP_R,1,Y20-64,2025,81.269329,
ITC42,EMP_R,1,Y25-34,2018,88.050066,
ITC42,EMP_R,1,Y25-34,2019,83.988756,
ITC42,EMP_R,1,Y25-34,2020,77.973695,
ITC42,EMP_R,1,Y25-34,2021,80.21978,
ITC42,EMP_R,1,Y25-34,2022,88.557645,
ITC42,EMP_R,1,Y25-34,2023,90.993223,
ITC42,EMP_R,1,Y25-34,2024,84.084462,
ITC42,EMP_R,1,Y25-34,2025,86.852516,
ITC42,EMP_R,1,Y35-44,2018,92.34675,
ITC42,EMP_R,1,Y35-44,2019,93.592003,
ITC42,EMP_R,1,Y35-44,2020,91.795369,
ITC42,EMP_R,1,Y35-44,2021,89.814,
ITC42,EMP_R,1,Y35-44,2022,89.042428,
ITC42,EMP_R,1,Y35-44,2023,89.779524,
ITC42,EMP_R,1,Y35-44,2024,92.43687,
ITC42,EMP_R,1,Y35-44,2025,93.85062,
ITC42,EMP_R,1,Y45-54,2018,89.044636,
ITC42,EMP_R,1,Y45-54,2019,89.744553,
ITC42,EMP_R,1,Y45-54,2020,91.504123,
ITC42,EMP_R,1,Y45-54,2021,90.711552,
ITC42,EMP_R,1,Y45-54,2022,86.046248,
ITC42,EMP_R,1,Y45-54,2023,89.289406,
ITC42,EMP_R,1,Y45-54,2024,92.409659,
ITC42,EMP_R,1,Y45-54,2025,89.326919,
ITC42,EMP_R,1,Y55-64,2018,55.815846,
ITC42,EMP_R,1,Y55-64,2019,66.099059,
ITC42,EMP_R,1,Y55-64,2020,65.526746,
ITC42,EMP_R,1,Y55-64,2021,63.266325,
ITC42,EMP_R,1,Y55-64,2022,67.163104,
ITC42,EMP_R,1,Y55-64,2023,67.432745,
ITC42,EMP_R,1,Y55-64,2024,66.851914,
ITC42,EMP_R,1,Y55-64,2025,70.750518,
ITC42,EMP_R,2,Y15-24,2018,11.415609,
ITC42,EMP_R,2,Y15-24,2019,13.778517,
ITC42,EMP_R,2,Y15-24,2020,15.606936,
ITC42,EMP_R,2,Y15-24,2021,20.222493,
ITC42,EMP_R,2,Y15-24,2022,25.663913,
ITC42,EMP_R,2,Y15-24,2023,25.560828,
ITC42,EMP_R,2,Y15-24,2024,21.35292,
ITC42,EMP_R,2,Y15-24,2025,17.123066,
ITC42,EMP_R,2,Y15-29,2018,32.554269,
ITC42,EMP_R,2,Y15-29,2019,33.517992,
ITC42,EMP_R,2,Y15-29,2020,32.484918,
ITC42,EMP_R,2,Y15-29,2021,36.019266,
ITC42,EMP_R,2,Y15-29,2022,40.803286,
ITC42,EMP_R,2,Y15-29,2023,42.307692,
ITC42,EMP_R,2,Y15-29,2024,40.757443,
ITC42,EMP_R,2,Y15-29,2025,36.612343,
ITC42,EMP_R,2,Y15-64,2018,58.247858,
ITC42,EMP_R,2,Y15-64,2019,58.324852,
ITC42,EMP_R,2,Y15-64,2020,56.70004,
ITC42,EMP_R,2,Y15-64,2021,58.563548,
ITC42,EMP_R,2,Y15-64,2022,59.944846,
ITC42,EMP_R,2,Y15-64,2023,61.971384,
ITC42,EMP_R,2,Y15-64,2024,60.504296,
ITC42,EMP_R,2,Y15-64,2025,57.66909,
ITC42,EMP_R,2,Y15-89,2018,43.284848,
ITC42,EMP_R,2,Y15-89,2019,43.377427,
ITC42,EMP_R,2,Y15-89,2020,41.986155,
ITC42,EMP_R,2,Y15-89,2021,43.085239,
ITC42,EMP_R,2,Y15-89,2022,44.036416,
ITC42,EMP_R,2,Y15-89,2023,45.760578,
ITC42,EMP_R,2,Y15-89,2024,44.282077,
ITC42,EMP_R,2,Y15-89,2025,42.105223,
ITC42,EMP_R,2,Y18-29,2018,40.293161,
ITC42,EMP_R,2,Y18-29,2019,40.947191,
ITC42,EMP_R,2,Y18-29,2020,39.786872,
ITC42,EMP_R,2,Y18-29,2021,44.611559,
ITC42,EMP_R,2,Y18-29,2022,50.771162,
ITC42,EMP_R,2,Y18-29,2023,52.821442,
ITC42,EMP_R,2,Y18-29,2024,51.309336,
ITC42,EMP_R,2,Y18-29,2025,45.110237,
ITC42,EMP_R,2,Y20-64,2018,62.885855,
ITC42,EMP_R,2,Y20-64,2019,62.37225,
ITC42,EMP_R,2,Y20-64,2020,60.857985,
ITC42,EMP_R,2,Y20-64,2021,63.008019,
ITC42,EMP_R,2,Y20-64,2022,64.390048,
ITC42,EMP_R,2,Y20-64,2023,66.331501,
ITC42,EMP_R,2,Y20-64,2024,64.63467,
ITC42,EMP_R,2,Y20-64,2025,62.303707,
ITC42,EMP_R,2,Y25-34,2018,72.018838,
ITC42,EMP_R,2,Y25-34,2019,76.317746,
ITC42,EMP_R,2,Y25-34,2020,72.200786,
ITC42,EMP_R,2,Y25-34,2021,69.670448,
ITC42,EMP_R,2,Y25-34,2022,70.205928,
ITC42,EMP_R,2,Y25-34,2023,76.811043,
ITC42,EMP_R,2,Y25-34,2024,75.230473,
ITC42,EMP_R,2,Y25-34,2025,68.540558,
ITC42,EMP_R,2,Y35-44,2018,74.202486,
ITC42,EMP_R,2,Y35-44,2019,69.46703,
ITC42,EMP_R,2,Y35-44,2020,74.162465,
ITC42,EMP_R,2,Y35-44,2021,71.628488,
ITC42,EMP_R,2,Y35-44,2022,76.088659,
ITC42,EMP_R,2,Y35-44,2023,75.42025,
ITC42,EMP_R,2,Y35-44,2024,77.052319,
ITC42,EMP_R,2,Y35-44,2025,74.957255,
ITC42,EMP_R,2,Y45-54,2018,73.130264,
ITC42,EMP_R,2,Y45-54,2019,71.883562,
ITC42,EMP_R,2,Y45-54,2020,65.870667,
ITC42,EMP_R,2,Y45-54,2021,72.27164,
ITC42,EMP_R,2,Y45-54,2022,75.915683,
ITC42,EMP_R,2,Y45-54,2023,72.588977,
ITC42,EMP_R,2,Y45-54,2024,67.121566,
ITC42,EMP_R,2,Y45-54,2025,70.590298,
ITC42,EMP_R,2,Y55-64,2018,45.190697,
ITC42,EMP_R,2,Y55-64,2019,47.366035,
ITC42,EMP_R,2,Y55-64,2020,46.583157,
ITC42,EMP_R,2,Y55-64,2021,48.495226,
ITC42,EMP_R,2,Y55-64,2022,45.067502,
ITC42,EMP_R,2,Y55-64,2023,53.845506,
ITC42,EMP_R,2,Y55-64,2024,54.982388,
ITC42,EMP_R,2,Y55-64,2025,50.321654,
ITC42,EMP_R,9,Y15-24,2018,23.092946,
ITC42,EMP_R,9,Y15-24,2019,21.423597,
ITC42,EMP_R,9,Y15-24,2020,17.551332,
ITC42,EMP_R,9,Y15-24,2021,23.331207,
ITC42,EMP_R,9,Y15-24,2022,27.526719,
ITC42,EMP_R,9,Y15-24,2023,23.049343,
ITC42,EMP_R,9,Y15-24,2024,23.981573,
ITC42,EMP_R,9,Y15-24,2025,22.400809,
ITC42,EMP_R,9,Y15-29,2018,42.195276,
ITC42,EMP_R,9,Y15-29,2019,39.622026,
ITC42,EMP_R,9,Y15-29,2020,35.107447,
ITC42,EMP_R,9,Y15-29,2021,39.090242,
ITC42,EMP_R,9,Y15-29,2022,44.438241,
ITC42,EMP_R,9,Y15-29,2023,43.304003,
ITC42,EMP_R,9,Y15-29,2024,41.379193,
ITC42,EMP_R,9,Y15-29,2025,40.422151,
ITC42,EMP_R,9,Y15-64,2018,66.785008,
ITC42,EMP_R,9,Y15-64,2019,67.082011,
ITC42,EMP_R,9,Y15-64,2020,64.633024,
ITC42,EMP_R,9,Y15-64,2021,65.283648,
ITC42,EMP_R,9,Y15-64,2022,66.924068,
ITC42,EMP_R,9,Y15-64,2023,67.906003,
ITC42,EMP_R,9,Y15-64,2024,67.309149,
ITC42,EMP_R,9,Y15-64,2025,66.497009,
ITC42,EMP_R,9,Y15-89,2018,51.492967,
ITC42,EMP_R,9,Y15-89,2019,51.919912,
ITC42,EMP_R,9,Y15-89,2020,49.802184,
ITC42,EMP_R,9,Y15-89,2021,49.570108,
ITC42,EMP_R,9,Y15-89,2022,50.935,
ITC42,EMP_R,9,Y15-89,2023,52.277329,
ITC42,EMP_R,9,Y15-89,2024,51.415551,
ITC42,EMP_R,9,Y15-89,2025,50.793275,
ITC42,EMP_R,9,Y18-29,2018,52.086656,
ITC42,EMP_R,9,Y18-29,2019,48.986077,
ITC42,EMP_R,9,Y18-29,2020,43.332082,
ITC42,EMP_R,9,Y18-29,2021,48.675189,
ITC42,EMP_R,9,Y18-29,2022,55.656227,
ITC42,EMP_R,9,Y18-29,2023,54.199761,
ITC42,EMP_R,9,Y18-29,2024,51.708101,
ITC42,EMP_R,9,Y18-29,2025,50.491983,
ITC42,EMP_R,9,Y20-64,2018,71.801121,
ITC42,EMP_R,9,Y20-64,2019,72.17029,
ITC42,EMP_R,9,Y20-64,2020,69.753564,
ITC42,EMP_R,9,Y20-64,2021,70.089453,
ITC42,EMP_R,9,Y20-64,2022,71.816027,
ITC42,EMP_R,9,Y20-64,2023,73.298115,
ITC42,EMP_R,9,Y20-64,2024,72.461674,
ITC42,EMP_R,9,Y20-64,2025,71.88764,
ITC42,EMP_R,9,Y25-34,2018,80.465814,
ITC42,EMP_R,9,Y25-34,2019,80.3855,
ITC42,EMP_R,9,Y25-34,2020,75.218381,
ITC42,EMP_R,9,Y25-34,2021,75.042247,
ITC42,EMP_R,9,Y25-34,2022,79.516571,
ITC42,EMP_R,9,Y25-34,2023,84.590154,
ITC42,EMP_R,9,Y25-34,2024,79.760197,
ITC42,EMP_R,9,Y25-34,2025,77.927121,
ITC42,EMP_R,9,Y35-44,2018,83.250977,
ITC42,EMP_R,9,Y35-44,2019,81.603314,
ITC42,EMP_R,9,Y35-44,2020,83.353976,
ITC42,EMP_R,9,Y35-44,2021,80.719437,
ITC42,EMP_R,9,Y35-44,2022,82.217039,
ITC42,EMP_R,9,Y35-44,2023,81.729827,
ITC42,EMP_R,9,Y35-44,2024,84.196083,
ITC42,EMP_R,9,Y35-44,2025,84.594558,
ITC42,EMP_R,9,Y45-54,2018,81.357716,
ITC42,EMP_R,9,Y45-54,2019,80.736777,
ITC42,EMP_R,9,Y45-54,2020,77.986611,
ITC42,EMP_R,9,Y45-54,2021,81.352684,
ITC42,EMP_R,9,Y45-54,2022,81.336884,
ITC42,EMP_R,9,Y45-54,2023,81.420895,
ITC42,EMP_R,9,Y45-54,2024,80.261754,
ITC42,EMP_R,9,Y45-54,2025,80.196677,
ITC42,EMP_R,9,Y55-64,2018,50.158726,
ITC42,EMP_R,9,Y55-64,2019,56.675238,
ITC42,EMP_R,9,Y55-64,2020,56.236012,
ITC42,EMP_R,9,Y55-64,2021,55.921807,
ITC42,EMP_R,9,Y55-64,2022,55.713886,
ITC42,EMP_R,9,Y55-64,2023,60.580618,
ITC42,EMP_R,9,Y55-64,2024,61.061182,
ITC42,EMP_R,9,Y55-64,2025,60.200585,
ITC43,EMP_R,1,Y15-24,2018,26.917173,
ITC43,EMP_R,1,Y15-24,2019,31.893707,
ITC43,EMP_R,1,Y15-24,2020,35.049726,
ITC43,EMP_R,1,Y15-24,2021,28.178013,
ITC43,EMP_R,1,Y15-24,2022,31.497642,
ITC43,EMP_R,1,Y15-24,2023,36.008637,
ITC43,EMP_R,1,Y15-24,2024,22.846231,
ITC43,EMP_R,1,Y15-24,2025,25.756997,
ITC43,EMP_R,1,Y15-29,2018,43.970647,
ITC43,EMP_R,1,Y15-29,2019,47.79091,
ITC43,EMP_R,1,Y15-29,2020,50.123417,
ITC43,EMP_R,1,Y15-29,2021,43.41417,
ITC43,EMP_R,1,Y15-29,2022,46.181375,
ITC43,EMP_R,1,Y15-29,2023,52.692353,
ITC43,EMP_R,1,Y15-29,2024,46.439426,
ITC43,EMP_R,1,Y15-29,2025,40.888686,
ITC43,EMP_R,1,Y15-64,2018,74.670069,
ITC43,EMP_R,1,Y15-64,2019,76.845499,
ITC43,EMP_R,1,Y15-64,2020,76.755916,
ITC43,EMP_R,1,Y15-64,2021,74.414216,
ITC43,EMP_R,1,Y15-64,2022,74.441053,
ITC43,EMP_R,1,Y15-64,2023,75.957655,
ITC43,EMP_R,1,Y15-64,2024,75.045691,
ITC43,EMP_R,1,Y15-64,2025,70.945269,
ITC43,EMP_R,1,Y15-89,2018,59.628083,
ITC43,EMP_R,1,Y15-89,2019,60.685262,
ITC43,EMP_R,1,Y15-89,2020,59.995144,
ITC43,EMP_R,1,Y15-89,2021,57.436127,
ITC43,EMP_R,1,Y15-89,2022,57.870982,
ITC43,EMP_R,1,Y15-89,2023,58.93447,
ITC43,EMP_R,1,Y15-89,2024,58.203266,
ITC43,EMP_R,1,Y15-89,2025,54.471739,
ITC43,EMP_R,1,Y18-29,2018,55.353041,
ITC43,EMP_R,1,Y18-29,2019,59.063489,
ITC43,EMP_R,1,Y18-29,2020,60.733237,
ITC43,EMP_R,1,Y18-29,2021,54.862293,
ITC43,EMP_R,1,Y18-29,2022,56.280853,
ITC43,EMP_R,1,Y18-29,2023,60.876791,
ITC43,EMP_R,1,Y18-29,2024,57.423529,
ITC43,EMP_R,1,Y18-29,2025,51.336281,
ITC43,EMP_R,1,Y20-64,2018,79.873825,
ITC43,EMP_R,1,Y20-64,2019,82.898078,
ITC43,EMP_R,1,Y20-64,2020,82.165878,
ITC43,EMP_R,1,Y20-64,2021,81.294507,
ITC43,EMP_R,1,Y20-64,2022,79.713885,
ITC43,EMP_R,1,Y20-64,2023,81.414823,
ITC43,EMP_R,1,Y20-64,2024,80.758284,
ITC43,EMP_R,1,Y20-64,2025,76.99199,
ITC43,EMP_R,1,Y25-34,2018,84.033047,
ITC43,EMP_R,1,Y25-34,2019,87.571631,
ITC43,EMP_R,1,Y25-34,2020,86.325559,
ITC43,EMP_R,1,Y25-34,2021,85.800906,
ITC43,EMP_R,1,Y25-34,2022,82.505101,
ITC43,EMP_R,1,Y25-34,2023,86.735406,
ITC43,EMP_R,1,Y25-34,2024,88.928068,
ITC43,EMP_R,1,Y25-34,2025,84.441898,
ITC43,EMP_R,1,Y35-44,2018,95.599713,
ITC43,EMP_R,1,Y35-44,2019,93.491323,
ITC43,EMP_R,1,Y35-44,2020,91.413873,
ITC43,EMP_R,1,Y35-44,2021,94.545112,
ITC43,EMP_R,1,Y35-44,2022,95.380626,
ITC43,EMP_R,1,Y35-44,2023,96.558651,
ITC43,EMP_R,1,Y35-44,2024,96.331572,
ITC43,EMP_R,1,Y35-44,2025,92.120645,
ITC43,EMP_R,1,Y45-54,2018,91.087984,
ITC43,EMP_R,1,Y45-54,2019,95.085542,
ITC43,EMP_R,1,Y45-54,2020,95.951326,
ITC43,EMP_R,1,Y45-54,2021,93.345067,
ITC43,EMP_R,1,Y45-54,2022,91.62675,
ITC43,EMP_R,1,Y45-54,2023,89.884323,
ITC43,EMP_R,1,Y45-54,2024,91.593769,
ITC43,EMP_R,1,Y45-54,2025,90.050494,
ITC43,EMP_R,1,Y55-64,2018,60.53147,
ITC43,EMP_R,1,Y55-64,2019,64.612213,
ITC43,EMP_R,1,Y55-64,2020,64.240058,
ITC43,EMP_R,1,Y55-64,2021,62.824935,
ITC43,EMP_R,1,Y55-64,2022,64.608486,
ITC43,EMP_R,1,Y55-64,2023,65.224215,
ITC43,EMP_R,1,Y55-64,2024,65.044962,
ITC43,EMP_R,1,Y55-64,2025,59.44165,
ITC43,EMP_R,2,Y15-24,2018,22.482596,
ITC43,EMP_R,2,Y15-24,2019,18.170475,
ITC43,EMP_R,2,Y15-24,2020,17.370681,
ITC43,EMP_R,2,Y15-24,2021,18.912276,
ITC43,EMP_R,2,Y15-24,2022,25.053345,
ITC43,EMP_R,2,Y15-24,2023,20.842939,
ITC43,EMP_R,2,Y15-24,2024,20.588573,
ITC43,EMP_R,2,Y15-24,2025,16.765543,
ITC43,EMP_R,2,Y15-29,2018,40.040522,
ITC43,EMP_R,2,Y15-29,2019,38.885852,
ITC43,EMP_R,2,Y15-29,2020,37.729907,
ITC43,EMP_R,2,Y15-29,2021,34.980734,
ITC43,EMP_R,2,Y15-29,2022,40.312591,
ITC43,EMP_R,2,Y15-29,2023,33.860511,
ITC43,EMP_R,2,Y15-29,2024,34.173635,
ITC43,EMP_R,2,Y15-29,2025,30.979238,
ITC43,EMP_R,2,Y15-64,2018,60.682287,
ITC43,EMP_R,2,Y15-64,2019,60.623465,
ITC43,EMP_R,2,Y15-64,2020,59.987383,
ITC43,EMP_R,2,Y15-64,2021,56.992676,
ITC43,EMP_R,2,Y15-64,2022,59.613693,
ITC43,EMP_R,2,Y15-64,2023,59.859548,
ITC43,EMP_R,2,Y15-64,2024,59.459222,
ITC43,EMP_R,2,Y15-64,2025,59.875999,
ITC43,EMP_R,2,Y15-89,2018,44.327763,
ITC43,EMP_R,2,Y15-89,2019,44.147409,
ITC43,EMP_R,2,Y15-89,2020,43.70233,
ITC43,EMP_R,2,Y15-89,2021,40.957984,
ITC43,EMP_R,2,Y15-89,2022,42.891318,
ITC43,EMP_R,2,Y15-89,2023,43.21997,
ITC43,EMP_R,2,Y15-89,2024,42.817329,
ITC43,EMP_R,2,Y15-89,2025,43.072808,
ITC43,EMP_R,2,Y18-29,2018,49.70656,
ITC43,EMP_R,2,Y18-29,2019,48.492634,
ITC43,EMP_R,2,Y18-29,2020,47.710973,
ITC43,EMP_R,2,Y18-29,2021,42.872542,
ITC43,EMP_R,2,Y18-29,2022,51.481049,
ITC43,EMP_R,2,Y18-29,2023,46.207596,
ITC43,EMP_R,2,Y18-29,2024,43.114237,
ITC43,EMP_R,2,Y18-29,2025,38.317663,
ITC43,EMP_R,2,Y20-64,2018,65.531592,
ITC43,EMP_R,2,Y20-64,2019,65.087951,
ITC43,EMP_R,2,Y20-64,2020,64.818008,
ITC43,EMP_R,2,Y20-64,2021,61.207494,
ITC43,EMP_R,2,Y20-64,2022,63.810909,
ITC43,EMP_R,2,Y20-64,2023,65.26789,
ITC43,EMP_R,2,Y20-64,2024,64.47752,
ITC43,EMP_R,2,Y20-64,2025,64.655448,
ITC43,EMP_R,2,Y25-34,2018,81.179284,
ITC43,EMP_R,2,Y25-34,2019,80.822071,
ITC43,EMP_R,2,Y25-34,2020,77.381399,
ITC43,EMP_R,2,Y25-34,2021,69.839513,
ITC43,EMP_R,2,Y25-34,2022,77.380807,
ITC43,EMP_R,2,Y25-34,2023,70.921271,
ITC43,EMP_R,2,Y25-34,2024,71.346141,
ITC43,EMP_R,2,Y25-34,2025,70.135002,
ITC43,EMP_R,2,Y35-44,2018,76.85624,
ITC43,EMP_R,2,Y35-44,2019,77.518379,
ITC43,EMP_R,2,Y35-44,2020,73.355873,
ITC43,EMP_R,2,Y35-44,2021,70.587434,
ITC43,EMP_R,2,Y35-44,2022,75.156215,
ITC43,EMP_R,2,Y35-44,2023,85.195394,
ITC43,EMP_R,2,Y35-44,2024,78.131693,
ITC43,EMP_R,2,Y35-44,2025,73.653761,
ITC43,EMP_R,2,Y45-54,2018,71.983678,
ITC43,EMP_R,2,Y45-54,2019,72.905297,
ITC43,EMP_R,2,Y45-54,2020,74.216615,
ITC43,EMP_R,2,Y45-54,2021,73.833284,
ITC43,EMP_R,2,Y45-54,2022,74.361554,
ITC43,EMP_R,2,Y45-54,2023,75.879358,
ITC43,EMP_R,2,Y45-54,2024,75.441079,
ITC43,EMP_R,2,Y45-54,2025,80.102696,
ITC43,EMP_R,2,Y55-64,2018,42.708667,
ITC43,EMP_R,2,Y55-64,2019,42.556846,
ITC43,EMP_R,2,Y55-64,2020,47.816698,
ITC43,EMP_R,2,Y55-64,2021,42.175714,
ITC43,EMP_R,2,Y55-64,2022,44.331628,
ITC43,EMP_R,2,Y55-64,2023,46.660872,
ITC43,EMP_R,2,Y55-64,2024,51.156775,
ITC43,EMP_R,2,Y55-64,2025,55.255391,
ITC43,EMP_R,9,Y15-24,2018,24.713514,
ITC43,EMP_R,9,Y15-24,2019,25.464615,
ITC43,EMP_R,9,Y15-24,2020,26.583832,
ITC43,EMP_R,9,Y15-24,2021,23.856689,
ITC43,EMP_R,9,Y15-24,2022,28.376858,
ITC43,EMP_R,9,Y15-24,2023,28.263954,
ITC43,EMP_R,9,Y15-24,2024,21.668712,
ITC43,EMP_R,9,Y15-24,2025,21.448872,
ITC43,EMP_R,9,Y15-29,2018,42.065764,
ITC43,EMP_R,9,Y15-29,2019,43.468234,
ITC43,EMP_R,9,Y15-29,2020,44.089757,
ITC43,EMP_R,9,Y15-29,2021,39.314221,
ITC43,EMP_R,9,Y15-29,2022,43.328281,
ITC43,EMP_R,9,Y15-29,2023,43.560014,
ITC43,EMP_R,9,Y15-29,2024,40.500903,
ITC43,EMP_R,9,Y15-29,2025,36.111439,
ITC43,EMP_R,9,Y15-64,2018,67.781831,
ITC43,EMP_R,9,Y15-64,2019,68.860714,
ITC43,EMP_R,9,Y15-64,2020,68.493013,
ITC43,EMP_R,9,Y15-64,2021,65.825481,
ITC43,EMP_R,9,Y15-64,2022,67.129581,
ITC43,EMP_R,9,Y15-64,2023,68.030193,
ITC43,EMP_R,9,Y15-64,2024,67.373493,
ITC43,EMP_R,9,Y15-64,2025,65.509296,
ITC43,EMP_R,9,Y15-89,2018,51.885991,
ITC43,EMP_R,9,Y15-89,2019,52.293678,
ITC43,EMP_R,9,Y15-89,2020,51.721678,
ITC43,EMP_R,9,Y15-89,2021,49.075042,
ITC43,EMP_R,9,Y15-89,2022,50.277751,
ITC43,EMP_R,9,Y15-89,2023,50.96607,
ITC43,EMP_R,9,Y15-89,2024,50.426787,
ITC43,EMP_R,9,Y15-89,2025,48.757389,
ITC43,EMP_R,9,Y18-29,2018,52.596456,
ITC43,EMP_R,9,Y18-29,2019,53.93287,
ITC43,EMP_R,9,Y18-29,2020,54.584341,
ITC43,EMP_R,9,Y18-29,2021,48.941725,
ITC43,EMP_R,9,Y18-29,2022,54.003476,
ITC43,EMP_R,9,Y18-29,2023,54.370267,
ITC43,EMP_R,9,Y18-29,2024,50.567422,
ITC43,EMP_R,9,Y18-29,2025,44.98842,
ITC43,EMP_R,9,Y20-64,2018,72.793385,
ITC43,EMP_R,9,Y20-64,2019,74.081607,
ITC43,EMP_R,9,Y20-64,2020,73.630631,
ITC43,EMP_R,9,Y20-64,2021,71.29421,
ITC43,EMP_R,9,Y20-64,2022,71.816562,
ITC43,EMP_R,9,Y20-64,2023,73.535972,
ITC43,EMP_R,9,Y20-64,2024,72.773635,
ITC43,EMP_R,9,Y20-64,2025,70.923873,
ITC43,EMP_R,9,Y25-34,2018,82.634953,
ITC43,EMP_R,9,Y25-34,2019,84.031053,
ITC43,EMP_R,9,Y25-34,2020,81.93792,
ITC43,EMP_R,9,Y25-34,2021,77.969726,
ITC43,EMP_R,9,Y25-34,2022,79.963102,
ITC43,EMP_R,9,Y25-34,2023,79.221145,
ITC43,EMP_R,9,Y25-34,2024,80.964821,
ITC43,EMP_R,9,Y25-34,2025,77.603249,
ITC43,EMP_R,9,Y35-44,2018,86.393098,
ITC43,EMP_R,9,Y35-44,2019,86.173773,
ITC43,EMP_R,9,Y35-44,2020,82.582691,
ITC43,EMP_R,9,Y35-44,2021,82.347776,
ITC43,EMP_R,9,Y35-44,2022,85.428446,
ITC43,EMP_R,9,Y35-44,2023,91.294725,
ITC43,EMP_R,9,Y35-44,2024,87.448753,
ITC43,EMP_R,9,Y35-44,2025,82.11454,
ITC43,EMP_R,9,Y45-54,2018,81.701413,
ITC43,EMP_R,9,Y45-54,2019,83.703094,
ITC43,EMP_R,9,Y45-54,2020,85.064777,
ITC43,EMP_R,9,Y45-54,2021,83.592217,
ITC43,EMP_R,9,Y45-54,2022,83.17038,
ITC43,EMP_R,9,Y45-54,2023,82.769531,
ITC43,EMP_R,9,Y45-54,2024,83.845018,
ITC43,EMP_R,9,Y45-54,2025,85.791883,
ITC43,EMP_R,9,Y55-64,2018,51.745774,
ITC43,EMP_R,9,Y55-64,2019,53.749054,
ITC43,EMP_R,9,Y55-64,2020,56.056302,
ITC43,EMP_R,9,Y55-64,2021,52.689047,
ITC43,EMP_R,9,Y55-64,2022,54.450352,
ITC43,EMP_R,9,Y55-64,2023,55.997971,
ITC43,EMP_R,9,Y55-64,2024,57.915802,
ITC43,EMP_R,9,Y55-64,2025,57.228396,
ITC44,EMP_R,1,Y15-24,2018,36.003181,
ITC44,EMP_R,1,Y15-24,2019,35.00226,
ITC44,EMP_R,1,Y15-24,2020,42.911642,
ITC44,EMP_R,1,Y15-24,2021,36.114865,
ITC44,EMP_R,1,Y15-24,2022,22.598119,
ITC44,EMP_R,1,Y15-24,2023,32.821436,
ITC44,EMP_R,1,Y15-24,2024,26.665858,
ITC44,EMP_R,1,Y15-24,2025,29.701061,
ITC44,EMP_R,1,Y15-29,2018,51.597513,
ITC44,EMP_R,1,Y15-29,2019,55.660928,
ITC44,EMP_R,1,Y15-29,2020,57.962855,
ITC44,EMP_R,1,Y15-29,2021,46.995175,
ITC44,EMP_R,1,Y15-29,2022,37.096183,
ITC44,EMP_R,1,Y15-29,2023,44.849723,
ITC44,EMP_R,1,Y15-29,2024,49.165643,
ITC44,EMP_R,1,Y15-29,2025,42.778256,
ITC44,EMP_R,1,Y15-64,2018,73.323623,
ITC44,EMP_R,1,Y15-64,2019,74.371456,
ITC44,EMP_R,1,Y15-64,2020,72.83007,
ITC44,EMP_R,1,Y15-64,2021,70.884939,
ITC44,EMP_R,1,Y15-64,2022,71.058043,
ITC44,EMP_R,1,Y15-64,2023,72.398198,
ITC44,EMP_R,1,Y15-64,2024,73.370277,
ITC44,EMP_R,1,Y15-64,2025,74.04122,
ITC44,EMP_R,1,Y15-89,2018,58.079955,
ITC44,EMP_R,1,Y15-89,2019,58.45621,
ITC44,EMP_R,1,Y15-89,2020,56.621587,
ITC44,EMP_R,1,Y15-89,2021,54.71668,
ITC44,EMP_R,1,Y15-89,2022,55.059468,
ITC44,EMP_R,1,Y15-89,2023,56.362764,
ITC44,EMP_R,1,Y15-89,2024,56.643135,
ITC44,EMP_R,1,Y15-89,2025,56.132305,
ITC44,EMP_R,1,Y18-29,2018,63.330672,
ITC44,EMP_R,1,Y18-29,2019,71.818524,
ITC44,EMP_R,1,Y18-29,2020,68.862328,
ITC44,EMP_R,1,Y18-29,2021,55.623312,
ITC44,EMP_R,1,Y18-29,2022,46.440115,
ITC44,EMP_R,1,Y18-29,2023,57.132237,
ITC44,EMP_R,1,Y18-29,2024,61.414471,
ITC44,EMP_R,1,Y18-29,2025,51.838012,
ITC44,EMP_R,1,Y20-64,2018,78.872707,
ITC44,EMP_R,1,Y20-64,2019,80.846023,
ITC44,EMP_R,1,Y20-64,2020,77.285629,
ITC44,EMP_R,1,Y20-64,2021,76.077631,
ITC44,EMP_R,1,Y20-64,2022,78.143296,
ITC44,EMP_R,1,Y20-64,2023,77.448909,
ITC44,EMP_R,1,Y20-64,2024,79.193728,
ITC44,EMP_R,1,Y20-64,2025,81.873183,
ITC44,EMP_R,1,Y25-34,2018,79.539084,
ITC44,EMP_R,1,Y25-34,2019,96.013936,
ITC44,EMP_R,1,Y25-34,2020,84.177546,
ITC44,EMP_R,1,Y25-34,2021,78.634361,
ITC44,EMP_R,1,Y25-34,2022,82.09206,
ITC44,EMP_R,1,Y25-34,2023,81.754077,
ITC44,EMP_R,1,Y25-34,2024,81.201072,
ITC44,EMP_R,1,Y25-34,2025,84.070986,
ITC44,EMP_R,1,Y35-44,2018,91.13011,
ITC44,EMP_R,1,Y35-44,2019,93.078451,
ITC44,EMP_R,1,Y35-44,2020,93.128628,
ITC44,EMP_R,1,Y35-44,2021,93.011933,
ITC44,EMP_R,1,Y35-44,2022,89.992317,
ITC44,EMP_R,1,Y35-44,2023,88.880008,
ITC44,EMP_R,1,Y35-44,2024,94.076446,
ITC44,EMP_R,1,Y35-44,2025,95.871513,
ITC44,EMP_R,1,Y45-54,2018,93.909459,
ITC44,EMP_R,1,Y45-54,2019,91.792295,
ITC44,EMP_R,1,Y45-54,2020,87.822209,
ITC44,EMP_R,1,Y45-54,2021,90.145653,
ITC44,EMP_R,1,Y45-54,2022,93.497577,
ITC44,EMP_R,1,Y45-54,2023,94.644471,
ITC44,EMP_R,1,Y45-54,2024,94.491893,
ITC44,EMP_R,1,Y45-54,2025,93.750496,
ITC44,EMP_R,1,Y55-64,2018,57.470934,
ITC44,EMP_R,1,Y55-64,2019,47.851438,
ITC44,EMP_R,1,Y55-64,2020,50.451384,
ITC44,EMP_R,1,Y55-64,2021,53.027536,
ITC44,EMP_R,1,Y55-64,2022,58.604314,
ITC44,EMP_R,1,Y55-64,2023,60.64056,
ITC44,EMP_R,1,Y55-64,2024,60.987556,
ITC44,EMP_R,1,Y55-64,2025,67.085939,
ITC44,EMP_R,2,Y15-24,2018,21.564434,
ITC44,EMP_R,2,Y15-24,2019,31.101957,
ITC44,EMP_R,2,Y15-24,2020,26.577195,
ITC44,EMP_R,2,Y15-24,2021,24.066635,
ITC44,EMP_R,2,Y15-24,2022,27.906369,
ITC44,EMP_R,2,Y15-24,2023,27.006562,
ITC44,EMP_R,2,Y15-24,2024,20.924628,
ITC44,EMP_R,2,Y15-24,2025,31.193781,
ITC44,EMP_R,2,Y15-29,2018,33.098483,
ITC44,EMP_R,2,Y15-29,2019,45.730006,
ITC44,EMP_R,2,Y15-29,2020,40.316083,
ITC44,EMP_R,2,Y15-29,2021,39.871008,
ITC44,EMP_R,2,Y15-29,2022,43.763148,
ITC44,EMP_R,2,Y15-29,2023,40.027992,
ITC44,EMP_R,2,Y15-29,2024,30.070039,
ITC44,EMP_R,2,Y15-29,2025,41.79361,
ITC44,EMP_R,2,Y15-64,2018,56.675284,
ITC44,EMP_R,2,Y15-64,2019,58.884962,
ITC44,EMP_R,2,Y15-64,2020,56.408843,
ITC44,EMP_R,2,Y15-64,2021,57.010385,
ITC44,EMP_R,2,Y15-64,2022,59.272326,
ITC44,EMP_R,2,Y15-64,2023,57.454717,
ITC44,EMP_R,2,Y15-64,2024,53.43657,
ITC44,EMP_R,2,Y15-64,2025,56.136285,
ITC44,EMP_R,2,Y15-89,2018,41.344123,
ITC44,EMP_R,2,Y15-89,2019,43.328672,
ITC44,EMP_R,2,Y15-89,2020,41.147049,
ITC44,EMP_R,2,Y15-89,2021,41.449785,
ITC44,EMP_R,2,Y15-89,2022,43.29338,
ITC44,EMP_R,2,Y15-89,2023,41.636475,
ITC44,EMP_R,2,Y15-89,2024,38.794724,
ITC44,EMP_R,2,Y15-89,2025,40.384191,
ITC44,EMP_R,2,Y18-29,2018,41.460576,
ITC44,EMP_R,2,Y18-29,2019,54.16246,
ITC44,EMP_R,2,Y18-29,2020,51.837832,
ITC44,EMP_R,2,Y18-29,2021,50.849321,
ITC44,EMP_R,2,Y18-29,2022,52.965582,
ITC44,EMP_R,2,Y18-29,2023,47.866109,
ITC44,EMP_R,2,Y18-29,2024,36.487252,
ITC44,EMP_R,2,Y18-29,2025,52.502453,
ITC44,EMP_R,2,Y20-64,2018,61.195204,
ITC44,EMP_R,2,Y20-64,2019,63.351538,
ITC44,EMP_R,2,Y20-64,2020,60.831607,
ITC44,EMP_R,2,Y20-64,2021,61.462833,
ITC44,EMP_R,2,Y20-64,2022,63.765058,
ITC44,EMP_R,2,Y20-64,2023,60.569461,
ITC44,EMP_R,2,Y20-64,2024,57.998303,
ITC44,EMP_R,2,Y20-64,2025,60.732478,
ITC44,EMP_R,2,Y25-34,2018,63.949342,
ITC44,EMP_R,2,Y25-34,2019,68.857773,
ITC44,EMP_R,2,Y25-34,2020,68.986554,
ITC44,EMP_R,2,Y25-34,2021,69.351596,
ITC44,EMP_R,2,Y25-34,2022,65.318711,
ITC44,EMP_R,2,Y25-34,2023,64.321732,
ITC44,EMP_R,2,Y25-34,2024,51.577266,
ITC44,EMP_R,2,Y25-34,2025,57.655382,
ITC44,EMP_R,2,Y35-44,2018,73.994207,
ITC44,EMP_R,2,Y35-44,2019,74.90383,
ITC44,EMP_R,2,Y35-44,2020,70.042313,
ITC44,EMP_R,2,Y35-44,2021,66.916927,
ITC44,EMP_R,2,Y35-44,2022,73.554987,
ITC44,EMP_R,2,Y35-44,2023,76.165366,
ITC44,EMP_R,2,Y35-44,2024,63.416537,
ITC44,EMP_R,2,Y35-44,2025,74.058337,
ITC44,EMP_R,2,Y45-54,2018,72.776128,
ITC44,EMP_R,2,Y45-54,2019,72.115516,
ITC44,EMP_R,2,Y45-54,2020,71.06946,
ITC44,EMP_R,2,Y45-54,2021,73.705127,
ITC44,EMP_R,2,Y45-54,2022,74.785709,
ITC44,EMP_R,2,Y45-54,2023,73.646744,
ITC44,EMP_R,2,Y45-54,2024,64.63151,
ITC44,EMP_R,2,Y45-54,2025,67.15586,
ITC44,EMP_R,2,Y55-64,2018,42.347977,
ITC44,EMP_R,2,Y55-64,2019,42.590397,
ITC44,EMP_R,2,Y55-64,2020,45.145263,
ITC44,EMP_R,2,Y55-64,2021,44.633658,
ITC44,EMP_R,2,Y55-64,2022,46.944119,
ITC44,EMP_R,2,Y55-64,2023,43.081211,
ITC44,EMP_R,2,Y55-64,2024,57.512753,
ITC44,EMP_R,2,Y55-64,2025,49.4998,
ITC44,EMP_R,9,Y15-24,2018,28.749929,
ITC44,EMP_R,9,Y15-24,2019,33.062315,
ITC44,EMP_R,9,Y15-24,2020,34.12166,
ITC44,EMP_R,9,Y15-24,2021,30.23524,
ITC44,EMP_R,9,Y15-24,2022,24.926854,
ITC44,EMP_R,9,Y15-24,2023,30.164123,
ITC44,EMP_R,9,Y15-24,2024,23.648298,
ITC44,EMP_R,9,Y15-24,2025,30.388109,
ITC44,EMP_R,9,Y15-29,2018,42.665421,
ITC44,EMP_R,9,Y15-29,2019,50.845483,
ITC44,EMP_R,9,Y15-29,2020,49.394373,
ITC44,EMP_R,9,Y15-29,2021,43.540003,
ITC44,EMP_R,9,Y15-29,2022,40.326965,
ITC44,EMP_R,9,Y15-29,2023,42.515714,
ITC44,EMP_R,9,Y15-29,2024,39.973027,
ITC44,EMP_R,9,Y15-29,2025,42.306973,
ITC44,EMP_R,9,Y15-64,2018,65.058894,
ITC44,EMP_R,9,Y15-64,2019,66.677494,
ITC44,EMP_R,9,Y15-64,2020,64.678462,
ITC44,EMP_R,9,Y15-64,2021,64.009812,
ITC44,EMP_R,9,Y15-64,2022,65.224127,
ITC44,EMP_R,9,Y15-64,2023,65.008607,
ITC44,EMP_R,9,Y15-64,2024,63.528315,
ITC44,EMP_R,9,Y15-64,2025,65.223096,
ITC44,EMP_R,9,Y15-89,2018,49.528639,
ITC44,EMP_R,9,Y15-89,2019,50.749536,
ITC44,EMP_R,9,Y15-89,2020,48.744247,
ITC44,EMP_R,9,Y15-89,2021,47.987667,
ITC44,EMP_R,9,Y15-89,2022,49.096229,
ITC44,EMP_R,9,Y15-89,2023,48.904337,
ITC44,EMP_R,9,Y15-89,2024,47.633762,
ITC44,EMP_R,9,Y15-89,2025,48.196181,
ITC44,EMP_R,9,Y18-29,2018,52.882031,
ITC44,EMP_R,9,Y18-29,2019,62.879316,
ITC44,EMP_R,9,Y18-29,2020,60.913446,
ITC44,EMP_R,9,Y18-29,2021,53.39973,
ITC44,EMP_R,9,Y18-29,2022,49.673416,
ITC44,EMP_R,9,Y18-29,2023,52.500465,
ITC44,EMP_R,9,Y18-29,2024,49.214127,
ITC44,EMP_R,9,Y18-29,2025,52.150067,
ITC44,EMP_R,9,Y20-64,2018,70.102602,
ITC44,EMP_R,9,Y20-64,2019,72.111668,
ITC44,EMP_R,9,Y20-64,2020,69.2073,
ITC44,EMP_R,9,Y20-64,2021,68.861351,
ITC44,EMP_R,9,Y20-64,2022,70.978897,
ITC44,EMP_R,9,Y20-64,2023,69.061953,
ITC44,EMP_R,9,Y20-64,2024,68.737891,
ITC44,EMP_R,9,Y20-64,2025,71.29422,
ITC44,EMP_R,9,Y25-34,2018,72.402342,
ITC44,EMP_R,9,Y25-34,2019,84.02587,
ITC44,EMP_R,9,Y25-34,2020,77.927466,
ITC44,EMP_R,9,Y25-34,2021,74.513846,
ITC44,EMP_R,9,Y25-34,2022,73.788384,
ITC44,EMP_R,9,Y25-34,2023,73.516592,
ITC44,EMP_R,9,Y25-34,2024,67.983133,
ITC44,EMP_R,9,Y25-34,2025,71.962942,
ITC44,EMP_R,9,Y35-44,2018,82.127911,
ITC44,EMP_R,9,Y35-44,2019,83.212275,
ITC44,EMP_R,9,Y35-44,2020,81.619441,
ITC44,EMP_R,9,Y35-44,2021,80.097439,
ITC44,EMP_R,9,Y35-44,2022,82.032992,
ITC44,EMP_R,9,Y35-44,2023,82.694577,
ITC44,EMP_R,9,Y35-44,2024,80.74183,
ITC44,EMP_R,9,Y35-44,2025,85.680562,
ITC44,EMP_R,9,Y45-54,2018,83.316202,
ITC44,EMP_R,9,Y45-54,2019,82.412909,
ITC44,EMP_R,9,Y45-54,2020,79.328464,
ITC44,EMP_R,9,Y45-54,2021,81.371336,
ITC44,EMP_R,9,Y45-54,2022,84.225008,
ITC44,EMP_R,9,Y45-54,2023,83.800022,
ITC44,EMP_R,9,Y45-54,2024,78.817056,
ITC44,EMP_R,9,Y45-54,2025,79.6645,
ITC44,EMP_R,9,Y55-64,2018,50.093733,
ITC44,EMP_R,9,Y55-64,2019,45.120498,
ITC44,EMP_R,9,Y55-64,2020,47.704063,
ITC44,EMP_R,9,Y55-64,2021,48.869275,
ITC44,EMP_R,9,Y55-64,2022,52.318372,
ITC44,EMP_R,9,Y55-64,2023,51.612796,
ITC44,EMP_R,9,Y55-64,2024,59.228632,
ITC44,EMP_R,9,Y55-64,2025,58.063302,
ITC45,EMP_R,1,Y15-24,2018,22.406351,
ITC45,EMP_R,1,Y15-24,2019,24.08972,
ITC45,EMP_R,1,Y15-24,2020,19.856627,
ITC45,EMP_R,1,Y15-24,2021,23.659659,
ITC45,EMP_R,1,Y15-24,2022,23.539252,
ITC45,EMP_R,1,Y15-24,2023,23.271087,
ITC45,EMP_R,1,Y15-24,2024,27.654376,
ITC45,EMP_R,1,Y15-24,2025,18.593884,
ITC45,EMP_R,1,Y15-29,2018,40.679772,
ITC45,EMP_R,1,Y15-29,2019,44.133553,
ITC45,EMP_R,1,Y15-29,2020,37.874256,
ITC45,EMP_R,1,Y15-29,2021,39.501759,
ITC45,EMP_R,1,Y15-29,2022,42.74637,
ITC45,EMP_R,1,Y15-29,2023,42.450608,
ITC45,EMP_R,1,Y15-29,2024,42.423361,
ITC45,EMP_R,1,Y15-29,2025,37.167874,
ITC45,EMP_R,1,Y15-64,2018,75.019087,
ITC45,EMP_R,1,Y15-64,2019,75.747134,
ITC45,EMP_R,1,Y15-64,2020,72.120925,
ITC45,EMP_R,1,Y15-64,2021,72.851017,
ITC45,EMP_R,1,Y15-64,2022,75.889979,
ITC45,EMP_R,1,Y15-64,2023,76.549311,
ITC45,EMP_R,1,Y15-64,2024,76.90337,
ITC45,EMP_R,1,Y15-64,2025,77.462662,
ITC45,EMP_R,1,Y15-89,2018,59.983034,
ITC45,EMP_R,1,Y15-89,2019,60.574835,
ITC45,EMP_R,1,Y15-89,2020,58.042725,
ITC45,EMP_R,1,Y15-89,2021,58.892689,
ITC45,EMP_R,1,Y15-89,2022,60.793457,
ITC45,EMP_R,1,Y15-89,2023,61.079298,
ITC45,EMP_R,1,Y15-89,2024,61.723758,
ITC45,EMP_R,1,Y15-89,2025,62.382967,
ITC45,EMP_R,1,Y18-29,2018,49.744311,
ITC45,EMP_R,1,Y18-29,2019,54.020547,
ITC45,EMP_R,1,Y18-29,2020,46.362538,
ITC45,EMP_R,1,Y18-29,2021,49.655241,
ITC45,EMP_R,1,Y18-29,2022,53.295463,
ITC45,EMP_R,1,Y18-29,2023,53.122388,
ITC45,EMP_R,1,Y18-29,2024,53.2099,
ITC45,EMP_R,1,Y18-29,2025,46.079926,
ITC45,EMP_R,1,Y20-64,2018,80.609502,
ITC45,EMP_R,1,Y20-64,2019,81.211041,
ITC45,EMP_R,1,Y20-64,2020,77.573603,
ITC45,EMP_R,1,Y20-64,2021,78.249543,
ITC45,EMP_R,1,Y20-64,2022,81.955445,
ITC45,EMP_R,1,Y20-64,2023,82.547872,
ITC45,EMP_R,1,Y20-64,2024,82.939951,
ITC45,EMP_R,1,Y20-64,2025,84.143605,
ITC45,EMP_R,1,Y25-34,2018,81.281945,
ITC45,EMP_R,1,Y25-34,2019,85.240666,
ITC45,EMP_R,1,Y25-34,2020,78.396318,
ITC45,EMP_R,1,Y25-34,2021,80.47958,
ITC45,EMP_R,1,Y25-34,2022,84.578697,
ITC45,EMP_R,1,Y25-34,2023,84.714539,
ITC45,EMP_R,1,Y25-34,2024,83.274612,
ITC45,EMP_R,1,Y25-34,2025,83.410647,
ITC45,EMP_R,1,Y35-44,2018,91.248301,
ITC45,EMP_R,1,Y35-44,2019,91.202496,
ITC45,EMP_R,1,Y35-44,2020,88.011337,
ITC45,EMP_R,1,Y35-44,2021,90.4291,
ITC45,EMP_R,1,Y35-44,2022,92.45001,
ITC45,EMP_R,1,Y35-44,2023,92.50184,
ITC45,EMP_R,1,Y35-44,2024,92.844175,
ITC45,EMP_R,1,Y35-44,2025,95.475671,
ITC45,EMP_R,1,Y45-54,2018,91.369236,
ITC45,EMP_R,1,Y45-54,2019,90.724872,
ITC45,EMP_R,1,Y45-54,2020,88.468065,
ITC45,EMP_R,1,Y45-54,2021,90.028081,
ITC45,EMP_R,1,Y45-54,2022,92.538246,
ITC45,EMP_R,1,Y45-54,2023,93.759898,
ITC45,EMP_R,1,Y45-54,2024,92.424278,
ITC45,EMP_R,1,Y45-54,2025,94.392531,
ITC45,EMP_R,1,Y55-64,2018,68.466647,
ITC45,EMP_R,1,Y55-64,2019,68.266722,
ITC45,EMP_R,1,Y55-64,2020,67.650842,
ITC45,EMP_R,1,Y55-64,2021,65.579775,
ITC45,EMP_R,1,Y55-64,2022,70.983878,
ITC45,EMP_R,1,Y55-64,2023,73.546209,
ITC45,EMP_R,1,Y55-64,2024,75.660995,
ITC45,EMP_R,1,Y55-64,2025,80.314625,
ITC45,EMP_R,2,Y15-24,2018,16.056694,
ITC45,EMP_R,2,Y15-24,2019,18.301128,
ITC45,EMP_R,2,Y15-24,2020,16.80597,
ITC45,EMP_R,2,Y15-24,2021,13.92692,
ITC45,EMP_R,2,Y15-24,2022,20.134722,
ITC45,EMP_R,2,Y15-24,2023,23.196215,
ITC45,EMP_R,2,Y15-24,2024,16.83252,
ITC45,EMP_R,2,Y15-24,2025,17.881833,
ITC45,EMP_R,2,Y15-29,2018,34.727965,
ITC45,EMP_R,2,Y15-29,2019,35.522332,
ITC45,EMP_R,2,Y15-29,2020,34.916243,
ITC45,EMP_R,2,Y15-29,2021,32.53153,
ITC45,EMP_R,2,Y15-29,2022,37.800669,
ITC45,EMP_R,2,Y15-29,2023,40.889024,
ITC45,EMP_R,2,Y15-29,2024,38.657023,
ITC45,EMP_R,2,Y15-29,2025,36.207499,
ITC45,EMP_R,2,Y15-64,2018,64.082503,
ITC45,EMP_R,2,Y15-64,2019,65.575873,
ITC45,EMP_R,2,Y15-64,2020,63.342605,
ITC45,EMP_R,2,Y15-64,2021,63.00339,
ITC45,EMP_R,2,Y15-64,2022,64.308483,
ITC45,EMP_R,2,Y15-64,2023,65.788872,
ITC45,EMP_R,2,Y15-64,2024,66.428182,
ITC45,EMP_R,2,Y15-64,2025,68.066547,
ITC45,EMP_R,2,Y15-89,2018,47.306256,
ITC45,EMP_R,2,Y15-89,2019,48.31538,
ITC45,EMP_R,2,Y15-89,2020,46.696353,
ITC45,EMP_R,2,Y15-89,2021,46.629793,
ITC45,EMP_R,2,Y15-89,2022,47.634991,
ITC45,EMP_R,2,Y15-89,2023,48.912112,
ITC45,EMP_R,2,Y15-89,2024,49.538444,
ITC45,EMP_R,2,Y15-89,2025,50.805742,
ITC45,EMP_R,2,Y18-29,2018,43.228905,
ITC45,EMP_R,2,Y18-29,2019,44.211597,
ITC45,EMP_R,2,Y18-29,2020,43.711986,
ITC45,EMP_R,2,Y18-29,2021,39.834164,
ITC45,EMP_R,2,Y18-29,2022,46.732753,
ITC45,EMP_R,2,Y18-29,2023,50.727452,
ITC45,EMP_R,2,Y18-29,2024,47.560391,
ITC45,EMP_R,2,Y18-29,2025,44.89297,
ITC45,EMP_R,2,Y20-64,2018,68.661481,
ITC45,EMP_R,2,Y20-64,2019,70.334672,
ITC45,EMP_R,2,Y20-64,2020,67.788085,
ITC45,EMP_R,2,Y20-64,2021,67.539131,
ITC45,EMP_R,2,Y20-64,2022,68.884576,
ITC45,EMP_R,2,Y20-64,2023,70.470099,
ITC45,EMP_R,2,Y20-64,2024,71.426316,
ITC45,EMP_R,2,Y20-64,2025,72.793115,
ITC45,EMP_R,2,Y25-34,2018,75.391271,
ITC45,EMP_R,2,Y25-34,2019,75.955417,
ITC45,EMP_R,2,Y25-34,2020,72.143176,
ITC45,EMP_R,2,Y25-34,2021,69.289064,
ITC45,EMP_R,2,Y25-34,2022,74.531347,
ITC45,EMP_R,2,Y25-34,2023,81.65,
ITC45,EMP_R,2,Y25-34,2024,81.470514,
ITC45,EMP_R,2,Y25-34,2025,76.383414,
ITC45,EMP_R,2,Y35-44,2018,78.687274,
ITC45,EMP_R,2,Y35-44,2019,79.818686,
ITC45,EMP_R,2,Y35-44,2020,77.341667,
ITC45,EMP_R,2,Y35-44,2021,76.896755,
ITC45,EMP_R,2,Y35-44,2022,78.776538,
ITC45,EMP_R,2,Y35-44,2023,77.891899,
ITC45,EMP_R,2,Y35-44,2024,79.468201,
ITC45,EMP_R,2,Y35-44,2025,78.718307,
ITC45,EMP_R,2,Y45-54,2018,75.848877,
ITC45,EMP_R,2,Y45-54,2019,79.400051,
ITC45,EMP_R,2,Y45-54,2020,75.396551,
ITC45,EMP_R,2,Y45-54,2021,79.601631,
ITC45,EMP_R,2,Y45-54,2022,79.908806,
ITC45,EMP_R,2,Y45-54,2023,77.919844,
ITC45,EMP_R,2,Y45-54,2024,78.907849,
ITC45,EMP_R,2,Y45-54,2025,84.1046,
ITC45,EMP_R,2,Y55-64,2018,55.799591,
ITC45,EMP_R,2,Y55-64,2019,57.011857,
ITC45,EMP_R,2,Y55-64,2020,57.58828,
ITC45,EMP_R,2,Y55-64,2021,56.689862,
ITC45,EMP_R,2,Y55-64,2022,55.530564,
ITC45,EMP_R,2,Y55-64,2023,56.725195,
ITC45,EMP_R,2,Y55-64,2024,60.778343,
ITC45,EMP_R,2,Y55-64,2025,66.424852,
ITC45,EMP_R,9,Y15-24,2018,19.340127,
ITC45,EMP_R,9,Y15-24,2019,21.246011,
ITC45,EMP_R,9,Y15-24,2020,18.389108,
ITC45,EMP_R,9,Y15-24,2021,19.071667,
ITC45,EMP_R,9,Y15-24,2022,21.853827,
ITC45,EMP_R,9,Y15-24,2023,23.234907,
ITC45,EMP_R,9,Y15-24,2024,22.553056,
ITC45,EMP_R,9,Y15-24,2025,18.260219,
ITC45,EMP_R,9,Y15-29,2018,37.7977,
ITC45,EMP_R,9,Y15-29,2019,39.965031,
ITC45,EMP_R,9,Y15-29,2020,36.442616,
ITC45,EMP_R,9,Y15-29,2021,36.129403,
ITC45,EMP_R,9,Y15-29,2022,40.356946,
ITC45,EMP_R,9,Y15-29,2023,41.698758,
ITC45,EMP_R,9,Y15-29,2024,40.617756,
ITC45,EMP_R,9,Y15-29,2025,36.70986,
ITC45,EMP_R,9,Y15-64,2018,69.545547,
ITC45,EMP_R,9,Y15-64,2019,70.664082,
ITC45,EMP_R,9,Y15-64,2020,67.735648,
ITC45,EMP_R,9,Y15-64,2021,67.932968,
ITC45,EMP_R,9,Y15-64,2022,70.114141,
ITC45,EMP_R,9,Y15-64,2023,71.195206,
ITC45,EMP_R,9,Y15-64,2024,71.696926,
ITC45,EMP_R,9,Y15-64,2025,72.803283,
ITC45,EMP_R,9,Y15-89,2018,53.428215,
ITC45,EMP_R,9,Y15-89,2019,54.244608,
ITC45,EMP_R,9,Y15-89,2020,52.178789,
ITC45,EMP_R,9,Y15-89,2021,52.57022,
ITC45,EMP_R,9,Y15-89,2022,54.014322,
ITC45,EMP_R,9,Y15-89,2023,54.819125,
ITC45,EMP_R,9,Y15-89,2024,55.459849,
ITC45,EMP_R,9,Y15-89,2025,56.452132,
ITC45,EMP_R,9,Y18-29,2018,46.606034,
ITC45,EMP_R,9,Y18-29,2019,49.296552,
ITC45,EMP_R,9,Y18-29,2020,45.091972,
ITC45,EMP_R,9,Y18-29,2021,44.832639,
ITC45,EMP_R,9,Y18-29,2022,50.114927,
ITC45,EMP_R,9,Y18-29,2023,51.962041,
ITC45,EMP_R,9,Y18-29,2024,50.469612,
ITC45,EMP_R,9,Y18-29,2025,45.513992,
ITC45,EMP_R,9,Y20-64,2018,74.61322,
ITC45,EMP_R,9,Y20-64,2019,75.767161,
ITC45,EMP_R,9,Y20-64,2020,72.665364,
ITC45,EMP_R,9,Y20-64,2021,72.891183,
ITC45,EMP_R,9,Y20-64,2022,75.412969,
ITC45,EMP_R,9,Y20-64,2023,76.510958,
ITC45,EMP_R,9,Y20-64,2024,77.187971,
ITC45,EMP_R,9,Y20-64,2025,78.462579,
ITC45,EMP_R,9,Y25-34,2018,78.420426,
ITC45,EMP_R,9,Y25-34,2019,80.846747,
ITC45,EMP_R,9,Y25-34,2020,75.32164,
ITC45,EMP_R,9,Y25-34,2021,74.973386,
ITC45,EMP_R,9,Y25-34,2022,79.687596,
ITC45,EMP_R,9,Y25-34,2023,83.27335,
ITC45,EMP_R,9,Y25-34,2024,82.403701,
ITC45,EMP_R,9,Y25-34,2025,79.954859,
ITC45,EMP_R,9,Y35-44,2018,84.868284,
ITC45,EMP_R,9,Y35-44,2019,85.40388,
ITC45,EMP_R,9,Y35-44,2020,82.699598,
ITC45,EMP_R,9,Y35-44,2021,83.726259,
ITC45,EMP_R,9,Y35-44,2022,85.891474,
ITC45,EMP_R,9,Y35-44,2023,85.1781,
ITC45,EMP_R,9,Y35-44,2024,86.129223,
ITC45,EMP_R,9,Y35-44,2025,87.165513,
ITC45,EMP_R,9,Y45-54,2018,83.595048,
ITC45,EMP_R,9,Y45-54,2019,85.092768,
ITC45,EMP_R,9,Y45-54,2020,81.821448,
ITC45,EMP_R,9,Y45-54,2021,84.65773,
ITC45,EMP_R,9,Y45-54,2022,85.986354,
ITC45,EMP_R,9,Y45-54,2023,85.568778,
ITC45,EMP_R,9,Y45-54,2024,85.537958,
ITC45,EMP_R,9,Y45-54,2025,89.223871,
ITC45,EMP_R,9,Y55-64,2018,61.929141,
ITC45,EMP_R,9,Y55-64,2019,62.416939,
ITC45,EMP_R,9,Y55-64,2020,62.52668,
ITC45,EMP_R,9,Y55-64,2021,61.046592,
ITC45,EMP_R,9,Y55-64,2022,63.177115,
ITC45,EMP_R,9,Y55-64,2023,65.096231,
ITC45,EMP_R,9,Y55-64,2024,68.115785,
ITC45,EMP_R,9,Y55-64,2025,73.229521,
ITC46,EMP_R,1,Y15-24,2018,30.062691,
ITC46,EMP_R,1,Y15-24,2019,30.935055,
ITC46,EMP_R,1,Y15-24,2020,29.35427,
ITC46,EMP_R,1,Y15-24,2021,30.838744,
ITC46,EMP_R,1,Y15-24,2022,33.425747,
ITC46,EMP_R,1,Y15-24,2023,33.702353,
ITC46,EMP_R,1,Y15-24,2024,27.445179,
ITC46,EMP_R,1,Y15-24,2025,28.91469,
ITC46,EMP_R,1,Y15-29,2018,44.123301,
ITC46,EMP_R,1,Y15-29,2019,49.461097,
ITC46,EMP_R,1,Y15-29,2020,45.637214,
ITC46,EMP_R,1,Y15-29,2021,47.446306,
ITC46,EMP_R,1,Y15-29,2022,52.501916,
ITC46,EMP_R,1,Y15-29,2023,49.161756,
ITC46,EMP_R,1,Y15-29,2024,44.522552,
ITC46,EMP_R,1,Y15-29,2025,46.74928,
ITC46,EMP_R,1,Y15-64,2018,76.297447,
ITC46,EMP_R,1,Y15-64,2019,78.3881,
ITC46,EMP_R,1,Y15-64,2020,75.620068,
ITC46,EMP_R,1,Y15-64,2021,74.253853,
ITC46,EMP_R,1,Y15-64,2022,76.978968,
ITC46,EMP_R,1,Y15-64,2023,77.729376,
ITC46,EMP_R,1,Y15-64,2024,76.233701,
ITC46,EMP_R,1,Y15-64,2025,76.867534,
ITC46,EMP_R,1,Y15-89,2018,61.40165,
ITC46,EMP_R,1,Y15-89,2019,62.53921,
ITC46,EMP_R,1,Y15-89,2020,60.813045,
ITC46,EMP_R,1,Y15-89,2021,60.173328,
ITC46,EMP_R,1,Y15-89,2022,60.981055,
ITC46,EMP_R,1,Y15-89,2023,61.354461,
ITC46,EMP_R,1,Y15-89,2024,60.32333,
ITC46,EMP_R,1,Y15-89,2025,60.287151,
ITC46,EMP_R,1,Y18-29,2018,55.009083,
ITC46,EMP_R,1,Y18-29,2019,61.256642,
ITC46,EMP_R,1,Y18-29,2020,56.994462,
ITC46,EMP_R,1,Y18-29,2021,59.009491,
ITC46,EMP_R,1,Y18-29,2022,66.048756,
ITC46,EMP_R,1,Y18-29,2023,60.929194,
ITC46,EMP_R,1,Y18-29,2024,57.064099,
ITC46,EMP_R,1,Y18-29,2025,59.851059,
ITC46,EMP_R,1,Y20-64,2018,82.648771,
ITC46,EMP_R,1,Y20-64,2019,84.374056,
ITC46,EMP_R,1,Y20-64,2020,81.296541,
ITC46,EMP_R,1,Y20-64,2021,80.523648,
ITC46,EMP_R,1,Y20-64,2022,83.158748,
ITC46,EMP_R,1,Y20-64,2023,83.674731,
ITC46,EMP_R,1,Y20-64,2024,83.024396,
ITC46,EMP_R,1,Y20-64,2025,83.39407,
ITC46,EMP_R,1,Y25-34,2018,84.070218,
ITC46,EMP_R,1,Y25-34,2019,85.956629,
ITC46,EMP_R,1,Y25-34,2020,84.564163,
ITC46,EMP_R,1,Y25-34,2021,83.053597,
ITC46,EMP_R,1,Y25-34,2022,92.447601,
ITC46,EMP_R,1,Y25-34,2023,88.684657,
ITC46,EMP_R,1,Y25-34,2024,87.235632,
ITC46,EMP_R,1,Y25-34,2025,88.484161,
ITC46,EMP_R,1,Y35-44,2018,94.899753,
ITC46,EMP_R,1,Y35-44,2019,96.009675,
ITC46,EMP_R,1,Y35-44,2020,95.216568,
ITC46,EMP_R,1,Y35-44,2021,97.037703,
ITC46,EMP_R,1,Y35-44,2022,95.766454,
ITC46,EMP_R,1,Y35-44,2023,93.951595,
ITC46,EMP_R,1,Y35-44,2024,94.105164,
ITC46,EMP_R,1,Y35-44,2025,95.757397,
ITC46,EMP_R,1,Y45-54,2018,94.123822,
ITC46,EMP_R,1,Y45-54,2019,94.336287,
ITC46,EMP_R,1,Y45-54,2020,91.807051,
ITC46,EMP_R,1,Y45-54,2021,92.980455,
ITC46,EMP_R,1,Y45-54,2022,94.062138,
ITC46,EMP_R,1,Y45-54,2023,95.596774,
ITC46,EMP_R,1,Y45-54,2024,95.462625,
ITC46,EMP_R,1,Y45-54,2025,97.100803,
ITC46,EMP_R,1,Y55-64,2018,64.659277,
ITC46,EMP_R,1,Y55-64,2019,68.664205,
ITC46,EMP_R,1,Y55-64,2020,63.864307,
ITC46,EMP_R,1,Y55-64,2021,56.728997,
ITC46,EMP_R,1,Y55-64,2022,58.977277,
ITC46,EMP_R,1,Y55-64,2023,68.634718,
ITC46,EMP_R,1,Y55-64,2024,68.920478,
ITC46,EMP_R,1,Y55-64,2025,66.479613,
ITC46,EMP_R,2,Y15-24,2018,23.800501,
ITC46,EMP_R,2,Y15-24,2019,26.108615,
ITC46,EMP_R,2,Y15-24,2020,23.777019,
ITC46,EMP_R,2,Y15-24,2021,18.238528,
ITC46,EMP_R,2,Y15-24,2022,21.489314,
ITC46,EMP_R,2,Y15-24,2023,26.495544,
ITC46,EMP_R,2,Y15-24,2024,28.956193,
ITC46,EMP_R,2,Y15-24,2025,28.046761,
ITC46,EMP_R,2,Y15-29,2018,37.539548,
ITC46,EMP_R,2,Y15-29,2019,36.761902,
ITC46,EMP_R,2,Y15-29,2020,36.411802,
ITC46,EMP_R,2,Y15-29,2021,33.241902,
ITC46,EMP_R,2,Y15-29,2022,36.402285,
ITC46,EMP_R,2,Y15-29,2023,39.889144,
ITC46,EMP_R,2,Y15-29,2024,44.244732,
ITC46,EMP_R,2,Y15-29,2025,42.444418,
ITC46,EMP_R,2,Y15-64,2018,54.839954,
ITC46,EMP_R,2,Y15-64,2019,53.625181,
ITC46,EMP_R,2,Y15-64,2020,53.987667,
ITC46,EMP_R,2,Y15-64,2021,56.341608,
ITC46,EMP_R,2,Y15-64,2022,57.753506,
ITC46,EMP_R,2,Y15-64,2023,57.427687,
ITC46,EMP_R,2,Y15-64,2024,60.255732,
ITC46,EMP_R,2,Y15-64,2025,58.453311,
ITC46,EMP_R,2,Y15-89,2018,41.340199,
ITC46,EMP_R,2,Y15-89,2019,40.632182,
ITC46,EMP_R,2,Y15-89,2020,41.250564,
ITC46,EMP_R,2,Y15-89,2021,42.834945,
ITC46,EMP_R,2,Y15-89,2022,43.879645,
ITC46,EMP_R,2,Y15-89,2023,43.408785,
ITC46,EMP_R,2,Y15-89,2024,45.049853,
ITC46,EMP_R,2,Y15-89,2025,43.533643,
ITC46,EMP_R,2,Y18-29,2018,46.847096,
ITC46,EMP_R,2,Y18-29,2019,45.73718,
ITC46,EMP_R,2,Y18-29,2020,45.803907,
ITC46,EMP_R,2,Y18-29,2021,41.801227,
ITC46,EMP_R,2,Y18-29,2022,44.479863,
ITC46,EMP_R,2,Y18-29,2023,49.391335,
ITC46,EMP_R,2,Y18-29,2024,54.143694,
ITC46,EMP_R,2,Y18-29,2025,51.909784,
ITC46,EMP_R,2,Y20-64,2018,58.614942,
ITC46,EMP_R,2,Y20-64,2019,57.999912,
ITC46,EMP_R,2,Y20-64,2020,58.358771,
ITC46,EMP_R,2,Y20-64,2021,60.821871,
ITC46,EMP_R,2,Y20-64,2022,62.030025,
ITC46,EMP_R,2,Y20-64,2023,61.898447,
ITC46,EMP_R,2,Y20-64,2024,64.821997,
ITC46,EMP_R,2,Y20-64,2025,62.947053,
ITC46,EMP_R,2,Y25-34,2018,64.857686,
ITC46,EMP_R,2,Y25-34,2019,65.528086,
ITC46,EMP_R,2,Y25-34,2020,65.71546,
ITC46,EMP_R,2,Y25-34,2021,70.892806,
ITC46,EMP_R,2,Y25-34,2022,68.613913,
ITC46,EMP_R,2,Y25-34,2023,65.174461,
ITC46,EMP_R,2,Y25-34,2024,76.932677,
ITC46,EMP_R,2,Y25-34,2025,75.010249,
ITC46,EMP_R,2,Y35-44,2018,70.262141,
ITC46,EMP_R,2,Y35-44,2019,69.00525,
ITC46,EMP_R,2,Y35-44,2020,71.582963,
ITC46,EMP_R,2,Y35-44,2021,67.983889,
ITC46,EMP_R,2,Y35-44,2022,71.015027,
ITC46,EMP_R,2,Y35-44,2023,68.382116,
ITC46,EMP_R,2,Y35-44,2024,71.034797,
ITC46,EMP_R,2,Y35-44,2025,67.176084,
ITC46,EMP_R,2,Y45-54,2018,65.821276,
ITC46,EMP_R,2,Y45-54,2019,66.135679,
ITC46,EMP_R,2,Y45-54,2020,65.007247,
ITC46,EMP_R,2,Y45-54,2021,70.673662,
ITC46,EMP_R,2,Y45-54,2022,75.67402,
ITC46,EMP_R,2,Y45-54,2023,74.083843,
ITC46,EMP_R,2,Y45-54,2024,74.508452,
ITC46,EMP_R,2,Y45-54,2025,71.688954,
ITC46,EMP_R,2,Y55-64,2018,40.47873,
ITC46,EMP_R,2,Y55-64,2019,37.067605,
ITC46,EMP_R,2,Y55-64,2020,38.890058,
ITC46,EMP_R,2,Y55-64,2021,47.55233,
ITC46,EMP_R,2,Y55-64,2022,44.426417,
ITC46,EMP_R,2,Y55-64,2023,47.980709,
ITC46,EMP_R,2,Y55-64,2024,47.191571,
ITC46,EMP_R,2,Y55-64,2025,49.275129,
ITC46,EMP_R,9,Y15-24,2018,27.109113,
ITC46,EMP_R,9,Y15-24,2019,28.473627,
ITC46,EMP_R,9,Y15-24,2020,26.54187,
ITC46,EMP_R,9,Y15-24,2021,24.438706,
ITC46,EMP_R,9,Y15-24,2022,27.486913,
ITC46,EMP_R,9,Y15-24,2023,30.22327,
ITC46,EMP_R,9,Y15-24,2024,28.175196,
ITC46,EMP_R,9,Y15-24,2025,28.487082,
ITC46,EMP_R,9,Y15-29,2018,40.916097,
ITC46,EMP_R,9,Y15-29,2019,43.286553,
ITC46,EMP_R,9,Y15-29,2020,41.153926,
ITC46,EMP_R,9,Y15-29,2021,40.560798,
ITC46,EMP_R,9,Y15-29,2022,44.730629,
ITC46,EMP_R,9,Y15-29,2023,44.687376,
ITC46,EMP_R,9,Y15-29,2024,44.388656,
ITC46,EMP_R,9,Y15-29,2025,44.680444,
ITC46,EMP_R,9,Y15-64,2018,65.755228,
ITC46,EMP_R,9,Y15-64,2019,66.222502,
ITC46,EMP_R,9,Y15-64,2020,64.985785,
ITC46,EMP_R,9,Y15-64,2021,65.453789,
ITC46,EMP_R,9,Y15-64,2022,67.557074,
ITC46,EMP_R,9,Y15-64,2023,67.781122,
ITC46,EMP_R,9,Y15-64,2024,68.407642,
ITC46,EMP_R,9,Y15-64,2025,67.862347,
ITC46,EMP_R,9,Y15-89,2018,51.285759,
ITC46,EMP_R,9,Y15-89,2019,51.516765,
ITC46,EMP_R,9,Y15-89,2020,50.970533,
ITC46,EMP_R,9,Y15-89,2021,51.463696,
ITC46,EMP_R,9,Y15-89,2022,52.426284,
ITC46,EMP_R,9,Y15-89,2023,52.375421,
ITC46,EMP_R,9,Y15-89,2024,52.664732,
ITC46,EMP_R,9,Y15-89,2025,51.8877,
ITC46,EMP_R,9,Y18-29,2018,51.025704,
ITC46,EMP_R,9,Y18-29,2019,53.811078,
ITC46,EMP_R,9,Y18-29,2020,51.576423,
ITC46,EMP_R,9,Y18-29,2021,50.693651,
ITC46,EMP_R,9,Y18-29,2022,55.360969,
ITC46,EMP_R,9,Y18-29,2023,55.290818,
ITC46,EMP_R,9,Y18-29,2024,55.623241,
ITC46,EMP_R,9,Y18-29,2025,55.943544,
ITC46,EMP_R,9,Y20-64,2018,70.80334,
ITC46,EMP_R,9,Y20-64,2019,71.505532,
ITC46,EMP_R,9,Y20-64,2020,70.086994,
ITC46,EMP_R,9,Y20-64,2021,70.812351,
ITC46,EMP_R,9,Y20-64,2022,72.784233,
ITC46,EMP_R,9,Y20-64,2023,72.996514,
ITC46,EMP_R,9,Y20-64,2024,74.094418,
ITC46,EMP_R,9,Y20-64,2025,73.381381,
ITC46,EMP_R,9,Y25-34,2018,74.268843,
ITC46,EMP_R,9,Y25-34,2019,76.514986,
ITC46,EMP_R,9,Y25-34,2020,75.659643,
ITC46,EMP_R,9,Y25-34,2021,77.039962,
ITC46,EMP_R,9,Y25-34,2022,81.078299,
ITC46,EMP_R,9,Y25-34,2023,76.998458,
ITC46,EMP_R,9,Y25-34,2024,82.159822,
ITC46,EMP_R,9,Y25-34,2025,81.724227,
ITC46,EMP_R,9,Y35-44,2018,82.841146,
ITC46,EMP_R,9,Y35-44,2019,82.416172,
ITC46,EMP_R,9,Y35-44,2020,83.773248,
ITC46,EMP_R,9,Y35-44,2021,83.642438,
ITC46,EMP_R,9,Y35-44,2022,83.645214,
ITC46,EMP_R,9,Y35-44,2023,81.360675,
ITC46,EMP_R,9,Y35-44,2024,82.746547,
ITC46,EMP_R,9,Y35-44,2025,81.688283,
ITC46,EMP_R,9,Y45-54,2018,80.581661,
ITC46,EMP_R,9,Y45-54,2019,81.0591,
ITC46,EMP_R,9,Y45-54,2020,78.471957,
ITC46,EMP_R,9,Y45-54,2021,81.685546,
ITC46,EMP_R,9,Y45-54,2022,85.162658,
ITC46,EMP_R,9,Y45-54,2023,85.473602,
ITC46,EMP_R,9,Y45-54,2024,85.307554,
ITC46,EMP_R,9,Y45-54,2025,85.303624,
ITC46,EMP_R,9,Y55-64,2018,52.388048,
ITC46,EMP_R,9,Y55-64,2019,52.453079,
ITC46,EMP_R,9,Y55-64,2020,51.478653,
ITC46,EMP_R,9,Y55-64,2021,52.280239,
ITC46,EMP_R,9,Y55-64,2022,51.673117,
ITC46,EMP_R,9,Y55-64,2023,58.135632,
ITC46,EMP_R,9,Y55-64,2024,58.154573,
ITC46,EMP_R,9,Y55-64,2025,57.888689,
ITC47,EMP_R,1,Y15-24,2018,31.12255,
ITC47,EMP_R,1,Y15-24,2019,34.88974,
ITC47,EMP_R,1,Y15-24,2020,32.81753,
ITC47,EMP_R,1,Y15-24,2021,25.534686,
ITC47,EMP_R,1,Y15-24,2022,37.852301,
ITC47,EMP_R,1,Y15-24,2023,36.12001,
ITC47,EMP_R,1,Y15-24,2024,37.624575,
ITC47,EMP_R,1,Y15-24,2025,37.390312,
ITC47,EMP_R,1,Y15-29,2018,48.799227,
ITC47,EMP_R,1,Y15-29,2019,47.489287,
ITC47,EMP_R,1,Y15-29,2020,47.39121,
ITC47,EMP_R,1,Y15-29,2021,47.078939,
ITC47,EMP_R,1,Y15-29,2022,51.556461,
ITC47,EMP_R,1,Y15-29,2023,50.840286,
ITC47,EMP_R,1,Y15-29,2024,55.404406,
ITC47,EMP_R,1,Y15-29,2025,57.589268,
ITC47,EMP_R,1,Y15-64,2018,78.352545,
ITC47,EMP_R,1,Y15-64,2019,77.985474,
ITC47,EMP_R,1,Y15-64,2020,76.746091,
ITC47,EMP_R,1,Y15-64,2021,76.8482,
ITC47,EMP_R,1,Y15-64,2022,77.289449,
ITC47,EMP_R,1,Y15-64,2023,76.833332,
ITC47,EMP_R,1,Y15-64,2024,77.021128,
ITC47,EMP_R,1,Y15-64,2025,78.226621,
ITC47,EMP_R,1,Y15-89,2018,62.908318,
ITC47,EMP_R,1,Y15-89,2019,62.571448,
ITC47,EMP_R,1,Y15-89,2020,60.912461,
ITC47,EMP_R,1,Y15-89,2021,61.80157,
ITC47,EMP_R,1,Y15-89,2022,61.902383,
ITC47,EMP_R,1,Y15-89,2023,61.331061,
ITC47,EMP_R,1,Y15-89,2024,60.556255,
ITC47,EMP_R,1,Y15-89,2025,62.037727,
ITC47,EMP_R,1,Y18-29,2018,61.580439,
ITC47,EMP_R,1,Y18-29,2019,59.709924,
ITC47,EMP_R,1,Y18-29,2020,60.698308,
ITC47,EMP_R,1,Y18-29,2021,57.545784,
ITC47,EMP_R,1,Y18-29,2022,61.104799,
ITC47,EMP_R,1,Y18-29,2023,62.45652,
ITC47,EMP_R,1,Y18-29,2024,66.940685,
ITC47,EMP_R,1,Y18-29,2025,70.605571,
ITC47,EMP_R,1,Y20-64,2018,84.563083,
ITC47,EMP_R,1,Y20-64,2019,83.596482,
ITC47,EMP_R,1,Y20-64,2020,83.344799,
ITC47,EMP_R,1,Y20-64,2021,83.630857,
ITC47,EMP_R,1,Y20-64,2022,82.872083,
ITC47,EMP_R,1,Y20-64,2023,82.821797,
ITC47,EMP_R,1,Y20-64,2024,82.468017,
ITC47,EMP_R,1,Y20-64,2025,84.094116,
ITC47,EMP_R,1,Y25-34,2018,93.228962,
ITC47,EMP_R,1,Y25-34,2019,87.573571,
ITC47,EMP_R,1,Y25-34,2020,89.064543,
ITC47,EMP_R,1,Y25-34,2021,88.191422,
ITC47,EMP_R,1,Y25-34,2022,89.872152,
ITC47,EMP_R,1,Y25-34,2023,88.151578,
ITC47,EMP_R,1,Y25-34,2024,91.040525,
ITC47,EMP_R,1,Y25-34,2025,88.938323,
ITC47,EMP_R,1,Y35-44,2018,96.144981,
ITC47,EMP_R,1,Y35-44,2019,95.089822,
ITC47,EMP_R,1,Y35-44,2020,93.823304,
ITC47,EMP_R,1,Y35-44,2021,91.661435,
ITC47,EMP_R,1,Y35-44,2022,95.889351,
ITC47,EMP_R,1,Y35-44,2023,95.508777,
ITC47,EMP_R,1,Y35-44,2024,93.546805,
ITC47,EMP_R,1,Y35-44,2025,92.166775,
ITC47,EMP_R,1,Y45-54,2018,90.270787,
ITC47,EMP_R,1,Y45-54,2019,91.920435,
ITC47,EMP_R,1,Y45-54,2020,91.916187,
ITC47,EMP_R,1,Y45-54,2021,93.069253,
ITC47,EMP_R,1,Y45-54,2022,97.863667,
ITC47,EMP_R,1,Y45-54,2023,93.93304,
ITC47,EMP_R,1,Y45-54,2024,93.740557,
ITC47,EMP_R,1,Y45-54,2025,97.102378,
ITC47,EMP_R,1,Y55-64,2018,67.148067,
ITC47,EMP_R,1,Y55-64,2019,70.992627,
ITC47,EMP_R,1,Y55-64,2020,66.052105,
ITC47,EMP_R,1,Y55-64,2021,69.287346,
ITC47,EMP_R,1,Y55-64,2022,59.902707,
ITC47,EMP_R,1,Y55-64,2023,65.306997,
ITC47,EMP_R,1,Y55-64,2024,63.126714,
ITC47,EMP_R,1,Y55-64,2025,64.399864,
ITC47,EMP_R,2,Y15-24,2018,23.305768,
ITC47,EMP_R,2,Y15-24,2019,27.90973,
ITC47,EMP_R,2,Y15-24,2020,17.210483,
ITC47,EMP_R,2,Y15-24,2021,15.21638,
ITC47,EMP_R,2,Y15-24,2022,13.999473,
ITC47,EMP_R,2,Y15-24,2023,23.191063,
ITC47,EMP_R,2,Y15-24,2024,24.955448,
ITC47,EMP_R,2,Y15-24,2025,22.979742,
ITC47,EMP_R,2,Y15-29,2018,40.874002,
ITC47,EMP_R,2,Y15-29,2019,43.693201,
ITC47,EMP_R,2,Y15-29,2020,34.314791,
ITC47,EMP_R,2,Y15-29,2021,30.472273,
ITC47,EMP_R,2,Y15-29,2022,33.832834,
ITC47,EMP_R,2,Y15-29,2023,40.010552,
ITC47,EMP_R,2,Y15-29,2024,42.305638,
ITC47,EMP_R,2,Y15-29,2025,36.944518,
ITC47,EMP_R,2,Y15-64,2018,55.03684,
ITC47,EMP_R,2,Y15-64,2019,56.34482,
ITC47,EMP_R,2,Y15-64,2020,53.074188,
ITC47,EMP_R,2,Y15-64,2021,54.234645,
ITC47,EMP_R,2,Y15-64,2022,54.161483,
ITC47,EMP_R,2,Y15-64,2023,56.245872,
ITC47,EMP_R,2,Y15-64,2024,57.082094,
ITC47,EMP_R,2,Y15-64,2025,56.822076,
ITC47,EMP_R,2,Y15-89,2018,41.413004,
ITC47,EMP_R,2,Y15-89,2019,42.280295,
ITC47,EMP_R,2,Y15-89,2020,40.087794,
ITC47,EMP_R,2,Y15-89,2021,40.759364,
ITC47,EMP_R,2,Y15-89,2022,40.240687,
ITC47,EMP_R,2,Y15-89,2023,41.713667,
ITC47,EMP_R,2,Y15-89,2024,42.646217,
ITC47,EMP_R,2,Y15-89,2025,42.118854,
ITC47,EMP_R,2,Y18-29,2018,50.580581,
ITC47,EMP_R,2,Y18-29,2019,53.441847,
ITC47,EMP_R,2,Y18-29,2020,41.643241,
ITC47,EMP_R,2,Y18-29,2021,38.934443,
ITC47,EMP_R,2,Y18-29,2022,45.024638,
ITC47,EMP_R,2,Y18-29,2023,50.761792,
ITC47,EMP_R,2,Y18-29,2024,54.606188,
ITC47,EMP_R,2,Y18-29,2025,47.585181,
ITC47,EMP_R,2,Y20-64,2018,59.247437,
ITC47,EMP_R,2,Y20-64,2019,60.248815,
ITC47,EMP_R,2,Y20-64,2020,57.261131,
ITC47,EMP_R,2,Y20-64,2021,59.536795,
ITC47,EMP_R,2,Y20-64,2022,58.775835,
ITC47,EMP_R,2,Y20-64,2023,60.819708,
ITC47,EMP_R,2,Y20-64,2024,62.04224,
ITC47,EMP_R,2,Y20-64,2025,61.788147,
ITC47,EMP_R,2,Y25-34,2018,66.116167,
ITC47,EMP_R,2,Y25-34,2019,64.887965,
ITC47,EMP_R,2,Y25-34,2020,64.068374,
ITC47,EMP_R,2,Y25-34,2021,67.676096,
ITC47,EMP_R,2,Y25-34,2022,64.649841,
ITC47,EMP_R,2,Y25-34,2023,70.044537,
ITC47,EMP_R,2,Y25-34,2024,75.564925,
ITC47,EMP_R,2,Y25-34,2025,65.477419,
ITC47,EMP_R,2,Y35-44,2018,63.687046,
ITC47,EMP_R,2,Y35-44,2019,65.971186,
ITC47,EMP_R,2,Y35-44,2020,65.009404,
ITC47,EMP_R,2,Y35-44,2021,69.254404,
ITC47,EMP_R,2,Y35-44,2022,71.950707,
ITC47,EMP_R,2,Y35-44,2023,74.865184,
ITC47,EMP_R,2,Y35-44,2024,70.770946,
ITC47,EMP_R,2,Y35-44,2025,67.186331,
ITC47,EMP_R,2,Y45-54,2018,65.30823,
ITC47,EMP_R,2,Y45-54,2019,70.219538,
ITC47,EMP_R,2,Y45-54,2020,69.359943,
ITC47,EMP_R,2,Y45-54,2021,69.43765,
ITC47,EMP_R,2,Y45-54,2022,70.659402,
ITC47,EMP_R,2,Y45-54,2023,64.903514,
ITC47,EMP_R,2,Y45-54,2024,73.407945,
ITC47,EMP_R,2,Y45-54,2025,78.720172,
ITC47,EMP_R,2,Y55-64,2018,43.883664,
ITC47,EMP_R,2,Y55-64,2019,39.75585,
ITC47,EMP_R,2,Y55-64,2020,36.553241,
ITC47,EMP_R,2,Y55-64,2021,41.181476,
ITC47,EMP_R,2,Y55-64,2022,38.530412,
ITC47,EMP_R,2,Y55-64,2023,44.376779,
ITC47,EMP_R,2,Y55-64,2024,39.417739,
ITC47,EMP_R,2,Y55-64,2025,43.565076,
ITC47,EMP_R,9,Y15-24,2018,27.502501,
ITC47,EMP_R,9,Y15-24,2019,31.826482,
ITC47,EMP_R,9,Y15-24,2020,25.90083,
ITC47,EMP_R,9,Y15-24,2021,20.36707,
ITC47,EMP_R,9,Y15-24,2022,27.158715,
ITC47,EMP_R,9,Y15-24,2023,30.149532,
ITC47,EMP_R,9,Y15-24,2024,31.607135,
ITC47,EMP_R,9,Y15-24,2025,30.112805,
ITC47,EMP_R,9,Y15-29,2018,44.945856,
ITC47,EMP_R,9,Y15-29,2019,45.648041,
ITC47,EMP_R,9,Y15-29,2020,41.05122,
ITC47,EMP_R,9,Y15-29,2021,39.049513,
ITC47,EMP_R,9,Y15-29,2022,43.032452,
ITC47,EMP_R,9,Y15-29,2023,45.631018,
ITC47,EMP_R,9,Y15-29,2024,49.117959,
ITC47,EMP_R,9,Y15-29,2025,47.728159,
ITC47,EMP_R,9,Y15-64,2018,66.853028,
ITC47,EMP_R,9,Y15-64,2019,67.324756,
ITC47,EMP_R,9,Y15-64,2020,65.083788,
ITC47,EMP_R,9,Y15-64,2021,65.721038,
ITC47,EMP_R,9,Y15-64,2022,65.948751,
ITC47,EMP_R,9,Y15-64,2023,66.740718,
ITC47,EMP_R,9,Y15-64,2024,67.248848,
ITC47,EMP_R,9,Y15-64,2025,67.754016,
ITC47,EMP_R,9,Y15-89,2018,52.004732,
ITC47,EMP_R,9,Y15-89,2019,52.295244,
ITC47,EMP_R,9,Y15-89,2020,50.379599,
ITC47,EMP_R,9,Y15-89,2021,51.118552,
ITC47,EMP_R,9,Y15-89,2022,50.951913,
ITC47,EMP_R,9,Y15-89,2023,51.470752,
ITC47,EMP_R,9,Y15-89,2024,51.566081,
ITC47,EMP_R,9,Y15-89,2025,52.0292,
ITC47,EMP_R,9,Y18-29,2018,56.178382,
ITC47,EMP_R,9,Y18-29,2019,56.631193,
ITC47,EMP_R,9,Y18-29,2020,51.202751,
ITC47,EMP_R,9,Y18-29,2021,48.753063,
ITC47,EMP_R,9,Y18-29,2022,53.834763,
ITC47,EMP_R,9,Y18-29,2023,56.942144,
ITC47,EMP_R,9,Y18-29,2024,61.238973,
ITC47,EMP_R,9,Y18-29,2025,59.893143,
ITC47,EMP_R,9,Y20-64,2018,72.034818,
ITC47,EMP_R,9,Y20-64,2019,72.051637,
ITC47,EMP_R,9,Y20-64,2020,70.447953,
ITC47,EMP_R,9,Y20-64,2021,71.762743,
ITC47,EMP_R,9,Y20-64,2022,71.090196,
ITC47,EMP_R,9,Y20-64,2023,72.02691,
ITC47,EMP_R,9,Y20-64,2024,72.505232,
ITC47,EMP_R,9,Y20-64,2025,73.318557,
ITC47,EMP_R,9,Y25-34,2018,78.454817,
ITC47,EMP_R,9,Y25-34,2019,74.626483,
ITC47,EMP_R,9,Y25-34,2020,75.475606,
ITC47,EMP_R,9,Y25-34,2021,77.316868,
ITC47,EMP_R,9,Y25-34,2022,77.060013,
ITC47,EMP_R,9,Y25-34,2023,78.802019,
ITC47,EMP_R,9,Y25-34,2024,83.465654,
ITC47,EMP_R,9,Y25-34,2025,78.460216,
ITC47,EMP_R,9,Y35-44,2018,81.554029,
ITC47,EMP_R,9,Y35-44,2019,81.744039,
ITC47,EMP_R,9,Y35-44,2020,79.984461,
ITC47,EMP_R,9,Y35-44,2021,81.091671,
ITC47,EMP_R,9,Y35-44,2022,83.389175,
ITC47,EMP_R,9,Y35-44,2023,85.006617,
ITC47,EMP_R,9,Y35-44,2024,82.164557,
ITC47,EMP_R,9,Y35-44,2025,79.662604,
ITC47,EMP_R,9,Y45-54,2018,77.412301,
ITC47,EMP_R,9,Y45-54,2019,80.854806,
ITC47,EMP_R,9,Y45-54,2020,81.214926,
ITC47,EMP_R,9,Y45-54,2021,82.265773,
ITC47,EMP_R,9,Y45-54,2022,85.107033,
ITC47,EMP_R,9,Y45-54,2023,80.804242,
ITC47,EMP_R,9,Y45-54,2024,84.289056,
ITC47,EMP_R,9,Y45-54,2025,88.234333,
ITC47,EMP_R,9,Y55-64,2018,55.593252,
ITC47,EMP_R,9,Y55-64,2019,55.859958,
ITC47,EMP_R,9,Y55-64,2020,50.713169,
ITC47,EMP_R,9,Y55-64,2021,54.809338,
ITC47,EMP_R,9,Y55-64,2022,49.231114,
ITC47,EMP_R,9,Y55-64,2023,54.568262,
ITC47,EMP_R,9,Y55-64,2024,50.823166,
ITC47,EMP_R,9,Y55-64,2025,53.773275,
ITC48,EMP_R,1,Y15-24,2018,24.223016,
ITC48,EMP_R,1,Y15-24,2019,29.798331,
ITC48,EMP_R,1,Y15-24,2020,26.270151,
ITC48,EMP_R,1,Y15-24,2021,26.527985,
ITC48,EMP_R,1,Y15-24,2022,24.723008,
ITC48,EMP_R,1,Y15-24,2023,26.125634,
ITC48,EMP_R,1,Y15-24,2024,23.981185,
ITC48,EMP_R,1,Y15-24,2025,29.077147,
ITC48,EMP_R,1,Y15-29,2018,39.554445,
ITC48,EMP_R,1,Y15-29,2019,45.222981,
ITC48,EMP_R,1,Y15-29,2020,37.583155,
ITC48,EMP_R,1,Y15-29,2021,44.691001,
ITC48,EMP_R,1,Y15-29,2022,40.479979,
ITC48,EMP_R,1,Y15-29,2023,43.474625,
ITC48,EMP_R,1,Y15-29,2024,42.969594,
ITC48,EMP_R,1,Y15-29,2025,44.560659,
ITC48,EMP_R,1,Y15-64,2018,71.987779,
ITC48,EMP_R,1,Y15-64,2019,73.657049,
ITC48,EMP_R,1,Y15-64,2020,71.366407,
ITC48,EMP_R,1,Y15-64,2021,71.444791,
ITC48,EMP_R,1,Y15-64,2022,74.054939,
ITC48,EMP_R,1,Y15-64,2023,75.104346,
ITC48,EMP_R,1,Y15-64,2024,73.252306,
ITC48,EMP_R,1,Y15-64,2025,75.399914,
ITC48,EMP_R,1,Y15-89,2018,56.743797,
ITC48,EMP_R,1,Y15-89,2019,57.968581,
ITC48,EMP_R,1,Y15-89,2020,56.309059,
ITC48,EMP_R,1,Y15-89,2021,56.724171,
ITC48,EMP_R,1,Y15-89,2022,59.254467,
ITC48,EMP_R,1,Y15-89,2023,59.231734,
ITC48,EMP_R,1,Y15-89,2024,57.819849,
ITC48,EMP_R,1,Y15-89,2025,59.03278,
ITC48,EMP_R,1,Y18-29,2018,50.726749,
ITC48,EMP_R,1,Y18-29,2019,57.284386,
ITC48,EMP_R,1,Y18-29,2020,46.390967,
ITC48,EMP_R,1,Y18-29,2021,55.376237,
ITC48,EMP_R,1,Y18-29,2022,50.869768,
ITC48,EMP_R,1,Y18-29,2023,57.771913,
ITC48,EMP_R,1,Y18-29,2024,54.812141,
ITC48,EMP_R,1,Y18-29,2025,53.757611,
ITC48,EMP_R,1,Y20-64,2018,77.375691,
ITC48,EMP_R,1,Y20-64,2019,79.540234,
ITC48,EMP_R,1,Y20-64,2020,76.54307,
ITC48,EMP_R,1,Y20-64,2021,76.854789,
ITC48,EMP_R,1,Y20-64,2022,79.667384,
ITC48,EMP_R,1,Y20-64,2023,81.230844,
ITC48,EMP_R,1,Y20-64,2024,78.965775,
ITC48,EMP_R,1,Y20-64,2025,81.129683,
ITC48,EMP_R,1,Y25-34,2018,78.729995,
ITC48,EMP_R,1,Y25-34,2019,81.814622,
ITC48,EMP_R,1,Y25-34,2020,72.006472,
ITC48,EMP_R,1,Y25-34,2021,78.964109,
ITC48,EMP_R,1,Y25-34,2022,84.92512,
ITC48,EMP_R,1,Y25-34,2023,81.815636,
ITC48,EMP_R,1,Y25-34,2024,81.848639,
ITC48,EMP_R,1,Y25-34,2025,80.330603,
ITC48,EMP_R,1,Y35-44,2018,88.892676,
ITC48,EMP_R,1,Y35-44,2019,89.492576,
ITC48,EMP_R,1,Y35-44,2020,89.129423,
ITC48,EMP_R,1,Y35-44,2021,87.64598,
ITC48,EMP_R,1,Y35-44,2022,93.318328,
ITC48,EMP_R,1,Y35-44,2023,92.224324,
ITC48,EMP_R,1,Y35-44,2024,88.537308,
ITC48,EMP_R,1,Y35-44,2025,91.321399,
ITC48,EMP_R,1,Y45-54,2018,88.574214,
ITC48,EMP_R,1,Y45-54,2019,92.292989,
ITC48,EMP_R,1,Y45-54,2020,88.622432,
ITC48,EMP_R,1,Y45-54,2021,88.262892,
ITC48,EMP_R,1,Y45-54,2022,91.009696,
ITC48,EMP_R,1,Y45-54,2023,90.123317,
ITC48,EMP_R,1,Y45-54,2024,91.188148,
ITC48,EMP_R,1,Y45-54,2025,92.87616,
ITC48,EMP_R,1,Y55-64,2018,60.790007,
ITC48,EMP_R,1,Y55-64,2019,58.928421,
ITC48,EMP_R,1,Y55-64,2020,62.503146,
ITC48,EMP_R,1,Y55-64,2021,58.533673,
ITC48,EMP_R,1,Y55-64,2022,65.246828,
ITC48,EMP_R,1,Y55-64,2023,72.589245,
ITC48,EMP_R,1,Y55-64,2024,68.225138,
ITC48,EMP_R,1,Y55-64,2025,71.914399,
ITC48,EMP_R,2,Y15-24,2018,24.989773,
ITC48,EMP_R,2,Y15-24,2019,22.631757,
ITC48,EMP_R,2,Y15-24,2020,18.396288,
ITC48,EMP_R,2,Y15-24,2021,16.397229,
ITC48,EMP_R,2,Y15-24,2022,19.836607,
ITC48,EMP_R,2,Y15-24,2023,18.303337,
ITC48,EMP_R,2,Y15-24,2024,17.397124,
ITC48,EMP_R,2,Y15-24,2025,16.076036,
ITC48,EMP_R,2,Y15-29,2018,34.864496,
ITC48,EMP_R,2,Y15-29,2019,37.537316,
ITC48,EMP_R,2,Y15-29,2020,33.987486,
ITC48,EMP_R,2,Y15-29,2021,33.756367,
ITC48,EMP_R,2,Y15-29,2022,36.283186,
ITC48,EMP_R,2,Y15-29,2023,30.238282,
ITC48,EMP_R,2,Y15-29,2024,30.869205,
ITC48,EMP_R,2,Y15-29,2025,33.189573,
ITC48,EMP_R,2,Y15-64,2018,60.572035,
ITC48,EMP_R,2,Y15-64,2019,62.080357,
ITC48,EMP_R,2,Y15-64,2020,58.174141,
ITC48,EMP_R,2,Y15-64,2021,57.772412,
ITC48,EMP_R,2,Y15-64,2022,59.330109,
ITC48,EMP_R,2,Y15-64,2023,60.210385,
ITC48,EMP_R,2,Y15-64,2024,61.598614,
ITC48,EMP_R,2,Y15-64,2025,62.03326,
ITC48,EMP_R,2,Y15-89,2018,43.163356,
ITC48,EMP_R,2,Y15-89,2019,44.351929,
ITC48,EMP_R,2,Y15-89,2020,42.604489,
ITC48,EMP_R,2,Y15-89,2021,42.605269,
ITC48,EMP_R,2,Y15-89,2022,42.820392,
ITC48,EMP_R,2,Y15-89,2023,44.216234,
ITC48,EMP_R,2,Y15-89,2024,44.978668,
ITC48,EMP_R,2,Y15-89,2025,44.88726,
ITC48,EMP_R,2,Y18-29,2018,40.765419,
ITC48,EMP_R,2,Y18-29,2019,45.038376,
ITC48,EMP_R,2,Y18-29,2020,42.000562,
ITC48,EMP_R,2,Y18-29,2021,41.865471,
ITC48,EMP_R,2,Y18-29,2022,44.668818,
ITC48,EMP_R,2,Y18-29,2023,35.331024,
ITC48,EMP_R,2,Y18-29,2024,37.442265,
ITC48,EMP_R,2,Y18-29,2025,42.422772,
ITC48,EMP_R,2,Y20-64,2018,63.811952,
ITC48,EMP_R,2,Y20-64,2019,65.312541,
ITC48,EMP_R,2,Y20-64,2020,61.774568,
ITC48,EMP_R,2,Y20-64,2021,61.594072,
ITC48,EMP_R,2,Y20-64,2022,63.460853,
ITC48,EMP_R,2,Y20-64,2023,64.489759,
ITC48,EMP_R,2,Y20-64,2024,65.705083,
ITC48,EMP_R,2,Y20-64,2025,66.089118,
ITC48,EMP_R,2,Y25-34,2018,62.451556,
ITC48,EMP_R,2,Y25-34,2019,69.782724,
ITC48,EMP_R,2,Y25-34,2020,64.767966,
ITC48,EMP_R,2,Y25-34,2021,62.92938,
ITC48,EMP_R,2,Y25-34,2022,68.142111,
ITC48,EMP_R,2,Y25-34,2023,60.175055,
ITC48,EMP_R,2,Y25-34,2024,67.673041,
ITC48,EMP_R,2,Y25-34,2025,68.926926,
ITC48,EMP_R,2,Y35-44,2018,76.887283,
ITC48,EMP_R,2,Y35-44,2019,77.972028,
ITC48,EMP_R,2,Y35-44,2020,71.381075,
ITC48,EMP_R,2,Y35-44,2021,71.325555,
ITC48,EMP_R,2,Y35-44,2022,71.10296,
ITC48,EMP_R,2,Y35-44,2023,71.651359,
ITC48,EMP_R,2,Y35-44,2024,71.86931,
ITC48,EMP_R,2,Y35-44,2025,75.409776,
ITC48,EMP_R,2,Y45-54,2018,74.980088,
ITC48,EMP_R,2,Y45-54,2019,75.236457,
ITC48,EMP_R,2,Y45-54,2020,75.000544,
ITC48,EMP_R,2,Y45-54,2021,74.023182,
ITC48,EMP_R,2,Y45-54,2022,73.023678,
ITC48,EMP_R,2,Y45-54,2023,78.160177,
ITC48,EMP_R,2,Y45-54,2024,78.326289,
ITC48,EMP_R,2,Y45-54,2025,76.907753,
ITC48,EMP_R,2,Y55-64,2018,46.24073,
ITC48,EMP_R,2,Y55-64,2019,46.920052,
ITC48,EMP_R,2,Y55-64,2020,45.762104,
ITC48,EMP_R,2,Y55-64,2021,47.977314,
ITC48,EMP_R,2,Y55-64,2022,51.136391,
ITC48,EMP_R,2,Y55-64,2023,55.633002,
ITC48,EMP_R,2,Y55-64,2024,58.124437,
ITC48,EMP_R,2,Y55-64,2025,58.573638,
ITC48,EMP_R,9,Y15-24,2018,24.589068,
ITC48,EMP_R,9,Y15-24,2019,26.61157,
ITC48,EMP_R,9,Y15-24,2020,22.539301,
ITC48,EMP_R,9,Y15-24,2021,21.633047,
ITC48,EMP_R,9,Y15-24,2022,22.503232,
ITC48,EMP_R,9,Y15-24,2023,22.437707,
ITC48,EMP_R,9,Y15-24,2024,20.875853,
ITC48,EMP_R,9,Y15-24,2025,22.958915,
ITC48,EMP_R,9,Y15-29,2018,37.273179,
ITC48,EMP_R,9,Y15-29,2019,41.494732,
ITC48,EMP_R,9,Y15-29,2020,35.837935,
ITC48,EMP_R,9,Y15-29,2021,39.388042,
ITC48,EMP_R,9,Y15-29,2022,38.445459,
ITC48,EMP_R,9,Y15-29,2023,37.081369,
ITC48,EMP_R,9,Y15-29,2024,37.13156,
ITC48,EMP_R,9,Y15-29,2025,39.112405,
ITC48,EMP_R,9,Y15-64,2018,66.340129,
ITC48,EMP_R,9,Y15-64,2019,67.934765,
ITC48,EMP_R,9,Y15-64,2020,64.843926,
ITC48,EMP_R,9,Y15-64,2021,64.688116,
ITC48,EMP_R,9,Y15-64,2022,66.783457,
ITC48,EMP_R,9,Y15-64,2023,67.76257,
ITC48,EMP_R,9,Y15-64,2024,67.51415,
ITC48,EMP_R,9,Y15-64,2025,68.833947,
ITC48,EMP_R,9,Y15-89,2018,49.778084,
ITC48,EMP_R,9,Y15-89,2019,50.98622,
ITC48,EMP_R,9,Y15-89,2020,49.317207,
ITC48,EMP_R,9,Y15-89,2021,49.545266,
ITC48,EMP_R,9,Y15-89,2022,50.860099,
ITC48,EMP_R,9,Y15-89,2023,51.588341,
ITC48,EMP_R,9,Y15-89,2024,51.315707,
ITC48,EMP_R,9,Y15-89,2025,51.859507,
ITC48,EMP_R,9,Y18-29,2018,45.660397,
ITC48,EMP_R,9,Y18-29,2019,51.177941,
ITC48,EMP_R,9,Y18-29,2020,44.261261,
ITC48,EMP_R,9,Y18-29,2021,48.826347,
ITC48,EMP_R,9,Y18-29,2022,47.831852,
ITC48,EMP_R,9,Y18-29,2023,46.21031,
ITC48,EMP_R,9,Y18-29,2024,46.213113,
ITC48,EMP_R,9,Y18-29,2025,48.472258,
ITC48,EMP_R,9,Y20-64,2018,70.607615,
ITC48,EMP_R,9,Y20-64,2019,72.409886,
ITC48,EMP_R,9,Y20-64,2020,69.21605,
ITC48,EMP_R,9,Y20-64,2021,69.290931,
ITC48,EMP_R,9,Y20-64,2022,71.634453,
ITC48,EMP_R,9,Y20-64,2023,72.929321,
ITC48,EMP_R,9,Y20-64,2024,72.377364,
ITC48,EMP_R,9,Y20-64,2025,73.715147,
ITC48,EMP_R,9,Y25-34,2018,71.196657,
ITC48,EMP_R,9,Y25-34,2019,75.99412,
ITC48,EMP_R,9,Y25-34,2020,68.551984,
ITC48,EMP_R,9,Y25-34,2021,71.437611,
ITC48,EMP_R,9,Y25-34,2022,76.478439,
ITC48,EMP_R,9,Y25-34,2023,70.867434,
ITC48,EMP_R,9,Y25-34,2024,74.590372,
ITC48,EMP_R,9,Y25-34,2025,75.060862,
ITC48,EMP_R,9,Y35-44,2018,82.865348,
ITC48,EMP_R,9,Y35-44,2019,83.67861,
ITC48,EMP_R,9,Y35-44,2020,80.227971,
ITC48,EMP_R,9,Y35-44,2021,79.106401,
ITC48,EMP_R,9,Y35-44,2022,81.416385,
ITC48,EMP_R,9,Y35-44,2023,81.73432,
ITC48,EMP_R,9,Y35-44,2024,80.318559,
ITC48,EMP_R,9,Y35-44,2025,83.42944,
ITC48,EMP_R,9,Y45-54,2018,81.693579,
ITC48,EMP_R,9,Y45-54,2019,83.779739,
ITC48,EMP_R,9,Y45-54,2020,81.981552,
ITC48,EMP_R,9,Y45-54,2021,81.52961,
ITC48,EMP_R,9,Y45-54,2022,82.574774,
ITC48,EMP_R,9,Y45-54,2023,84.20482,
ITC48,EMP_R,9,Y45-54,2024,84.957243,
ITC48,EMP_R,9,Y45-54,2025,84.802216,
ITC48,EMP_R,9,Y55-64,2018,53.37975,
ITC48,EMP_R,9,Y55-64,2019,52.718917,
ITC48,EMP_R,9,Y55-64,2020,53.766116,
ITC48,EMP_R,9,Y55-64,2021,53.049464,
ITC48,EMP_R,9,Y55-64,2022,58.11765,
ITC48,EMP_R,9,Y55-64,2023,64.401313,
ITC48,EMP_R,9,Y55-64,2024,63.18393,
ITC48,EMP_R,9,Y55-64,2025,65.156884,
ITC49,EMP_R,1,Y15-24,2018,31.791745,
ITC49,EMP_R,1,Y15-24,2019,28.600768,
ITC49,EMP_R,1,Y15-24,2020,18.038546,
ITC49,EMP_R,1,Y15-24,2021,27.568058,
ITC49,EMP_R,1,Y15-24,2022,26.386583,
ITC49,EMP_R,1,Y15-24,2023,27.192982,
ITC49,EMP_R,1,Y15-24,2024,27.966834,
ITC49,EMP_R,1,Y15-24,2025,24.200035,
ITC49,EMP_R,1,Y15-29,2018,44.842092,
ITC49,EMP_R,1,Y15-29,2019,44.202679,
ITC49,EMP_R,1,Y15-29,2020,37.002299,
ITC49,EMP_R,1,Y15-29,2021,45.394226,
ITC49,EMP_R,1,Y15-29,2022,43.416559,
ITC49,EMP_R,1,Y15-29,2023,40.878751,
ITC49,EMP_R,1,Y15-29,2024,46.866982,
ITC49,EMP_R,1,Y15-29,2025,47.02874,
ITC49,EMP_R,1,Y15-64,2018,76.41009,
ITC49,EMP_R,1,Y15-64,2019,74.265651,
ITC49,EMP_R,1,Y15-64,2020,72.490414,
ITC49,EMP_R,1,Y15-64,2021,76.067647,
ITC49,EMP_R,1,Y15-64,2022,74.813637,
ITC49,EMP_R,1,Y15-64,2023,74.848265,
ITC49,EMP_R,1,Y15-64,2024,76.160557,
ITC49,EMP_R,1,Y15-64,2025,75.387615,
ITC49,EMP_R,1,Y15-89,2018,61.933829,
ITC49,EMP_R,1,Y15-89,2019,59.393057,
ITC49,EMP_R,1,Y15-89,2020,58.481079,
ITC49,EMP_R,1,Y15-89,2021,61.278132,
ITC49,EMP_R,1,Y15-89,2022,59.819434,
ITC49,EMP_R,1,Y15-89,2023,59.377819,
ITC49,EMP_R,1,Y15-89,2024,60.513085,
ITC49,EMP_R,1,Y15-89,2025,59.79076,
ITC49,EMP_R,1,Y18-29,2018,53.502582,
ITC49,EMP_R,1,Y18-29,2019,56.342707,
ITC49,EMP_R,1,Y18-29,2020,49.318493,
ITC49,EMP_R,1,Y18-29,2021,58.43397,
ITC49,EMP_R,1,Y18-29,2022,57.489279,
ITC49,EMP_R,1,Y18-29,2023,53.388417,
ITC49,EMP_R,1,Y18-29,2024,57.222416,
ITC49,EMP_R,1,Y18-29,2025,56.235044,
ITC49,EMP_R,1,Y20-64,2018,81.176981,
ITC49,EMP_R,1,Y20-64,2019,79.594005,
ITC49,EMP_R,1,Y20-64,2020,78.119795,
ITC49,EMP_R,1,Y20-64,2021,81.928099,
ITC49,EMP_R,1,Y20-64,2022,82.134522,
ITC49,EMP_R,1,Y20-64,2023,82.25701,
ITC49,EMP_R,1,Y20-64,2024,81.481057,
ITC49,EMP_R,1,Y20-64,2025,80.649281,
ITC49,EMP_R,1,Y25-34,2018,80.792096,
ITC49,EMP_R,1,Y25-34,2019,82.374252,
ITC49,EMP_R,1,Y25-34,2020,83.13984,
ITC49,EMP_R,1,Y25-34,2021,84.302326,
ITC49,EMP_R,1,Y25-34,2022,86.625634,
ITC49,EMP_R,1,Y25-34,2023,86.251771,
ITC49,EMP_R,1,Y25-34,2024,86.794935,
ITC49,EMP_R,1,Y25-34,2025,89.214202,
ITC49,EMP_R,1,Y35-44,2018,91.553202,
ITC49,EMP_R,1,Y35-44,2019,90.63084,
ITC49,EMP_R,1,Y35-44,2020,90.002689,
ITC49,EMP_R,1,Y35-44,2021,95.019289,
ITC49,EMP_R,1,Y35-44,2022,92.635369,
ITC49,EMP_R,1,Y35-44,2023,93.186695,
ITC49,EMP_R,1,Y35-44,2024,92.490571,
ITC49,EMP_R,1,Y35-44,2025,88.978666,
ITC49,EMP_R,1,Y45-54,2018,90.732611,
ITC49,EMP_R,1,Y45-54,2019,87.818112,
ITC49,EMP_R,1,Y45-54,2020,89.244081,
ITC49,EMP_R,1,Y45-54,2021,92.196503,
ITC49,EMP_R,1,Y45-54,2022,89.483768,
ITC49,EMP_R,1,Y45-54,2023,90.887097,
ITC49,EMP_R,1,Y45-54,2024,92.484791,
ITC49,EMP_R,1,Y45-54,2025,91.709171,
ITC49,EMP_R,1,Y55-64,2018,69.002479,
ITC49,EMP_R,1,Y55-64,2019,65.912384,
ITC49,EMP_R,1,Y55-64,2020,62.801626,
ITC49,EMP_R,1,Y55-64,2021,66.614655,
ITC49,EMP_R,1,Y55-64,2022,68.984827,
ITC49,EMP_R,1,Y55-64,2023,66.827103,
ITC49,EMP_R,1,Y55-64,2024,68.933441,
ITC49,EMP_R,1,Y55-64,2025,68.996624,
ITC49,EMP_R,2,Y15-24,2018,18.727811,
ITC49,EMP_R,2,Y15-24,2019,21.829268,
ITC49,EMP_R,2,Y15-24,2020,17.975334,
ITC49,EMP_R,2,Y15-24,2021,21.980516,
ITC49,EMP_R,2,Y15-24,2022,29.398573,
ITC49,EMP_R,2,Y15-24,2023,20.830351,
ITC49,EMP_R,2,Y15-24,2024,10.85463,
ITC49,EMP_R,2,Y15-24,2025,9.628791,
ITC49,EMP_R,2,Y15-29,2018,36.063291,
ITC49,EMP_R,2,Y15-29,2019,32.961422,
ITC49,EMP_R,2,Y15-29,2020,35.963486,
ITC49,EMP_R,2,Y15-29,2021,36.908182,
ITC49,EMP_R,2,Y15-29,2022,40.516546,
ITC49,EMP_R,2,Y15-29,2023,39.982803,
ITC49,EMP_R,2,Y15-29,2024,28.919182,
ITC49,EMP_R,2,Y15-29,2025,29.284126,
ITC49,EMP_R,2,Y15-64,2018,55.508982,
ITC49,EMP_R,2,Y15-64,2019,56.580506,
ITC49,EMP_R,2,Y15-64,2020,57.637398,
ITC49,EMP_R,2,Y15-64,2021,59.646203,
ITC49,EMP_R,2,Y15-64,2022,60.282219,
ITC49,EMP_R,2,Y15-64,2023,59.495426,
ITC49,EMP_R,2,Y15-64,2024,54.991926,
ITC49,EMP_R,2,Y15-64,2025,57.605881,
ITC49,EMP_R,2,Y15-89,2018,41.785935,
ITC49,EMP_R,2,Y15-89,2019,42.761736,
ITC49,EMP_R,2,Y15-89,2020,43.741601,
ITC49,EMP_R,2,Y15-89,2021,45.133888,
ITC49,EMP_R,2,Y15-89,2022,45.021323,
ITC49,EMP_R,2,Y15-89,2023,44.353299,
ITC49,EMP_R,2,Y15-89,2024,41.309885,
ITC49,EMP_R,2,Y15-89,2025,42.933531,
ITC49,EMP_R,2,Y18-29,2018,46.624662,
ITC49,EMP_R,2,Y18-29,2019,39.599055,
ITC49,EMP_R,2,Y18-29,2020,42.01607,
ITC49,EMP_R,2,Y18-29,2021,44.498833,
ITC49,EMP_R,2,Y18-29,2022,48.187255,
ITC49,EMP_R,2,Y18-29,2023,48.286604,
ITC49,EMP_R,2,Y18-29,2024,37.32328,
ITC49,EMP_R,2,Y18-29,2025,38.811439,
ITC49,EMP_R,2,Y20-64,2018,59.527063,
ITC49,EMP_R,2,Y20-64,2019,60.200398,
ITC49,EMP_R,2,Y20-64,2020,60.964536,
ITC49,EMP_R,2,Y20-64,2021,64.013747,
ITC49,EMP_R,2,Y20-64,2022,64.471824,
ITC49,EMP_R,2,Y20-64,2023,63.748226,
ITC49,EMP_R,2,Y20-64,2024,59.41702,
ITC49,EMP_R,2,Y20-64,2025,63.545114,
ITC49,EMP_R,2,Y25-34,2018,69.999215,
ITC49,EMP_R,2,Y25-34,2019,62.748644,
ITC49,EMP_R,2,Y25-34,2020,64.177226,
ITC49,EMP_R,2,Y25-34,2021,64.25859,
ITC49,EMP_R,2,Y25-34,2022,62.691729,
ITC49,EMP_R,2,Y25-34,2023,66.336143,
ITC49,EMP_R,2,Y25-34,2024,63.57275,
ITC49,EMP_R,2,Y25-34,2025,62.022415,
ITC49,EMP_R,2,Y35-44,2018,70.48878,
ITC49,EMP_R,2,Y35-44,2019,73.174733,
ITC49,EMP_R,2,Y35-44,2020,71.098071,
ITC49,EMP_R,2,Y35-44,2021,72.797979,
ITC49,EMP_R,2,Y35-44,2022,74.538876,
ITC49,EMP_R,2,Y35-44,2023,74.935962,
ITC49,EMP_R,2,Y35-44,2024,67.181246,
ITC49,EMP_R,2,Y35-44,2025,71.226903,
ITC49,EMP_R,2,Y45-54,2018,67.459122,
ITC49,EMP_R,2,Y45-54,2019,70.029368,
ITC49,EMP_R,2,Y45-54,2020,68.686249,
ITC49,EMP_R,2,Y45-54,2021,71.780572,
ITC49,EMP_R,2,Y45-54,2022,70.998466,
ITC49,EMP_R,2,Y45-54,2023,69.467849,
ITC49,EMP_R,2,Y45-54,2024,71.550785,
ITC49,EMP_R,2,Y45-54,2025,75.487678,
ITC49,EMP_R,2,Y55-64,2018,37.25344,
ITC49,EMP_R,2,Y55-64,2019,39.731668,
ITC49,EMP_R,2,Y55-64,2020,48.714306,
ITC49,EMP_R,2,Y55-64,2021,53.863666,
ITC49,EMP_R,2,Y55-64,2022,51.647205,
ITC49,EMP_R,2,Y55-64,2023,53.63115,
ITC49,EMP_R,2,Y55-64,2024,50.631567,
ITC49,EMP_R,2,Y55-64,2025,56.827141,
ITC49,EMP_R,9,Y15-24,2018,25.423077,
ITC49,EMP_R,9,Y15-24,2019,25.433718,
ITC49,EMP_R,9,Y15-24,2020,18.008192,
ITC49,EMP_R,9,Y15-24,2021,24.832122,
ITC49,EMP_R,9,Y15-24,2022,27.738629,
ITC49,EMP_R,9,Y15-24,2023,24.390903,
ITC49,EMP_R,9,Y15-24,2024,19.662147,
ITC49,EMP_R,9,Y15-24,2025,16.90233,
ITC49,EMP_R,9,Y15-29,2018,40.534749,
ITC49,EMP_R,9,Y15-29,2019,38.692334,
ITC49,EMP_R,9,Y15-29,2020,36.490268,
ITC49,EMP_R,9,Y15-29,2021,41.244387,
ITC49,EMP_R,9,Y15-29,2022,42.004896,
ITC49,EMP_R,9,Y15-29,2023,40.443436,
ITC49,EMP_R,9,Y15-29,2024,38.184387,
ITC49,EMP_R,9,Y15-29,2025,38.502859,
ITC49,EMP_R,9,Y15-64,2018,66.109151,
ITC49,EMP_R,9,Y15-64,2019,65.552535,
ITC49,EMP_R,9,Y15-64,2020,65.168964,
ITC49,EMP_R,9,Y15-64,2021,67.989323,
ITC49,EMP_R,9,Y15-64,2022,67.685092,
ITC49,EMP_R,9,Y15-64,2023,67.333521,
ITC49,EMP_R,9,Y15-64,2024,65.801771,
ITC49,EMP_R,9,Y15-64,2025,66.712402,
ITC49,EMP_R,9,Y15-89,2018,51.70832,
ITC49,EMP_R,9,Y15-89,2019,50.99549,
ITC49,EMP_R,9,Y15-89,2020,51.039911,
ITC49,EMP_R,9,Y15-89,2021,53.124918,
ITC49,EMP_R,9,Y15-89,2022,52.363288,
ITC49,EMP_R,9,Y15-89,2023,51.827815,
ITC49,EMP_R,9,Y15-89,2024,50.858068,
ITC49,EMP_R,9,Y15-89,2025,51.333011,
ITC49,EMP_R,9,Y18-29,2018,50.265712,
ITC49,EMP_R,9,Y18-29,2019,47.914668,
ITC49,EMP_R,9,Y18-29,2020,45.486604,
ITC49,EMP_R,9,Y18-29,2021,51.347936,
ITC49,EMP_R,9,Y18-29,2022,52.71162,
ITC49,EMP_R,9,Y18-29,2023,50.809777,
ITC49,EMP_R,9,Y18-29,2024,47.874225,
ITC49,EMP_R,9,Y18-29,2025,48.309599,
ITC49,EMP_R,9,Y20-64,2018,70.55574,
ITC49,EMP_R,9,Y20-64,2019,70.036978,
ITC49,EMP_R,9,Y20-64,2020,69.594614,
ITC49,EMP_R,9,Y20-64,2021,73.077322,
ITC49,EMP_R,9,Y20-64,2022,73.326383,
ITC49,EMP_R,9,Y20-64,2023,73.078421,
ITC49,EMP_R,9,Y20-64,2024,70.714218,
ITC49,EMP_R,9,Y20-64,2025,72.446561,
ITC49,EMP_R,9,Y25-34,2018,75.225937,
ITC49,EMP_R,9,Y25-34,2019,72.669591,
ITC49,EMP_R,9,Y25-34,2020,74.196612,
ITC49,EMP_R,9,Y25-34,2021,74.754026,
ITC49,EMP_R,9,Y25-34,2022,74.055207,
ITC49,EMP_R,9,Y25-34,2023,75.184923,
ITC49,EMP_R,9,Y25-34,2024,75.055906,
ITC49,EMP_R,9,Y25-34,2025,75.680358,
ITC49,EMP_R,9,Y35-44,2018,80.889539,
ITC49,EMP_R,9,Y35-44,2019,81.814124,
ITC49,EMP_R,9,Y35-44,2020,80.565657,
ITC49,EMP_R,9,Y35-44,2021,83.707713,
ITC49,EMP_R,9,Y35-44,2022,83.782752,
ITC49,EMP_R,9,Y35-44,2023,84.723871,
ITC49,EMP_R,9,Y35-44,2024,81.052748,
ITC49,EMP_R,9,Y35-44,2025,80.291627,
ITC49,EMP_R,9,Y45-54,2018,79.878192,
ITC49,EMP_R,9,Y45-54,2019,79.234497,
ITC49,EMP_R,9,Y45-54,2020,78.489018,
ITC49,EMP_R,9,Y45-54,2021,82.004556,
ITC49,EMP_R,9,Y45-54,2022,80.213861,
ITC49,EMP_R,9,Y45-54,2023,80.683738,
ITC49,EMP_R,9,Y45-54,2024,82.218065,
ITC49,EMP_R,9,Y45-54,2025,84.115856,
ITC49,EMP_R,9,Y55-64,2018,53.219231,
ITC49,EMP_R,9,Y55-64,2019,52.571738,
ITC49,EMP_R,9,Y55-64,2020,56.15235,
ITC49,EMP_R,9,Y55-64,2021,60.498798,
ITC49,EMP_R,9,Y55-64,2022,60.661949,
ITC49,EMP_R,9,Y55-64,2023,60.11424,
ITC49,EMP_R,9,Y55-64,2024,59.630682,
ITC49,EMP_R,9,Y55-64,2025,62.987855,
ITC4A,EMP_R,1,Y15-24,2018,30.437268,
ITC4A,EMP_R,1,Y15-24,2019,28.184524,
ITC4A,EMP_R,1,Y15-24,2020,28.933388,
ITC4A,EMP_R,1,Y15-24,2021,37.688524,
ITC4A,EMP_R,1,Y15-24,2022,34.31127,
ITC4A,EMP_R,1,Y15-24,2023,41.231433,
ITC4A,EMP_R,1,Y15-24,2024,40.577007,
ITC4A,EMP_R,1,Y15-24,2025,28.481351,
ITC4A,EMP_R,1,Y15-29,2018,44.165581,
ITC4A,EMP_R,1,Y15-29,2019,44.59836,
ITC4A,EMP_R,1,Y15-29,2020,41.602678,
ITC4A,EMP_R,1,Y15-29,2021,49.12391,
ITC4A,EMP_R,1,Y15-29,2022,53.612846,
ITC4A,EMP_R,1,Y15-29,2023,52.729852,
ITC4A,EMP_R,1,Y15-29,2024,50.317077,
ITC4A,EMP_R,1,Y15-29,2025,44.516057,
ITC4A,EMP_R,1,Y15-64,2018,76.403626,
ITC4A,EMP_R,1,Y15-64,2019,76.280091,
ITC4A,EMP_R,1,Y15-64,2020,71.448495,
ITC4A,EMP_R,1,Y15-64,2021,72.44025,
ITC4A,EMP_R,1,Y15-64,2022,74.507477,
ITC4A,EMP_R,1,Y15-64,2023,78.420632,
ITC4A,EMP_R,1,Y15-64,2024,78.659637,
ITC4A,EMP_R,1,Y15-64,2025,77.507875,
ITC4A,EMP_R,1,Y15-89,2018,59.542767,
ITC4A,EMP_R,1,Y15-89,2019,59.603719,
ITC4A,EMP_R,1,Y15-89,2020,55.354756,
ITC4A,EMP_R,1,Y15-89,2021,55.197094,
ITC4A,EMP_R,1,Y15-89,2022,56.839239,
ITC4A,EMP_R,1,Y15-89,2023,60.702944,
ITC4A,EMP_R,1,Y15-89,2024,60.478941,
ITC4A,EMP_R,1,Y15-89,2025,58.852916,
ITC4A,EMP_R,1,Y18-29,2018,56.806416,
ITC4A,EMP_R,1,Y18-29,2019,54.56073,
ITC4A,EMP_R,1,Y18-29,2020,53.350502,
ITC4A,EMP_R,1,Y18-29,2021,60.634274,
ITC4A,EMP_R,1,Y18-29,2022,65.969948,
ITC4A,EMP_R,1,Y18-29,2023,67.268281,
ITC4A,EMP_R,1,Y18-29,2024,63.127486,
ITC4A,EMP_R,1,Y18-29,2025,55.32385,
ITC4A,EMP_R,1,Y20-64,2018,82.829492,
ITC4A,EMP_R,1,Y20-64,2019,82.226459,
ITC4A,EMP_R,1,Y20-64,2020,76.580063,
ITC4A,EMP_R,1,Y20-64,2021,77.858902,
ITC4A,EMP_R,1,Y20-64,2022,80.022311,
ITC4A,EMP_R,1,Y20-64,2023,84.335378,
ITC4A,EMP_R,1,Y20-64,2024,84.58821,
ITC4A,EMP_R,1,Y20-64,2025,83.728458,
ITC4A,EMP_R,1,Y25-34,2018,77.28011,
ITC4A,EMP_R,1,Y25-34,2019,80.045073,
ITC4A,EMP_R,1,Y25-34,2020,79.526891,
ITC4A,EMP_R,1,Y25-34,2021,83.753909,
ITC4A,EMP_R,1,Y25-34,2022,88.544311,
ITC4A,EMP_R,1,Y25-34,2023,83.260882,
ITC4A,EMP_R,1,Y25-34,2024,79.738391,
ITC4A,EMP_R,1,Y25-34,2025,79.346154,
ITC4A,EMP_R,1,Y35-44,2018,95.969034,
ITC4A,EMP_R,1,Y35-44,2019,96.397564,
ITC4A,EMP_R,1,Y35-44,2020,88.847309,
ITC4A,EMP_R,1,Y35-44,2021,84.764471,
ITC4A,EMP_R,1,Y35-44,2022,86.417571,
ITC4A,EMP_R,1,Y35-44,2023,90.752303,
ITC4A,EMP_R,1,Y35-44,2024,96.391003,
ITC4A,EMP_R,1,Y35-44,2025,94.818076,
ITC4A,EMP_R,1,Y45-54,2018,93.616807,
ITC4A,EMP_R,1,Y45-54,2019,95.480853,
ITC4A,EMP_R,1,Y45-54,2020,92.529923,
ITC4A,EMP_R,1,Y45-54,2021,90.688664,
ITC4A,EMP_R,1,Y45-54,2022,89.813097,
ITC4A,EMP_R,1,Y45-54,2023,94.883129,
ITC4A,EMP_R,1,Y45-54,2024,92.385001,
ITC4A,EMP_R,1,Y45-54,2025,94.10172,
ITC4A,EMP_R,1,Y55-64,2018,66.25189,
ITC4A,EMP_R,1,Y55-64,2019,64.47461,
ITC4A,EMP_R,1,Y55-64,2020,54.698203,
ITC4A,EMP_R,1,Y55-64,2021,57.869493,
ITC4A,EMP_R,1,Y55-64,2022,63.054856,
ITC4A,EMP_R,1,Y55-64,2023,70.39268,
ITC4A,EMP_R,1,Y55-64,2024,74.332807,
ITC4A,EMP_R,1,Y55-64,2025,75.650247,
ITC4A,EMP_R,2,Y15-24,2018,20.603701,
ITC4A,EMP_R,2,Y15-24,2019,22.673741,
ITC4A,EMP_R,2,Y15-24,2020,13.589727,
ITC4A,EMP_R,2,Y15-24,2021,23.65372,
ITC4A,EMP_R,2,Y15-24,2022,25.814394,
ITC4A,EMP_R,2,Y15-24,2023,24.567666,
ITC4A,EMP_R,2,Y15-24,2024,23.276723,
ITC4A,EMP_R,2,Y15-24,2025,23.325482,
ITC4A,EMP_R,2,Y15-29,2018,40.969381,
ITC4A,EMP_R,2,Y15-29,2019,39.057977,
ITC4A,EMP_R,2,Y15-29,2020,29.381251,
ITC4A,EMP_R,2,Y15-29,2021,36.46538,
ITC4A,EMP_R,2,Y15-29,2022,35.533737,
ITC4A,EMP_R,2,Y15-29,2023,34.717028,
ITC4A,EMP_R,2,Y15-29,2024,34.31526,
ITC4A,EMP_R,2,Y15-29,2025,36.167518,
ITC4A,EMP_R,2,Y15-64,2018,57.406684,
ITC4A,EMP_R,2,Y15-64,2019,57.352552,
ITC4A,EMP_R,2,Y15-64,2020,53.641157,
ITC4A,EMP_R,2,Y15-64,2021,55.671629,
ITC4A,EMP_R,2,Y15-64,2022,55.788965,
ITC4A,EMP_R,2,Y15-64,2023,59.33854,
ITC4A,EMP_R,2,Y15-64,2024,61.577183,
ITC4A,EMP_R,2,Y15-64,2025,59.852217,
ITC4A,EMP_R,2,Y15-89,2018,41.744278,
ITC4A,EMP_R,2,Y15-89,2019,41.961384,
ITC4A,EMP_R,2,Y15-89,2020,39.159171,
ITC4A,EMP_R,2,Y15-89,2021,40.787852,
ITC4A,EMP_R,2,Y15-89,2022,40.223431,
ITC4A,EMP_R,2,Y15-89,2023,42.421406,
ITC4A,EMP_R,2,Y15-89,2024,44.060141,
ITC4A,EMP_R,2,Y15-89,2025,43.203162,
ITC4A,EMP_R,2,Y18-29,2018,48.842365,
ITC4A,EMP_R,2,Y18-29,2019,48.652965,
ITC4A,EMP_R,2,Y18-29,2020,34.945706,
ITC4A,EMP_R,2,Y18-29,2021,45.311608,
ITC4A,EMP_R,2,Y18-29,2022,44.168052,
ITC4A,EMP_R,2,Y18-29,2023,42.19697,
ITC4A,EMP_R,2,Y18-29,2024,42.404032,
ITC4A,EMP_R,2,Y18-29,2025,45.255624,
ITC4A,EMP_R,2,Y20-64,2018,60.679187,
ITC4A,EMP_R,2,Y20-64,2019,61.368172,
ITC4A,EMP_R,2,Y20-64,2020,56.694377,
ITC4A,EMP_R,2,Y20-64,2021,59.420677,
ITC4A,EMP_R,2,Y20-64,2022,59.610611,
ITC4A,EMP_R,2,Y20-64,2023,63.718182,
ITC4A,EMP_R,2,Y20-64,2024,65.981032,
ITC4A,EMP_R,2,Y20-64,2025,64.655641,
ITC4A,EMP_R,2,Y25-34,2018,72.527747,
ITC4A,EMP_R,2,Y25-34,2019,73.243307,
ITC4A,EMP_R,2,Y25-34,2020,59.883603,
ITC4A,EMP_R,2,Y25-34,2021,65.064645,
ITC4A,EMP_R,2,Y25-34,2022,72.184386,
ITC4A,EMP_R,2,Y25-34,2023,69.250272,
ITC4A,EMP_R,2,Y25-34,2024,60.187753,
ITC4A,EMP_R,2,Y25-34,2025,68.189203,
ITC4A,EMP_R,2,Y35-44,2018,68.885456,
ITC4A,EMP_R,2,Y35-44,2019,75.494821,
ITC4A,EMP_R,2,Y35-44,2020,81.146673,
ITC4A,EMP_R,2,Y35-44,2021,71.733459,
ITC4A,EMP_R,2,Y35-44,2022,71.354584,
ITC4A,EMP_R,2,Y35-44,2023,76.548819,
ITC4A,EMP_R,2,Y35-44,2024,83.087764,
ITC4A,EMP_R,2,Y35-44,2025,74.028455,
ITC4A,EMP_R,2,Y45-54,2018,68.644068,
ITC4A,EMP_R,2,Y45-54,2019,66.862849,
ITC4A,EMP_R,2,Y45-54,2020,69.829081,
ITC4A,EMP_R,2,Y45-54,2021,69.463122,
ITC4A,EMP_R,2,Y45-54,2022,67.178708,
ITC4A,EMP_R,2,Y45-54,2023,75.178795,
ITC4A,EMP_R,2,Y45-54,2024,72.282353,
ITC4A,EMP_R,2,Y45-54,2025,74.351585,
ITC4A,EMP_R,2,Y55-64,2018,43.216702,
ITC4A,EMP_R,2,Y55-64,2019,41.411307,
ITC4A,EMP_R,2,Y55-64,2020,35.668,
ITC4A,EMP_R,2,Y55-64,2021,39.389049,
ITC4A,EMP_R,2,Y55-64,2022,38.431281,
ITC4A,EMP_R,2,Y55-64,2023,44.37288,
ITC4A,EMP_R,2,Y55-64,2024,55.132825,
ITC4A,EMP_R,2,Y55-64,2025,50.237192,
ITC4A,EMP_R,9,Y15-24,2018,25.957619,
ITC4A,EMP_R,9,Y15-24,2019,25.544119,
ITC4A,EMP_R,9,Y15-24,2020,21.742772,
ITC4A,EMP_R,9,Y15-24,2021,31.360385,
ITC4A,EMP_R,9,Y15-24,2022,30.183993,
ITC4A,EMP_R,9,Y15-24,2023,33.012597,
ITC4A,EMP_R,9,Y15-24,2024,32.764844,
ITC4A,EMP_R,9,Y15-24,2025,25.92304,
ITC4A,EMP_R,9,Y15-29,2018,42.602236,
ITC4A,EMP_R,9,Y15-29,2019,41.899565,
ITC4A,EMP_R,9,Y15-29,2020,35.652227,
ITC4A,EMP_R,9,Y15-29,2021,42.98583,
ITC4A,EMP_R,9,Y15-29,2022,44.909288,
ITC4A,EMP_R,9,Y15-29,2023,44.085507,
ITC4A,EMP_R,9,Y15-29,2024,42.666063,
ITC4A,EMP_R,9,Y15-29,2025,40.544374,
ITC4A,EMP_R,9,Y15-64,2018,67.015347,
ITC4A,EMP_R,9,Y15-64,2019,66.941844,
ITC4A,EMP_R,9,Y15-64,2020,62.658047,
ITC4A,EMP_R,9,Y15-64,2021,64.169698,
ITC4A,EMP_R,9,Y15-64,2022,65.303455,
ITC4A,EMP_R,9,Y15-64,2023,69.056112,
ITC4A,EMP_R,9,Y15-64,2024,70.283539,
ITC4A,EMP_R,9,Y15-64,2025,68.872513,
ITC4A,EMP_R,9,Y15-89,2018,50.489782,
ITC4A,EMP_R,9,Y15-89,2019,50.671426,
ITC4A,EMP_R,9,Y15-89,2020,47.159078,
ITC4A,EMP_R,9,Y15-89,2021,47.923891,
ITC4A,EMP_R,9,Y15-89,2022,48.443461,
ITC4A,EMP_R,9,Y15-89,2023,51.459256,
ITC4A,EMP_R,9,Y15-89,2024,52.185824,
ITC4A,EMP_R,9,Y15-89,2025,51.012935,
ITC4A,EMP_R,9,Y18-29,2018,52.762362,
ITC4A,EMP_R,9,Y18-29,2019,51.709657,
ITC4A,EMP_R,9,Y18-29,2020,44.043132,
ITC4A,EMP_R,9,Y18-29,2021,53.22989,
ITC4A,EMP_R,9,Y18-29,2022,55.47976,
ITC4A,EMP_R,9,Y18-29,2023,54.934897,
ITC4A,EMP_R,9,Y18-29,2024,53.140488,
ITC4A,EMP_R,9,Y18-29,2025,50.551074,
ITC4A,EMP_R,9,Y20-64,2018,71.680222,
ITC4A,EMP_R,9,Y20-64,2019,71.905554,
ITC4A,EMP_R,9,Y20-64,2020,66.678516,
ITC4A,EMP_R,9,Y20-64,2021,68.699857,
ITC4A,EMP_R,9,Y20-64,2022,69.956244,
ITC4A,EMP_R,9,Y20-64,2023,74.18078,
ITC4A,EMP_R,9,Y20-64,2024,75.426739,
ITC4A,EMP_R,9,Y20-64,2025,74.361536,
ITC4A,EMP_R,9,Y25-34,2018,74.640378,
ITC4A,EMP_R,9,Y25-34,2019,76.511851,
ITC4A,EMP_R,9,Y25-34,2020,69.474802,
ITC4A,EMP_R,9,Y25-34,2021,74.074464,
ITC4A,EMP_R,9,Y25-34,2022,80.540123,
ITC4A,EMP_R,9,Y25-34,2023,76.397883,
ITC4A,EMP_R,9,Y25-34,2024,68.969975,
ITC4A,EMP_R,9,Y25-34,2025,74.128757,
ITC4A,EMP_R,9,Y35-44,2018,83.225976,
ITC4A,EMP_R,9,Y35-44,2019,86.302318,
ITC4A,EMP_R,9,Y35-44,2020,85.10605,
ITC4A,EMP_R,9,Y35-44,2021,78.197142,
ITC4A,EMP_R,9,Y35-44,2022,79.308966,
ITC4A,EMP_R,9,Y35-44,2023,83.938953,
ITC4A,EMP_R,9,Y35-44,2024,90.208333,
ITC4A,EMP_R,9,Y35-44,2025,84.619936,
ITC4A,EMP_R,9,Y45-54,2018,81.542762,
ITC4A,EMP_R,9,Y45-54,2019,82.300157,
ITC4A,EMP_R,9,Y45-54,2020,82.011665,
ITC4A,EMP_R,9,Y45-54,2021,80.478241,
ITC4A,EMP_R,9,Y45-54,2022,78.521248,
ITC4A,EMP_R,9,Y45-54,2023,85.23599,
ITC4A,EMP_R,9,Y45-54,2024,81.986055,
ITC4A,EMP_R,9,Y45-54,2025,84.114129,
ITC4A,EMP_R,9,Y55-64,2018,54.46698,
ITC4A,EMP_R,9,Y55-64,2019,52.359992,
ITC4A,EMP_R,9,Y55-64,2020,44.569253,
ITC4A,EMP_R,9,Y55-64,2021,48.406641,
ITC4A,EMP_R,9,Y55-64,2022,50.585729,
ITC4A,EMP_R,9,Y55-64,2023,57.383548,
ITC4A,EMP_R,9,Y55-64,2024,65.36678,
ITC4A,EMP_R,9,Y55-64,2025,63.480615,
ITC4B,EMP_R,1,Y15-24,2018,29.629243,
ITC4B,EMP_R,1,Y15-24,2019,34.574294,
ITC4B,EMP_R,1,Y15-24,2020,28.917576,
ITC4B,EMP_R,1,Y15-24,2021,28.62515,
ITC4B,EMP_R,1,Y15-24,2022,30.278723,
ITC4B,EMP_R,1,Y15-24,2023,33.250771,
ITC4B,EMP_R,1,Y15-24,2024,39.214427,
ITC4B,EMP_R,1,Y15-24,2025,38.932092,
ITC4B,EMP_R,1,Y15-29,2018,45.824953,
ITC4B,EMP_R,1,Y15-29,2019,50.025794,
ITC4B,EMP_R,1,Y15-29,2020,46.89341,
ITC4B,EMP_R,1,Y15-29,2021,46.1963,
ITC4B,EMP_R,1,Y15-29,2022,50.150602,
ITC4B,EMP_R,1,Y15-29,2023,53.954178,
ITC4B,EMP_R,1,Y15-29,2024,55.71066,
ITC4B,EMP_R,1,Y15-29,2025,56.551084,
ITC4B,EMP_R,1,Y15-64,2018,75.681513,
ITC4B,EMP_R,1,Y15-64,2019,76.85682,
ITC4B,EMP_R,1,Y15-64,2020,75.212687,
ITC4B,EMP_R,1,Y15-64,2021,75.838044,
ITC4B,EMP_R,1,Y15-64,2022,78.380043,
ITC4B,EMP_R,1,Y15-64,2023,77.012889,
ITC4B,EMP_R,1,Y15-64,2024,78.529153,
ITC4B,EMP_R,1,Y15-64,2025,80.251507,
ITC4B,EMP_R,1,Y15-89,2018,61.065753,
ITC4B,EMP_R,1,Y15-89,2019,61.740955,
ITC4B,EMP_R,1,Y15-89,2020,60.969361,
ITC4B,EMP_R,1,Y15-89,2021,60.853542,
ITC4B,EMP_R,1,Y15-89,2022,62.184977,
ITC4B,EMP_R,1,Y15-89,2023,61.096737,
ITC4B,EMP_R,1,Y15-89,2024,62.301789,
ITC4B,EMP_R,1,Y15-89,2025,63.300291,
ITC4B,EMP_R,1,Y18-29,2018,56.414551,
ITC4B,EMP_R,1,Y18-29,2019,59.823154,
ITC4B,EMP_R,1,Y18-29,2020,57.054126,
ITC4B,EMP_R,1,Y18-29,2021,56.193145,
ITC4B,EMP_R,1,Y18-29,2022,62.583183,
ITC4B,EMP_R,1,Y18-29,2023,65.892347,
ITC4B,EMP_R,1,Y18-29,2024,69.262631,
ITC4B,EMP_R,1,Y18-29,2025,69.267262,
ITC4B,EMP_R,1,Y20-64,2018,80.832588,
ITC4B,EMP_R,1,Y20-64,2019,81.442819,
ITC4B,EMP_R,1,Y20-64,2020,80.563617,
ITC4B,EMP_R,1,Y20-64,2021,81.589077,
ITC4B,EMP_R,1,Y20-64,2022,84.455712,
ITC4B,EMP_R,1,Y20-64,2023,82.17141,
ITC4B,EMP_R,1,Y20-64,2024,83.934918,
ITC4B,EMP_R,1,Y20-64,2025,86.001587,
ITC4B,EMP_R,1,Y25-34,2018,82.705256,
ITC4B,EMP_R,1,Y25-34,2019,85.553156,
ITC4B,EMP_R,1,Y25-34,2020,85.572496,
ITC4B,EMP_R,1,Y25-34,2021,88.638187,
ITC4B,EMP_R,1,Y25-34,2022,89.87136,
ITC4B,EMP_R,1,Y25-34,2023,90.983258,
ITC4B,EMP_R,1,Y25-34,2024,88.03207,
ITC4B,EMP_R,1,Y25-34,2025,92.443909,
ITC4B,EMP_R,1,Y35-44,2018,92.911651,
ITC4B,EMP_R,1,Y35-44,2019,91.502584,
ITC4B,EMP_R,1,Y35-44,2020,93.331734,
ITC4B,EMP_R,1,Y35-44,2021,91.710934,
ITC4B,EMP_R,1,Y35-44,2022,93.774681,
ITC4B,EMP_R,1,Y35-44,2023,96.842985,
ITC4B,EMP_R,1,Y35-44,2024,95.577406,
ITC4B,EMP_R,1,Y35-44,2025,94.894596,
ITC4B,EMP_R,1,Y45-54,2018,90.047119,
ITC4B,EMP_R,1,Y45-54,2019,90.932586,
ITC4B,EMP_R,1,Y45-54,2020,92.073791,
ITC4B,EMP_R,1,Y45-54,2021,93.404362,
ITC4B,EMP_R,1,Y45-54,2022,94.393191,
ITC4B,EMP_R,1,Y45-54,2023,90.040143,
ITC4B,EMP_R,1,Y45-54,2024,91.573186,
ITC4B,EMP_R,1,Y45-54,2025,93.561999,
ITC4B,EMP_R,1,Y55-64,2018,64.364171,
ITC4B,EMP_R,1,Y55-64,2019,62.863517,
ITC4B,EMP_R,1,Y55-64,2020,61.269638,
ITC4B,EMP_R,1,Y55-64,2021,63.815,
ITC4B,EMP_R,1,Y55-64,2022,71.429037,
ITC4B,EMP_R,1,Y55-64,2023,66.970359,
ITC4B,EMP_R,1,Y55-64,2024,70.601039,
ITC4B,EMP_R,1,Y55-64,2025,73.27046,
ITC4B,EMP_R,2,Y15-24,2018,18.196789,
ITC4B,EMP_R,2,Y15-24,2019,21.732439,
ITC4B,EMP_R,2,Y15-24,2020,20.106713,
ITC4B,EMP_R,2,Y15-24,2021,14.745665,
ITC4B,EMP_R,2,Y15-24,2022,17.533146,
ITC4B,EMP_R,2,Y15-24,2023,18.331732,
ITC4B,EMP_R,2,Y15-24,2024,19.711952,
ITC4B,EMP_R,2,Y15-24,2025,20.312835,
ITC4B,EMP_R,2,Y15-29,2018,30.718319,
ITC4B,EMP_R,2,Y15-29,2019,35.579254,
ITC4B,EMP_R,2,Y15-29,2020,30.132119,
ITC4B,EMP_R,2,Y15-29,2021,34.17221,
ITC4B,EMP_R,2,Y15-29,2022,34.09066,
ITC4B,EMP_R,2,Y15-29,2023,35.056479,
ITC4B,EMP_R,2,Y15-29,2024,35.613646,
ITC4B,EMP_R,2,Y15-29,2025,32.828784,
ITC4B,EMP_R,2,Y15-64,2018,56.580001,
ITC4B,EMP_R,2,Y15-64,2019,59.262292,
ITC4B,EMP_R,2,Y15-64,2020,56.308107,
ITC4B,EMP_R,2,Y15-64,2021,55.658347,
ITC4B,EMP_R,2,Y15-64,2022,60.19405,
ITC4B,EMP_R,2,Y15-64,2023,60.411309,
ITC4B,EMP_R,2,Y15-64,2024,58.989817,
ITC4B,EMP_R,2,Y15-64,2025,56.783682,
ITC4B,EMP_R,2,Y15-89,2018,41.160959,
ITC4B,EMP_R,2,Y15-89,2019,43.30007,
ITC4B,EMP_R,2,Y15-89,2020,41.327468,
ITC4B,EMP_R,2,Y15-89,2021,40.590264,
ITC4B,EMP_R,2,Y15-89,2022,43.46066,
ITC4B,EMP_R,2,Y15-89,2023,43.815818,
ITC4B,EMP_R,2,Y15-89,2024,42.881653,
ITC4B,EMP_R,2,Y15-89,2025,41.89772,
ITC4B,EMP_R,2,Y18-29,2018,38.298368,
ITC4B,EMP_R,2,Y18-29,2019,45.268063,
ITC4B,EMP_R,2,Y18-29,2020,37.629986,
ITC4B,EMP_R,2,Y18-29,2021,41.896606,
ITC4B,EMP_R,2,Y18-29,2022,42.694419,
ITC4B,EMP_R,2,Y18-29,2023,45.254017,
ITC4B,EMP_R,2,Y18-29,2024,44.388483,
ITC4B,EMP_R,2,Y18-29,2025,41.579491,
ITC4B,EMP_R,2,Y20-64,2018,60.962567,
ITC4B,EMP_R,2,Y20-64,2019,64.000277,
ITC4B,EMP_R,2,Y20-64,2020,60.449698,
ITC4B,EMP_R,2,Y20-64,2021,59.853415,
ITC4B,EMP_R,2,Y20-64,2022,64.797731,
ITC4B,EMP_R,2,Y20-64,2023,65.732115,
ITC4B,EMP_R,2,Y20-64,2024,63.585785,
ITC4B,EMP_R,2,Y20-64,2025,60.834501,
ITC4B,EMP_R,2,Y25-34,2018,58.079208,
ITC4B,EMP_R,2,Y25-34,2019,68.665644,
ITC4B,EMP_R,2,Y25-34,2020,56.66214,
ITC4B,EMP_R,2,Y25-34,2021,59.501385,
ITC4B,EMP_R,2,Y25-34,2022,69.166494,
ITC4B,EMP_R,2,Y25-34,2023,66.623286,
ITC4B,EMP_R,2,Y25-34,2024,65.606905,
ITC4B,EMP_R,2,Y25-34,2025,64.094115,
ITC4B,EMP_R,2,Y35-44,2018,73.977327,
ITC4B,EMP_R,2,Y35-44,2019,73.53958,
ITC4B,EMP_R,2,Y35-44,2020,71.830774,
ITC4B,EMP_R,2,Y35-44,2021,77.554863,
ITC4B,EMP_R,2,Y35-44,2022,78.622862,
ITC4B,EMP_R,2,Y35-44,2023,75.660834,
ITC4B,EMP_R,2,Y35-44,2024,76.500301,
ITC4B,EMP_R,2,Y35-44,2025,75.328598,
ITC4B,EMP_R,2,Y45-54,2018,69.124283,
ITC4B,EMP_R,2,Y45-54,2019,69.837608,
ITC4B,EMP_R,2,Y45-54,2020,67.824304,
ITC4B,EMP_R,2,Y45-54,2021,68.299161,
ITC4B,EMP_R,2,Y45-54,2022,77.789377,
ITC4B,EMP_R,2,Y45-54,2023,73.922329,
ITC4B,EMP_R,2,Y45-54,2024,69.201052,
ITC4B,EMP_R,2,Y45-54,2025,68.389296,
ITC4B,EMP_R,2,Y55-64,2018,45.64478,
ITC4B,EMP_R,2,Y55-64,2019,50.315199,
ITC4B,EMP_R,2,Y55-64,2020,52.371007,
ITC4B,EMP_R,2,Y55-64,2021,44.036757,
ITC4B,EMP_R,2,Y55-64,2022,47.119928,
ITC4B,EMP_R,2,Y55-64,2023,56.559474,
ITC4B,EMP_R,2,Y55-64,2024,54.59902,
ITC4B,EMP_R,2,Y55-64,2025,49.042215,
ITC4B,EMP_R,9,Y15-24,2018,24.252483,
ITC4B,EMP_R,9,Y15-24,2019,28.180077,
ITC4B,EMP_R,9,Y15-24,2020,24.646326,
ITC4B,EMP_R,9,Y15-24,2021,22.178069,
ITC4B,EMP_R,9,Y15-24,2022,24.161694,
ITC4B,EMP_R,9,Y15-24,2023,25.99621,
ITC4B,EMP_R,9,Y15-24,2024,29.872838,
ITC4B,EMP_R,9,Y15-24,2025,29.986875,
ITC4B,EMP_R,9,Y15-29,2018,38.556341,
ITC4B,EMP_R,9,Y15-29,2019,43.096107,
ITC4B,EMP_R,9,Y15-29,2020,38.837697,
ITC4B,EMP_R,9,Y15-29,2021,40.429341,
ITC4B,EMP_R,9,Y15-29,2022,42.471663,
ITC4B,EMP_R,9,Y15-29,2023,44.917689,
ITC4B,EMP_R,9,Y15-29,2024,46.137727,
ITC4B,EMP_R,9,Y15-29,2025,45.300309,
ITC4B,EMP_R,9,Y15-64,2018,66.279778,
ITC4B,EMP_R,9,Y15-64,2019,68.213739,
ITC4B,EMP_R,9,Y15-64,2020,65.925708,
ITC4B,EMP_R,9,Y15-64,2021,65.938529,
ITC4B,EMP_R,9,Y15-64,2022,69.484541,
ITC4B,EMP_R,9,Y15-64,2023,68.899685,
ITC4B,EMP_R,9,Y15-64,2024,68.990006,
ITC4B,EMP_R,9,Y15-64,2025,68.824687,
ITC4B,EMP_R,9,Y15-89,2018,50.960114,
ITC4B,EMP_R,9,Y15-89,2019,52.399664,
ITC4B,EMP_R,9,Y15-89,2020,51.048738,
ITC4B,EMP_R,9,Y15-89,2021,50.568124,
ITC4B,EMP_R,9,Y15-89,2022,52.696149,
ITC4B,EMP_R,9,Y15-89,2023,52.37349,
ITC4B,EMP_R,9,Y15-89,2024,52.501863,
ITC4B,EMP_R,9,Y15-89,2025,52.50139,
ITC4B,EMP_R,9,Y18-29,2018,47.727628,
ITC4B,EMP_R,9,Y18-29,2019,53.108659,
ITC4B,EMP_R,9,Y18-29,2020,47.778293,
ITC4B,EMP_R,9,Y18-29,2021,49.219078,
ITC4B,EMP_R,9,Y18-29,2022,53.082858,
ITC4B,EMP_R,9,Y18-29,2023,56.308628,
ITC4B,EMP_R,9,Y18-29,2024,57.345152,
ITC4B,EMP_R,9,Y18-29,2025,56.245117,
ITC4B,EMP_R,9,Y20-64,2018,71.069463,
ITC4B,EMP_R,9,Y20-64,2019,72.964536,
ITC4B,EMP_R,9,Y20-64,2020,70.688429,
ITC4B,EMP_R,9,Y20-64,2021,70.861772,
ITC4B,EMP_R,9,Y20-64,2022,74.842397,
ITC4B,EMP_R,9,Y20-64,2023,74.212601,
ITC4B,EMP_R,9,Y20-64,2024,74.06422,
ITC4B,EMP_R,9,Y20-64,2025,73.806462,
ITC4B,EMP_R,9,Y25-34,2018,69.821581,
ITC4B,EMP_R,9,Y25-34,2019,77.378388,
ITC4B,EMP_R,9,Y25-34,2020,70.99196,
ITC4B,EMP_R,9,Y25-34,2021,74.797989,
ITC4B,EMP_R,9,Y25-34,2022,80.093625,
ITC4B,EMP_R,9,Y25-34,2023,79.798676,
ITC4B,EMP_R,9,Y25-34,2024,77.475184,
ITC4B,EMP_R,9,Y25-34,2025,79.010147,
ITC4B,EMP_R,9,Y35-44,2018,83.621498,
ITC4B,EMP_R,9,Y35-44,2019,82.762807,
ITC4B,EMP_R,9,Y35-44,2020,83.071191,
ITC4B,EMP_R,9,Y35-44,2021,84.56745,
ITC4B,EMP_R,9,Y35-44,2022,86.407941,
ITC4B,EMP_R,9,Y35-44,2023,85.879733,
ITC4B,EMP_R,9,Y35-44,2024,85.996214,
ITC4B,EMP_R,9,Y35-44,2025,85.419467,
ITC4B,EMP_R,9,Y45-54,2018,80.149557,
ITC4B,EMP_R,9,Y45-54,2019,80.975815,
ITC4B,EMP_R,9,Y45-54,2020,80.367776,
ITC4B,EMP_R,9,Y45-54,2021,81.452583,
ITC4B,EMP_R,9,Y45-54,2022,86.165661,
ITC4B,EMP_R,9,Y45-54,2023,82.137161,
ITC4B,EMP_R,9,Y45-54,2024,80.813364,
ITC4B,EMP_R,9,Y45-54,2025,81.378468,
ITC4B,EMP_R,9,Y55-64,2018,54.792553,
ITC4B,EMP_R,9,Y55-64,2019,56.30983,
ITC4B,EMP_R,9,Y55-64,2020,56.732079,
ITC4B,EMP_R,9,Y55-64,2021,53.533557,
ITC4B,EMP_R,9,Y55-64,2022,59.227496,
ITC4B,EMP_R,9,Y55-64,2023,61.898149,
ITC4B,EMP_R,9,Y55-64,2024,62.590442,
ITC4B,EMP_R,9,Y55-64,2025,61.065293,
